{"type":"FeatureCollection","updated":"2026-10-09","features":[{"type":"Feature","id":1,"geometry":{"type":"Point","coordinates":[-0.180766,51.533614]},"properties":{"site":"Abbey Gardens","location":"At Or Outside 18","lamp_column":"5","operator":"Shell Recharge","speed_class":"lccp","speeds":"5.5kW","bays":1,"bay_types":"LCCP","dedicated":false,"status":"installed","ward":"Abbey Road","cp_ids":"801623"}},{"type":"Feature","id":2,"geometry":{"type":"Point","coordinates":[-0.180931,51.533444]},"properties":{"site":"Abbey Gardens","location":"At Or Outside 27","lamp_column":"6","operator":"Shell Recharge","speed_class":"lccp","speeds":"5.5kW","bays":1,"bay_types":"LCCP","dedicated":false,"status":"installed","ward":"Abbey Road","cp_ids":"801622"}},{"type":"Feature","id":3,"geometry":{"type":"Point","coordinates":[-0.131844,51.498149]},"properties":{"site":"Abbey Orchard Street","location":"Side Of 4","lamp_column":"7","operator":"Shell Recharge","speed_class":"lccp","speeds":"5.5kW","bays":1,"bay_types":"LCCP","dedicated":false,"status":"installed","ward":"St James's","cp_ids":"807289"}},{"type":"Feature","id":4,"geometry":{"type":"Point","coordinates":[-0.180504,51.532537]},"properties":{"site":"Abercorn Place","location":"At Or Outside 14","lamp_column":"5","operator":"Shell Recharge","speed_class":"lccp","speeds":"5.5kW","bays":1,"bay_types":"LCCP - Dedicated","dedicated":true,"status":"installed","ward":"Abbey Road","cp_ids":"606870"}},{"type":"Feature","id":5,"geometry":{"type":"Point","coordinates":[-0.183221,51.531185]},"properties":{"site":"Abercorn Place","location":"At Or Outside 2 Abercorn Cottages","lamp_column":"13","operator":"Shell Recharge","speed_class":"lccp","speeds":"5.5kW","bays":1,"bay_types":"LCCP","dedicated":false,"status":"installed","ward":"Abbey Road","cp_ids":"602079"}},{"type":"Feature","id":6,"geometry":{"type":"Point","coordinates":[-0.181945,51.53182]},"properties":{"site":"Abercorn Place","location":"At Or Outside 2a","lamp_column":"9","operator":"Shell Recharge","speed_class":"lccp","speeds":"5.5kW","bays":1,"bay_types":"LCCP","dedicated":false,"status":"installed","ward":"Abbey Road","cp_ids":"606871"}},{"type":"Feature","id":7,"geometry":{"type":"Point","coordinates":[-0.179801,51.532877]},"properties":{"site":"Abercorn Place","location":"At Or Outside 30","lamp_column":"3","operator":"Shell Recharge","speed_class":"lccp","speeds":"5.5kW","bays":1,"bay_types":"LCCP","dedicated":false,"status":"installed","ward":"Abbey Road","cp_ids":"801939"}},{"type":"Feature","id":8,"geometry":{"type":"Point","coordinates":[-0.181535,51.532163]},"properties":{"site":"Abercorn Place","location":"At Or Outside Church Hall","lamp_column":"8","operator":"Shell Recharge","speed_class":"lccp","speeds":"5.5kW","bays":1,"bay_types":"LCCP - Dedicated","dedicated":true,"status":"installed","ward":"Abbey Road","cp_ids":"602080"}},{"type":"Feature","id":9,"geometry":{"type":"Point","coordinates":[-0.183625,51.531138]},"properties":{"site":"Abercorn Place","location":"At Or Outside Warner House","lamp_column":"14","operator":"Shell Recharge","speed_class":"lccp","speeds":"5.5kW","bays":1,"bay_types":"LCCP","dedicated":false,"status":"installed","ward":"Abbey Road","cp_ids":"602081"}},{"type":"Feature","id":10,"geometry":{"type":"Point","coordinates":[-0.183552,51.531251]},"properties":{"site":"Abercorn Place","location":"Side Of 56 Maida Vale","lamp_column":null,"operator":"TotalEnergies","speed_class":"fast","speeds":"7kW, 22kW","bays":4,"bay_types":"EV Bay","dedicated":true,"status":"installed","ward":"Abbey Road","cp_ids":"9860001231, 9860001260, 9860001838"}},{"type":"Feature","id":11,"geometry":{"type":"Point","coordinates":[-0.174706,51.525675]},"properties":{"site":"Aberdeen Place","location":"Junction With Victoria Passage","lamp_column":"7","operator":"Shell Recharge","speed_class":"lccp","speeds":"5.5kW","bays":1,"bay_types":"LCCP","dedicated":false,"status":"installed","ward":"Abbey Road","cp_ids":"801933"}},{"type":"Feature","id":12,"geometry":{"type":"Point","coordinates":[-0.176034,51.525007]},"properties":{"site":"Aberdeen Place","location":"Opposite Northwick Terrace","lamp_column":null,"operator":"ESB","speed_class":"rapid","speeds":"50kW","bays":1,"bay_types":"EV Bay","dedicated":true,"status":"installed","ward":"Church Street","cp_ids":"UT05UX"}},{"type":"Feature","id":13,"geometry":{"type":"Point","coordinates":[-0.170007,51.536697]},"properties":{"site":"Acacia Road","location":"At Or Outside 38","lamp_column":"14","operator":"Shell Recharge","speed_class":"lccp","speeds":"5.5kW","bays":1,"bay_types":"LCCP","dedicated":false,"status":"installed","ward":"Regent's Park","cp_ids":"806756"}},{"type":"Feature","id":14,"geometry":{"type":"Point","coordinates":[-0.172259,51.535146]},"properties":{"site":"Acacia Road","location":"At Or Outside 3a","lamp_column":"6","operator":"Shell Recharge","speed_class":"lccp","speeds":"5.5kW","bays":1,"bay_types":"LCCP","dedicated":false,"status":"installed","ward":"Regent's Park","cp_ids":"806415"}},{"type":"Feature","id":15,"geometry":{"type":"Point","coordinates":[-0.171694,51.535556]},"properties":{"site":"Acacia Road","location":"At Or Outside 50","lamp_column":"8","operator":"Shell Recharge","speed_class":"lccp","speeds":"5.5kW","bays":1,"bay_types":"LCCP","dedicated":false,"status":"installed","ward":"Regent's Park","cp_ids":"801945"}},{"type":"Feature","id":16,"geometry":{"type":"Point","coordinates":[-0.171514,51.535636]},"properties":{"site":"Acacia Road","location":"Opposite 9 Acacia Road","lamp_column":null,"operator":"TotalEnergies","speed_class":"fast","speeds":"22kW","bays":2,"bay_types":"EV Bay","dedicated":true,"status":"installed","ward":"Regent's Park","cp_ids":null}},{"type":"Feature","id":17,"geometry":{"type":"Point","coordinates":[-0.170138,51.53645]},"properties":{"site":"Acacia Road","location":"Outside 21","lamp_column":"13","operator":"Shell Recharge","speed_class":"lccp","speeds":"5.5kW","bays":1,"bay_types":"LCCP","dedicated":false,"status":"installed","ward":"Regent's Park","cp_ids":"801716"}},{"type":"Feature","id":18,"geometry":{"type":"Point","coordinates":[-0.174896,51.522727]},"properties":{"site":"Adpar Street","location":"At Or Outside 1a","lamp_column":"1","operator":"Shell Recharge","speed_class":"lccp","speeds":"5.5kW","bays":1,"bay_types":"LCCP","dedicated":false,"status":"installed","ward":"Little Venice","cp_ids":"808007"}},{"type":"Feature","id":19,"geometry":{"type":"Point","coordinates":[-0.174428,51.522387]},"properties":{"site":"Adpar Street","location":"At Or Outside Devonshire House","lamp_column":"3","operator":"Shell Recharge","speed_class":"lccp","speeds":"5.5kW","bays":1,"bay_types":"LCCP - Dedicated","dedicated":true,"status":"installed","ward":"Little Venice","cp_ids":"606527"}},{"type":"Feature","id":20,"geometry":{"type":"Point","coordinates":[-0.14293,51.509983]},"properties":{"site":"Albemarle Street","location":"Outside 21","lamp_column":null,"operator":"TotalEnergies","speed_class":"fast","speeds":"22kW","bays":2,"bay_types":"EV Bay","dedicated":true,"status":"installed","ward":"West End","cp_ids":"TBC"}},{"type":"Feature","id":21,"geometry":{"type":"Point","coordinates":[-0.166865,51.513402]},"properties":{"site":"Albion Street","location":"At Or Outside 7","lamp_column":"5","operator":"Shell Recharge","speed_class":"lccp","speeds":"5.5kW","bays":1,"bay_types":"LCCP","dedicated":false,"status":"installed","ward":"Hyde Park","cp_ids":"805004"}},{"type":"Feature","id":22,"geometry":{"type":"Point","coordinates":[-0.166915,51.513589]},"properties":{"site":"Albion Street","location":"Outside 10-11","lamp_column":"4","operator":"Shell Recharge","speed_class":"lccp","speeds":"5.5kW","bays":1,"bay_types":"LCCP","dedicated":false,"status":"installed","ward":"Hyde Park","cp_ids":"809261"}},{"type":"Feature","id":23,"geometry":{"type":"Point","coordinates":[-0.166677,51.513295]},"properties":{"site":"Albion Street","location":"Outside No. 42","lamp_column":"6","operator":"Shell Recharge","speed_class":"lccp","speeds":"5.5kW","bays":1,"bay_types":"LCCP - Dedicated","dedicated":true,"status":"installed","ward":"Hyde Park","cp_ids":"606828"}},{"type":"Feature","id":24,"geometry":{"type":"Point","coordinates":[-0.166575,51.512896]},"properties":{"site":"Albion Street","location":"Side Of 43-56 Albion Gate","lamp_column":"8","operator":"Shell Recharge","speed_class":"lccp","speeds":"5.5kW","bays":1,"bay_types":"LCCP","dedicated":false,"status":"installed","ward":"Hyde Park","cp_ids":"801725"}},{"type":"Feature","id":25,"geometry":{"type":"Point","coordinates":[-0.14365,51.489528]},"properties":{"site":"Alderney Street","location":"At Or Outside 85","lamp_column":"8","operator":"Shell Recharge","speed_class":"lccp","speeds":"5.5kW","bays":1,"bay_types":"LCCP","dedicated":false,"status":"installed","ward":"Pimlico North","cp_ids":"801345"}},{"type":"Feature","id":26,"geometry":{"type":"Point","coordinates":[-0.142041,51.488777]},"properties":{"site":"Alderney Street","location":"At Or Outside No. 55 Gloucester St","lamp_column":"12","operator":"Shell Recharge","speed_class":"lccp","speeds":"5.5kW","bays":1,"bay_types":"LCCP","dedicated":false,"status":"installed","ward":"Pimlico North","cp_ids":null}},{"type":"Feature","id":27,"geometry":{"type":"Point","coordinates":[-0.200011,51.51893]},"properties":{"site":"Aldridge Road Villas","location":"At Or Outside 11","lamp_column":"7","operator":"Shell Recharge","speed_class":"lccp","speeds":"5.5kW","bays":1,"bay_types":"LCCP - Dedicated","dedicated":true,"status":"installed","ward":"Westbourne","cp_ids":"809841"}},{"type":"Feature","id":28,"geometry":{"type":"Point","coordinates":[-0.200125,51.519064]},"properties":{"site":"Aldridge Road Villas","location":"At Or Outside 15","lamp_column":"6","operator":"Shell Recharge","speed_class":"lccp","speeds":"5.5kW","bays":1,"bay_types":"LCCP - Dedicated","dedicated":true,"status":"installed","ward":"Westbourne","cp_ids":"809842"}},{"type":"Feature","id":29,"geometry":{"type":"Point","coordinates":[-0.200441,51.519248]},"properties":{"site":"Aldridge Road Villas","location":"At Or Outside 26","lamp_column":"5","operator":"Shell Recharge","speed_class":"lccp","speeds":"5.5kW","bays":1,"bay_types":"LCCP","dedicated":false,"status":"installed","ward":"Westbourne","cp_ids":"809203"}},{"type":"Feature","id":30,"geometry":{"type":"Point","coordinates":[-0.200645,51.519479]},"properties":{"site":"Aldridge Road Villas","location":"At Or Outside 34","lamp_column":"4","operator":"Shell Recharge","speed_class":"lccp","speeds":"5.5kW","bays":1,"bay_types":"LCCP","dedicated":false,"status":"installed","ward":"Westbourne","cp_ids":"805179"}},{"type":"Feature","id":31,"geometry":{"type":"Point","coordinates":[-0.200833,51.519693]},"properties":{"site":"Aldridge Road Villas","location":"At Or Outside 40","lamp_column":"3","operator":"Shell Recharge","speed_class":"lccp","speeds":"5.5kW","bays":1,"bay_types":"LCCP","dedicated":false,"status":"installed","ward":"Westbourne","cp_ids":"805242"}},{"type":"Feature","id":32,"geometry":{"type":"Point","coordinates":[-0.200914,51.519951]},"properties":{"site":"Aldridge Road Villas","location":"At Or Outside 47","lamp_column":"2","operator":"Shell Recharge","speed_class":"lccp","speeds":"5.5kW","bays":1,"bay_types":"LCCP - Dedicated","dedicated":true,"status":"installed","ward":"Westbourne","cp_ids":"809844"}},{"type":"Feature","id":33,"geometry":{"type":"Point","coordinates":[-0.199683,51.518402]},"properties":{"site":"Aldridge Road Villas","location":"Side Of Westbury House","lamp_column":"9","operator":"Shell Recharge","speed_class":"lccp","speeds":"5.5kW","bays":1,"bay_types":"LCCP","dedicated":false,"status":"installed","ward":"Westbourne","cp_ids":"805234"}},{"type":"Feature","id":34,"geometry":{"type":"Point","coordinates":[-0.192561,51.517358]},"properties":{"site":"Alexander Street","location":"Opposite 10","lamp_column":"5","operator":"Shell Recharge","speed_class":"lccp","speeds":"5.5kW","bays":1,"bay_types":"LCCP","dedicated":false,"status":"installed","ward":"Bayswater","cp_ids":"807411"}},{"type":"Feature","id":35,"geometry":{"type":"Point","coordinates":[-0.19225,51.516498]},"properties":{"site":"Alexander Street","location":"Opposite 26","lamp_column":"9","operator":"Shell Recharge","speed_class":"lccp","speeds":"5.5kW","bays":1,"bay_types":"LCCP - Dedicated","dedicated":true,"status":"installed","ward":"Bayswater","cp_ids":"602807"}},{"type":"Feature","id":36,"geometry":{"type":"Point","coordinates":[-0.194446,51.521126]},"properties":{"site":"Alfred Road","location":"Opposite Harbour Club","lamp_column":"5","operator":"Shell Recharge","speed_class":"lccp","speeds":"5.5kW","bays":1,"bay_types":"LCCP - Dedicated","dedicated":true,"status":"installed","ward":"Westbourne","cp_ids":"605119"}},{"type":"Feature","id":37,"geometry":{"type":"Point","coordinates":[-0.194749,51.520978]},"properties":{"site":"Alfred Road","location":"Opposite Oversley House","lamp_column":"6","operator":"Shell Recharge","speed_class":"lccp","speeds":"5.5kW","bays":1,"bay_types":"LCCP","dedicated":false,"status":"installed","ward":"Westbourne","cp_ids":"806926"}},{"type":"Feature","id":38,"geometry":{"type":"Point","coordinates":[-0.195208,51.520964]},"properties":{"site":"Alfred Road","location":"Opposite Playground","lamp_column":"7","operator":"Shell Recharge","speed_class":"lccp","speeds":"5.5kW","bays":1,"bay_types":"LCCP - Dedicated","dedicated":true,"status":"installed","ward":"Westbourne","cp_ids":"606671"}},{"type":"Feature","id":39,"geometry":{"type":"Point","coordinates":[-0.170081,51.533594]},"properties":{"site":"Allitsen Road","location":"At Or Outside 31-40 Avenue House","lamp_column":"S2","operator":"Shell Recharge","speed_class":"lccp","speeds":"5.5kW","bays":1,"bay_types":"LCCP","dedicated":false,"status":"installed","ward":"Regent's Park","cp_ids":"807588"}},{"type":"Feature","id":40,"geometry":{"type":"Point","coordinates":[-0.166372,51.535126]},"properties":{"site":"Allitsen Road","location":"At Or Outside 42-51 Townshend Curt","lamp_column":"12","operator":"Shell Recharge","speed_class":"lccp","speeds":"5.5kW","bays":1,"bay_types":"LCCP - Dedicated","dedicated":true,"status":"installed","ward":"Regent's Park","cp_ids":"605280"}},{"type":"Feature","id":41,"geometry":{"type":"Point","coordinates":[-0.169197,51.533871]},"properties":{"site":"Allitsen Road","location":"At Or Outside 83","lamp_column":"4","operator":"Shell Recharge","speed_class":"lccp","speeds":"5.5kW","bays":1,"bay_types":"LCCP","dedicated":false,"status":"installed","ward":"Regent's Park","cp_ids":"801899"}},{"type":"Feature","id":42,"geometry":{"type":"Point","coordinates":[-0.167472,51.534736]},"properties":{"site":"Allitsen Road","location":"Opposite Eamont Street","lamp_column":"9","operator":"Shell Recharge","speed_class":"lccp","speeds":"5.5kW","bays":1,"bay_types":"LCCP","dedicated":false,"status":"installed","ward":"Regent's Park","cp_ids":"806248"}},{"type":"Feature","id":43,"geometry":{"type":"Point","coordinates":[-0.179886,51.531086]},"properties":{"site":"Alma Square","location":"At Or Outside 26/27","lamp_column":"8","operator":"Shell Recharge","speed_class":"lccp","speeds":"5.5kW","bays":1,"bay_types":"LCCP","dedicated":false,"status":"installed","ward":"Abbey Road","cp_ids":"806391"}},{"type":"Feature","id":44,"geometry":{"type":"Point","coordinates":[-0.17974,51.531157]},"properties":{"site":"Alma Square","location":"At Or Outside 28/29","lamp_column":"7","operator":"Shell Recharge","speed_class":"lccp","speeds":"5.5kW","bays":1,"bay_types":"LCCP","dedicated":false,"status":"installed","ward":"Abbey Road","cp_ids":"806393"}},{"type":"Feature","id":45,"geometry":{"type":"Point","coordinates":[-0.178787,51.531567]},"properties":{"site":"Alma Square","location":"At Or Outside 40/41","lamp_column":"4","operator":"Shell Recharge","speed_class":"lccp","speeds":"5.5kW","bays":1,"bay_types":"LCCP","dedicated":false,"status":"installed","ward":"Abbey Road","cp_ids":"801158"}},{"type":"Feature","id":46,"geometry":{"type":"Point","coordinates":[-0.180344,51.531158]},"properties":{"site":"Alma Square","location":"O/S No. 18","lamp_column":"10","operator":"Shell Recharge","speed_class":"lccp","speeds":"5.5kW","bays":1,"bay_types":"LCCP","dedicated":false,"status":"installed","ward":"Abbey Road","cp_ids":"806740"}},{"type":"Feature","id":47,"geometry":{"type":"Point","coordinates":[-0.180175,51.530957]},"properties":{"site":"Alma Square","location":"O/S No.23/24","lamp_column":"9","operator":"Shell Recharge","speed_class":"lccp","speeds":"5.5kW","bays":1,"bay_types":"LCCP","dedicated":false,"status":"installed","ward":"Abbey Road","cp_ids":"806744"}},{"type":"Feature","id":48,"geometry":{"type":"Point","coordinates":[-0.180499,51.531523]},"properties":{"site":"Alma Square","location":"Opposite No.12","lamp_column":"12","operator":"Shell Recharge","speed_class":"lccp","speeds":"5.5kW","bays":1,"bay_types":"LCCP","dedicated":false,"status":"installed","ward":"Abbey Road","cp_ids":"805168"}},{"type":"Feature","id":49,"geometry":{"type":"Point","coordinates":[-0.180324,51.531348]},"properties":{"site":"Alma Square","location":"Opposite No.14/15","lamp_column":"11","operator":"Shell Recharge","speed_class":"lccp","speeds":"5.5kW","bays":1,"bay_types":"LCCP","dedicated":false,"status":"installed","ward":"Abbey Road","cp_ids":"805015"}},{"type":"Feature","id":50,"geometry":{"type":"Point","coordinates":[-0.179479,51.531873]},"properties":{"site":"Alma Square","location":"Outside 1","lamp_column":"1","operator":"Shell Recharge","speed_class":"lccp","speeds":"5.5kW","bays":1,"bay_types":"LCCP","dedicated":false,"status":"installed","ward":"Abbey Road","cp_ids":"801157"}},{"type":"Feature","id":51,"geometry":{"type":"Point","coordinates":[-0.206988,51.526959]},"properties":{"site":"Alperton Street","location":"At Or Outside 28-30","lamp_column":"1","operator":"Shell Recharge","speed_class":"lccp","speeds":"5.5kW","bays":1,"bay_types":"LCCP","dedicated":false,"status":"installed","ward":"Queen's Park","cp_ids":"808140"}},{"type":"Feature","id":52,"geometry":{"type":"Point","coordinates":[-0.206462,51.526824]},"properties":{"site":"Alperton Street","location":"Opposite Barfett Street","lamp_column":"2","operator":"Shell Recharge","speed_class":"lccp","speeds":"5.5kW","bays":1,"bay_types":"LCCP","dedicated":false,"status":"installed","ward":"Queen's Park","cp_ids":"808145"}},{"type":"Feature","id":53,"geometry":{"type":"Point","coordinates":[-0.191972,51.523203]},"properties":{"site":"Amberley Road","location":"At Or Outside 56","lamp_column":"6","operator":"Shell Recharge","speed_class":"lccp","speeds":"5.5kW","bays":1,"bay_types":"LCCP","dedicated":false,"status":"installed","ward":"Westbourne","cp_ids":"806931"}},{"type":"Feature","id":54,"geometry":{"type":"Point","coordinates":[-0.193044,51.522864]},"properties":{"site":"Amberley Road","location":"At Or Outside 70","lamp_column":"3","operator":"Shell Recharge","speed_class":"lccp","speeds":"5.5kW","bays":1,"bay_types":"LCCP","dedicated":false,"status":"installed","ward":"Westbourne","cp_ids":"806936"}},{"type":"Feature","id":55,"geometry":{"type":"Point","coordinates":[-0.192589,51.523032]},"properties":{"site":"Amberley Road","location":"At Or Outside No 65","lamp_column":"4","operator":"Shell Recharge","speed_class":"lccp","speeds":"5.5kW","bays":1,"bay_types":"LCCP","dedicated":false,"status":"installed","ward":"Westbourne","cp_ids":"806937"}},{"type":"Feature","id":56,"geometry":{"type":"Point","coordinates":[-0.192254,51.523114]},"properties":{"site":"Amberley Road","location":"Outside No 60","lamp_column":"5","operator":"Shell Recharge","speed_class":"lccp","speeds":"5.5kW","bays":1,"bay_types":"LCCP","dedicated":false,"status":"installed","ward":"Westbourne","cp_ids":"806934"}},{"type":"Feature","id":57,"geometry":{"type":"Point","coordinates":[-0.139496,51.496479]},"properties":{"site":"Ambrosden Avenue","location":"O/S 1-14","lamp_column":"3","operator":"Shell Recharge","speed_class":"lccp","speeds":"5.5kW","bays":1,"bay_types":"LCCP","dedicated":false,"status":"installed","ward":"Vincent Square","cp_ids":"807148"}},{"type":"Feature","id":58,"geometry":{"type":"Point","coordinates":[-0.139458,51.496703]},"properties":{"site":"Ambrosden Avenue","location":"Opposite Ashley Gardens","lamp_column":"1","operator":"Shell Recharge","speed_class":"lccp","speeds":"5.5kW","bays":1,"bay_types":"LCCP","dedicated":false,"status":"installed","ward":"Vincent Square","cp_ids":"807146"}},{"type":"Feature","id":59,"geometry":{"type":"Point","coordinates":[-0.139671,51.496573]},"properties":{"site":"Ambrosden Avenue","location":"Opposite Westminster Catherdral","lamp_column":"2","operator":"Shell Recharge","speed_class":"lccp","speeds":"5.5kW","bays":1,"bay_types":"LCCP","dedicated":false,"status":"installed","ward":"Vincent Square","cp_ids":"807144"}},{"type":"Feature","id":60,"geometry":{"type":"Point","coordinates":[-0.189731,51.534204]},"properties":{"site":"Andover Place","location":"At Or Outside Dibdin House","lamp_column":"4","operator":"Shell Recharge","speed_class":"lccp","speeds":"5.5kW","bays":1,"bay_types":"LCCP","dedicated":false,"status":"installed","ward":"Maida Vale","cp_ids":"807119"}},{"type":"Feature","id":61,"geometry":{"type":"Point","coordinates":[-0.13186,51.495198]},"properties":{"site":"Arneway Street","location":"Opposite Cardinal Hume Centre","lamp_column":"4","operator":"Shell Recharge","speed_class":"lccp","speeds":"5.5kW","bays":1,"bay_types":"LCCP","dedicated":false,"status":"installed","ward":"St James's","cp_ids":"807282"}},{"type":"Feature","id":62,"geometry":{"type":"Point","coordinates":[-0.196066,51.515587]},"properties":{"site":"Artesian Road","location":"At Or Outside 15","lamp_column":"9","operator":"Shell Recharge","speed_class":"lccp","speeds":"5.5kW","bays":1,"bay_types":"LCCP - Dedicated","dedicated":true,"status":"installed","ward":"Bayswater","cp_ids":"602804"}},{"type":"Feature","id":63,"geometry":{"type":"Point","coordinates":[-0.19642,51.515638]},"properties":{"site":"Artesian Road","location":"At Or Outside 16","lamp_column":"8","operator":"Shell Recharge","speed_class":"lccp","speeds":"5.5kW","bays":1,"bay_types":"LCCP","dedicated":false,"status":"installed","ward":"Bayswater","cp_ids":"602801"}},{"type":"Feature","id":64,"geometry":{"type":"Point","coordinates":[-0.197763,51.515503]},"properties":{"site":"Artesian Road","location":"At Or Outside 41","lamp_column":"5","operator":"Shell Recharge","speed_class":"lccp","speeds":"5.5kW","bays":1,"bay_types":"LCCP - Dedicated","dedicated":true,"status":"installed","ward":"Bayswater","cp_ids":"602820"}},{"type":"Feature","id":65,"geometry":{"type":"Point","coordinates":[-0.199017,51.515587]},"properties":{"site":"Artesian Road","location":"Opposite 73","lamp_column":"2","operator":"Shell Recharge","speed_class":"lccp","speeds":"5.5kW","bays":1,"bay_types":"LCCP - Dedicated","dedicated":true,"status":"installed","ward":"Bayswater","cp_ids":"602802"}},{"type":"Feature","id":66,"geometry":{"type":"Point","coordinates":[-0.199048,51.515524]},"properties":{"site":"Artesian Road","location":"West Of No. 73 Artesian Road","lamp_column":null,"operator":"TotalEnergies","speed_class":"fast","speeds":"22kW","bays":2,"bay_types":"EV Bay","dedicated":true,"status":"installed","ward":"Bayswater","cp_ids":null}},{"type":"Feature","id":67,"geometry":{"type":"Point","coordinates":[-0.135527,51.49695]},"properties":{"site":"Artillery Row","location":"Opposite 16","lamp_column":"2","operator":"Shell Recharge","speed_class":"lccp","speeds":"5.5kW","bays":1,"bay_types":"LCCP","dedicated":false,"status":"installed","ward":"St James's","cp_ids":"807284"}},{"type":"Feature","id":68,"geometry":{"type":"Point","coordinates":[-0.113994,51.511616]},"properties":{"site":"Arundel Street","location":"Near 24m From Temple Place","lamp_column":"10","operator":"Shell Recharge","speed_class":"lccp","speeds":"5.5kW","bays":1,"bay_types":"LCCP","dedicated":false,"status":"installed","ward":"St James's","cp_ids":"807527"}},{"type":"Feature","id":69,"geometry":{"type":"Point","coordinates":[-0.114427,51.512394]},"properties":{"site":"Arundel Street","location":"Opposite 25m From Aldwych","lamp_column":"4","operator":"Shell Recharge","speed_class":"lccp","speeds":"5.5kW","bays":1,"bay_types":"LCCP","dedicated":false,"status":"installed","ward":"St James's","cp_ids":"807529"}},{"type":"Feature","id":70,"geometry":{"type":"Point","coordinates":[-0.114253,51.512361]},"properties":{"site":"Arundel Street","location":"Outside 2","lamp_column":null,"operator":"To be confirmed","speed_class":"rapid","speeds":"50-100kW","bays":1,"bay_types":"EV Bay","dedicated":true,"status":"planned","ward":"St James's","cp_ids":null}},{"type":"Feature","id":71,"geometry":{"type":"Point","coordinates":[-0.168213,51.523459]},"properties":{"site":"Ashbridge Street","location":"At Or Outside 10","lamp_column":"5","operator":"Shell Recharge","speed_class":"lccp","speeds":"5.5kW","bays":1,"bay_types":"LCCP","dedicated":false,"status":"installed","ward":"Church Street","cp_ids":"801787"}},{"type":"Feature","id":72,"geometry":{"type":"Point","coordinates":[-0.166743,51.522738]},"properties":{"site":"Ashmill Street","location":"At Or Outside 90","lamp_column":"3","operator":"Shell Recharge","speed_class":"lccp","speeds":"5.5kW","bays":1,"bay_types":"LCCP","dedicated":false,"status":"installed","ward":"Church Street","cp_ids":"805109"}},{"type":"Feature","id":73,"geometry":{"type":"Point","coordinates":[-0.202724,51.528187]},"properties":{"site":"Ashmore Road","location":"At Or Outside 110","lamp_column":"23","operator":"Shell Recharge","speed_class":"lccp","speeds":"5.5kW","bays":1,"bay_types":"LCCP","dedicated":false,"status":"installed","ward":"Harrow Road","cp_ids":"807608"}},{"type":"Feature","id":74,"geometry":{"type":"Point","coordinates":[-0.202647,51.528655]},"properties":{"site":"Ashmore Road","location":"At Or Outside 128/130","lamp_column":"21","operator":"Shell Recharge","speed_class":"lccp","speeds":"5.5kW","bays":1,"bay_types":"LCCP","dedicated":false,"status":"installed","ward":"Harrow Road","cp_ids":"807604"}},{"type":"Feature","id":75,"geometry":{"type":"Point","coordinates":[-0.202749,51.53014]},"properties":{"site":"Ashmore Road","location":"At Or Outside 137/139","lamp_column":"14","operator":"Shell Recharge","speed_class":"lccp","speeds":"5.5kW","bays":1,"bay_types":"LCCP","dedicated":false,"status":"installed","ward":"Queen's Park","cp_ids":"807726"}},{"type":"Feature","id":76,"geometry":{"type":"Point","coordinates":[-0.202952,51.530581]},"properties":{"site":"Ashmore Road","location":"At Or Outside 155/157","lamp_column":"12","operator":"Shell Recharge","speed_class":"lccp","speeds":"5.5kW","bays":1,"bay_types":"LCCP","dedicated":false,"status":"installed","ward":"Queen's Park","cp_ids":"802265"}},{"type":"Feature","id":77,"geometry":{"type":"Point","coordinates":[-0.202818,51.529944]},"properties":{"site":"Ashmore Road","location":"At Or Outside 164/166","lamp_column":"15","operator":"Shell Recharge","speed_class":"lccp","speeds":"5.5kW","bays":1,"bay_types":"LCCP","dedicated":false,"status":"installed","ward":"Queen's Park","cp_ids":"605113"}},{"type":"Feature","id":78,"geometry":{"type":"Point","coordinates":[-0.203153,51.530986]},"properties":{"site":"Ashmore Road","location":"At Or Outside 173","lamp_column":"10","operator":"Shell Recharge","speed_class":"lccp","speeds":"5.5kW","bays":1,"bay_types":"LCCP","dedicated":false,"status":"installed","ward":"Queen's Park","cp_ids":"807591"}},{"type":"Feature","id":79,"geometry":{"type":"Point","coordinates":[-0.20298,51.530348]},"properties":{"site":"Ashmore Road","location":"At Or Outside 180","lamp_column":"13","operator":"Shell Recharge","speed_class":"lccp","speeds":"5.5kW","bays":1,"bay_types":"LCCP","dedicated":false,"status":"installed","ward":"Queen's Park","cp_ids":"605116"}},{"type":"Feature","id":80,"geometry":{"type":"Point","coordinates":[-0.203381,51.531465]},"properties":{"site":"Ashmore Road","location":"At Or Outside 187/189","lamp_column":"8","operator":"Shell Recharge","speed_class":"lccp","speeds":"5.5kW","bays":1,"bay_types":"LCCP","dedicated":false,"status":"installed","ward":"Queen's Park","cp_ids":"807590"}},{"type":"Feature","id":81,"geometry":{"type":"Point","coordinates":[-0.203179,51.53076]},"properties":{"site":"Ashmore Road","location":"At Or Outside 196/198","lamp_column":"11","operator":"Shell Recharge","speed_class":"lccp","speeds":"5.5kW","bays":1,"bay_types":"LCCP","dedicated":false,"status":"installed","ward":"Queen's Park","cp_ids":"605115"}},{"type":"Feature","id":82,"geometry":{"type":"Point","coordinates":[-0.20359,51.531889]},"properties":{"site":"Ashmore Road","location":"At Or Outside 205","lamp_column":"6","operator":"Shell Recharge","speed_class":"lccp","speeds":"5.5kW","bays":1,"bay_types":"LCCP","dedicated":false,"status":"installed","ward":"Queen's Park","cp_ids":"802248"}},{"type":"Feature","id":83,"geometry":{"type":"Point","coordinates":[-0.203622,51.531672]},"properties":{"site":"Ashmore Road","location":"At Or Outside 228","lamp_column":"7","operator":"Shell Recharge","speed_class":"lccp","speeds":"5.5kW","bays":1,"bay_types":"LCCP - Dedicated","dedicated":true,"status":"installed","ward":"Queen's Park","cp_ids":"605117"}},{"type":"Feature","id":84,"geometry":{"type":"Point","coordinates":[-0.203122,51.525995]},"properties":{"site":"Ashmore Road","location":"At Or Outside 22b","lamp_column":"31","operator":"Shell Recharge","speed_class":"lccp","speeds":"5.5kW","bays":1,"bay_types":"LCCP","dedicated":false,"status":"installed","ward":"Harrow Road","cp_ids":"605154"}},{"type":"Feature","id":85,"geometry":{"type":"Point","coordinates":[-0.203813,51.532066]},"properties":{"site":"Ashmore Road","location":"At Or Outside 244/246","lamp_column":"5","operator":"Shell Recharge","speed_class":"lccp","speeds":"5.5kW","bays":1,"bay_types":"LCCP","dedicated":false,"status":"installed","ward":"Queen's Park","cp_ids":"605149"}},{"type":"Feature","id":86,"geometry":{"type":"Point","coordinates":[-0.203908,51.532582]},"properties":{"site":"Ashmore Road","location":"At Or Outside 264","lamp_column":"3","operator":"Shell Recharge","speed_class":"lccp","speeds":"5.5kW","bays":1,"bay_types":"LCCP","dedicated":false,"status":"installed","ward":"Queen's Park","cp_ids":"802254"}},{"type":"Feature","id":87,"geometry":{"type":"Point","coordinates":[-0.202997,51.526658]},"properties":{"site":"Ashmore Road","location":"At Or Outside 50b","lamp_column":"29","operator":"Shell Recharge","speed_class":"lccp","speeds":"5.5kW","bays":1,"bay_types":"LCCP","dedicated":false,"status":"installed","ward":"Harrow Road","cp_ids":"802238"}},{"type":"Feature","id":88,"geometry":{"type":"Point","coordinates":[-0.203257,51.525243]},"properties":{"site":"Ashmore Road","location":"At Or Outside 520 Harrow Rd","lamp_column":"34","operator":"Shell Recharge","speed_class":"lccp","speeds":"5.5kW","bays":1,"bay_types":"LCCP","dedicated":false,"status":"installed","ward":"Harrow Road","cp_ids":"809533"}},{"type":"Feature","id":89,"geometry":{"type":"Point","coordinates":[-0.202912,51.526322]},"properties":{"site":"Ashmore Road","location":"At Or Outside 7-29","lamp_column":"30","operator":"Shell Recharge","speed_class":"lccp","speeds":"5.5kW","bays":1,"bay_types":"LCCP","dedicated":false,"status":"installed","ward":"Harrow Road","cp_ids":"605155"}},{"type":"Feature","id":90,"geometry":{"type":"Point","coordinates":[-0.203189,51.52564]},"properties":{"site":"Ashmore Road","location":"At Or Outside 8","lamp_column":"32","operator":"Shell Recharge","speed_class":"lccp","speeds":"5.5kW","bays":1,"bay_types":"LCCP","dedicated":false,"status":"installed","ward":"Harrow Road","cp_ids":"807609"}},{"type":"Feature","id":91,"geometry":{"type":"Point","coordinates":[-0.202819,51.527654]},"properties":{"site":"Ashmore Road","location":"At Or Outside 88","lamp_column":"25","operator":"Shell Recharge","speed_class":"lccp","speeds":"5.5kW","bays":1,"bay_types":"LCCP - Dedicated","dedicated":true,"status":"installed","ward":"Harrow Road","cp_ids":"605152"}},{"type":"Feature","id":92,"geometry":{"type":"Point","coordinates":[-0.203788,51.532708]},"properties":{"site":"Ashmore Road","location":"At Or Outside Church","lamp_column":"2","operator":"Shell Recharge","speed_class":"lccp","speeds":"5.5kW","bays":1,"bay_types":"LCCP","dedicated":false,"status":"installed","ward":"Queen's Park","cp_ids":"802253"}},{"type":"Feature","id":93,"geometry":{"type":"Point","coordinates":[-0.203087,51.525528]},"properties":{"site":"Ashmore Road","location":"O/S Jubilee School, Near J/W Harrow Rd","lamp_column":null,"operator":"To be confirmed","speed_class":"rapid","speeds":"50-100kW","bays":1,"bay_types":"EV Bay","dedicated":true,"status":"planned","ward":"Harrow Road","cp_ids":null}},{"type":"Feature","id":94,"geometry":{"type":"Point","coordinates":[-0.203082,51.525527]},"properties":{"site":"Ashmore Road","location":"O/S Jubilee School, Near J/W Harrow Rd","lamp_column":null,"operator":"To be confirmed","speed_class":"rapid","speeds":"50kW","bays":1,"bay_types":"EV Bay","dedicated":true,"status":"planned","ward":"Harrow Road","cp_ids":"TBC"}},{"type":"Feature","id":95,"geometry":{"type":"Point","coordinates":[-0.20255,51.528378]},"properties":{"site":"Ashmore Road","location":"Opposite 120","lamp_column":"22","operator":"Shell Recharge","speed_class":"lccp","speeds":"5.5kW","bays":1,"bay_types":"LCCP","dedicated":false,"status":"installed","ward":"Harrow Road","cp_ids":"802247"}},{"type":"Feature","id":96,"geometry":{"type":"Point","coordinates":[-0.203074,51.525396]},"properties":{"site":"Ashmore Road","location":"Opposite 2","lamp_column":"33","operator":"Shell Recharge","speed_class":"lccp","speeds":"5.5kW","bays":1,"bay_types":"LCCP","dedicated":false,"status":"installed","ward":"Harrow Road","cp_ids":"802236"}},{"type":"Feature","id":97,"geometry":{"type":"Point","coordinates":[-0.203768,51.532378]},"properties":{"site":"Ashmore Road","location":"Opposite 256","lamp_column":"4","operator":"Shell Recharge","speed_class":"lccp","speeds":"5.5kW","bays":1,"bay_types":"LCCP","dedicated":false,"status":"installed","ward":"Queen's Park","cp_ids":"807594"}},{"type":"Feature","id":98,"geometry":{"type":"Point","coordinates":[-0.202813,51.526886]},"properties":{"site":"Ashmore Road","location":"Opposite 60","lamp_column":"28","operator":"Shell Recharge","speed_class":"lccp","speeds":"5.5kW","bays":1,"bay_types":"LCCP","dedicated":false,"status":"installed","ward":"Harrow Road","cp_ids":"605153"}},{"type":"Feature","id":99,"geometry":{"type":"Point","coordinates":[-0.202725,51.527401]},"properties":{"site":"Ashmore Road","location":"Opposite 78b","lamp_column":"26","operator":"Shell Recharge","speed_class":"lccp","speeds":"5.5kW","bays":1,"bay_types":"LCCP","dedicated":false,"status":"installed","ward":"Harrow Road","cp_ids":"807603"}},{"type":"Feature","id":100,"geometry":{"type":"Point","coordinates":[-0.202595,51.529074]},"properties":{"site":"Ashmore Road","location":"Opposite Mulberry Court Flats","lamp_column":"19","operator":"Shell Recharge","speed_class":"lccp","speeds":"5.5kW","bays":1,"bay_types":"LCCP","dedicated":false,"status":"installed","ward":"Queen's Park","cp_ids":"802259"}},{"type":"Feature","id":101,"geometry":{"type":"Point","coordinates":[-0.18561,51.528017]},"properties":{"site":"Ashworth Road","location":"At Or Outside 1","lamp_column":"12","operator":"Shell Recharge","speed_class":"lccp","speeds":"5.5kW","bays":1,"bay_types":"LCCP","dedicated":false,"status":"installed","ward":"Maida Vale","cp_ids":"807099"}},{"type":"Feature","id":102,"geometry":{"type":"Point","coordinates":[-0.185461,51.528027]},"properties":{"site":"Ashworth Road","location":"At Or Outside 12","lamp_column":"13","operator":"Shell Recharge","speed_class":"lccp","speeds":"5.5kW","bays":1,"bay_types":"LCCP","dedicated":false,"status":"installed","ward":"Maida Vale","cp_ids":"805166"}},{"type":"Feature","id":103,"geometry":{"type":"Point","coordinates":[-0.185654,51.528181]},"properties":{"site":"Ashworth Road","location":"At Or Outside 20","lamp_column":"11","operator":"Shell Recharge","speed_class":"lccp","speeds":"5.5kW","bays":1,"bay_types":"LCCP","dedicated":false,"status":"installed","ward":"Maida Vale","cp_ids":"807078"}},{"type":"Feature","id":104,"geometry":{"type":"Point","coordinates":[-0.186531,51.528768]},"properties":{"site":"Ashworth Road","location":"At Or Outside 21","lamp_column":"7","operator":"Shell Recharge","speed_class":"lccp","speeds":"5.5kW","bays":1,"bay_types":"LCCP","dedicated":false,"status":"installed","ward":"Maida Vale","cp_ids":"807075"}},{"type":"Feature","id":105,"geometry":{"type":"Point","coordinates":[-0.185936,51.528413]},"properties":{"site":"Ashworth Road","location":"At Or Outside 26","lamp_column":"10","operator":"Shell Recharge","speed_class":"lccp","speeds":"5.5kW","bays":1,"bay_types":"LCCP","dedicated":false,"status":"installed","ward":"Maida Vale","cp_ids":"807079"}},{"type":"Feature","id":106,"geometry":{"type":"Point","coordinates":[-0.186273,51.528685]},"properties":{"site":"Ashworth Road","location":"At Or Outside 32","lamp_column":"8","operator":"Shell Recharge","speed_class":"lccp","speeds":"5.5kW","bays":1,"bay_types":"LCCP","dedicated":false,"status":"installed","ward":"Maida Vale","cp_ids":"807073"}},{"type":"Feature","id":107,"geometry":{"type":"Point","coordinates":[-0.186614,51.528964]},"properties":{"site":"Ashworth Road","location":"At Or Outside 38","lamp_column":"6","operator":"Shell Recharge","speed_class":"lccp","speeds":"5.5kW","bays":1,"bay_types":"LCCP","dedicated":false,"status":"installed","ward":"Maida Vale","cp_ids":"807071"}},{"type":"Feature","id":108,"geometry":{"type":"Point","coordinates":[-0.187269,51.52953]},"properties":{"site":"Ashworth Road","location":"Opposite Elgin Avenue","lamp_column":"3","operator":"Shell Recharge","speed_class":"lccp","speeds":"5.5kW","bays":1,"bay_types":"LCCP","dedicated":false,"status":"installed","ward":"Maida Vale","cp_ids":"807074"}},{"type":"Feature","id":109,"geometry":{"type":"Point","coordinates":[-0.185091,51.527724]},"properties":{"site":"Ashworth Road","location":"Side Of 2 Lauderdale Road","lamp_column":"15","operator":"Shell Recharge","speed_class":"lccp","speeds":"5.5kW","bays":1,"bay_types":"LCCP","dedicated":false,"status":"installed","ward":"Maida Vale","cp_ids":"807096"}},{"type":"Feature","id":110,"geometry":{"type":"Point","coordinates":[-0.129096,51.490859]},"properties":{"site":"Atterbury Street","location":"At Or Outside 5","lamp_column":"2","operator":"Shell Recharge","speed_class":"lccp","speeds":"5.5kW","bays":1,"bay_types":"LCCP","dedicated":false,"status":"installed","ward":"Vincent Square","cp_ids":"807710"}},{"type":"Feature","id":111,"geometry":{"type":"Point","coordinates":[-0.128072,51.490633]},"properties":{"site":"Atterbury Street","location":"Side Of Gallery","lamp_column":"5","operator":"Shell Recharge","speed_class":"lccp","speeds":"5.5kW","bays":1,"bay_types":"LCCP - Dedicated","dedicated":true,"status":"installed","ward":"Vincent Square","cp_ids":"809377"}},{"type":"Feature","id":112,"geometry":{"type":"Point","coordinates":[-0.128744,51.490844]},"properties":{"site":"Atterbury Street","location":"Side Of Tate Gallery","lamp_column":"3","operator":"Shell Recharge","speed_class":"lccp","speeds":"5.5kW","bays":1,"bay_types":"LCCP - Dedicated","dedicated":true,"status":"installed","ward":"Vincent Square","cp_ids":"809374"}},{"type":"Feature","id":113,"geometry":{"type":"Point","coordinates":[-0.133577,51.487435]},"properties":{"site":"Aylesford Street","location":"At Or Outside 39","lamp_column":"8","operator":"Shell Recharge","speed_class":"lccp","speeds":"5.5kW","bays":1,"bay_types":"LCCP","dedicated":false,"status":"installed","ward":"Pimlico South","cp_ids":"801356"}},{"type":"Feature","id":114,"geometry":{"type":"Point","coordinates":[-0.133536,51.487614]},"properties":{"site":"Aylesford Street","location":"Opposite 35","lamp_column":"7","operator":"Shell Recharge","speed_class":"lccp","speeds":"5.5kW","bays":1,"bay_types":"LCCP","dedicated":false,"status":"installed","ward":"Pimlico South","cp_ids":"801954"}},{"type":"Feature","id":115,"geometry":{"type":"Point","coordinates":[-0.133375,51.48725]},"properties":{"site":"Aylesford Street","location":"Opposite 43","lamp_column":"9","operator":"Shell Recharge","speed_class":"lccp","speeds":"5.5kW","bays":1,"bay_types":"LCCP","dedicated":false,"status":"installed","ward":"Pimlico South","cp_ids":"801355"}},{"type":"Feature","id":116,"geometry":{"type":"Point","coordinates":[-0.133212,51.4869]},"properties":{"site":"Aylesford Street","location":"Opposite 55","lamp_column":"11","operator":"Shell Recharge","speed_class":"lccp","speeds":"5.5kW","bays":1,"bay_types":"LCCP","dedicated":false,"status":"installed","ward":"Pimlico South","cp_ids":"801354"}},{"type":"Feature","id":117,"geometry":{"type":"Point","coordinates":[-0.133058,51.486557]},"properties":{"site":"Aylesford Street","location":"Opposite 65","lamp_column":"13","operator":"Shell Recharge","speed_class":"lccp","speeds":"5.5kW","bays":1,"bay_types":"LCCP","dedicated":false,"status":"installed","ward":"Pimlico South","cp_ids":"805046"}},{"type":"Feature","id":118,"geometry":{"type":"Point","coordinates":[-0.134053,51.488632]},"properties":{"site":"Aylesford Street","location":"Outside Waldston House","lamp_column":null,"operator":"TotalEnergies","speed_class":"fast","speeds":"7kW, 22kW","bays":3,"bay_types":"EV Bay","dedicated":true,"status":"installed","ward":"Pimlico South","cp_ids":"9860001385, 9860001381, 9860001992"}},{"type":"Feature","id":119,"geometry":{"type":"Point","coordinates":[-0.133747,51.48771]},"properties":{"site":"Aylesford Street","location":"Side Of 35","lamp_column":"6","operator":"Shell Recharge","speed_class":"lccp","speeds":"5.5kW","bays":1,"bay_types":"LCCP","dedicated":false,"status":"installed","ward":"Pimlico South","cp_ids":"801357"}},{"type":"Feature","id":120,"geometry":{"type":"Point","coordinates":[-0.154205,51.516607]},"properties":{"site":"Baker's Mews","location":"Side Of 5","lamp_column":"3","operator":"Shell Recharge","speed_class":"lccp","speeds":"5.5kW","bays":1,"bay_types":"LCCP","dedicated":false,"status":"installed","ward":"Marylebone","cp_ids":"807203"}},{"type":"Feature","id":121,"geometry":{"type":"Point","coordinates":[-0.154288,51.516813]},"properties":{"site":"Baker's Mews","location":"Side Of 6","lamp_column":"2","operator":"Shell Recharge","speed_class":"lccp","speeds":"5.5kW","bays":1,"bay_types":"LCCP","dedicated":false,"status":"installed","ward":"Marylebone","cp_ids":"807201"}},{"type":"Feature","id":122,"geometry":{"type":"Point","coordinates":[-0.161914,51.523298]},"properties":{"site":"Balcombe Street","location":"At Or Outside 19","lamp_column":"9","operator":"Shell Recharge","speed_class":"lccp","speeds":"5.5kW","bays":1,"bay_types":"LCCP","dedicated":false,"status":"installed","ward":"Regent's Park","cp_ids":"801970"}},{"type":"Feature","id":123,"geometry":{"type":"Point","coordinates":[-0.1626,51.524747]},"properties":{"site":"Balcombe Street","location":"At Or Outside 63/65","lamp_column":"3","operator":"Shell Recharge","speed_class":"lccp","speeds":"5.5kW","bays":1,"bay_types":"LCCP","dedicated":false,"status":"installed","ward":"Regent's Park","cp_ids":null}},{"type":"Feature","id":124,"geometry":{"type":"Point","coordinates":[-0.162755,51.525071]},"properties":{"site":"Balcombe Street","location":"At Or Outside Taunton Place","lamp_column":"1","operator":"Shell Recharge","speed_class":"lccp","speeds":"5.5kW","bays":1,"bay_types":"LCCP","dedicated":false,"status":"installed","ward":"Regent's Park","cp_ids":"801827"}},{"type":"Feature","id":125,"geometry":{"type":"Point","coordinates":[-0.206365,51.527437]},"properties":{"site":"Barfett Street","location":"At Or Outside 17-19","lamp_column":"3","operator":"Shell Recharge","speed_class":"lccp","speeds":"5.5kW","bays":1,"bay_types":"LCCP","dedicated":false,"status":"installed","ward":"Queen's Park","cp_ids":"806778"}},{"type":"Feature","id":126,"geometry":{"type":"Point","coordinates":[-0.206096,51.527953]},"properties":{"site":"Barfett Street","location":"Side Of 15 Caird Street","lamp_column":"1","operator":"Shell Recharge","speed_class":"lccp","speeds":"5.5kW","bays":1,"bay_types":"LCCP","dedicated":false,"status":"installed","ward":"Queen's Park","cp_ids":"806759"}},{"type":"Feature","id":127,"geometry":{"type":"Point","coordinates":[-0.206347,51.526989]},"properties":{"site":"Barfett Street","location":"Side Of 16 Alperton Street","lamp_column":"5","operator":"Shell Recharge","speed_class":"lccp","speeds":"5.5kW","bays":1,"bay_types":"LCCP - Dedicated","dedicated":true,"status":"installed","ward":"Queen's Park","cp_ids":"606511"}},{"type":"Feature","id":128,"geometry":{"type":"Point","coordinates":[-0.200059,51.526194]},"properties":{"site":"Barnsdale Road","location":"At Or Outside 37b","lamp_column":"4","operator":"Shell Recharge","speed_class":"lccp","speeds":"5.5kW","bays":1,"bay_types":"LCCP","dedicated":false,"status":"installed","ward":"Harrow Road","cp_ids":"606528"}},{"type":"Feature","id":129,"geometry":{"type":"Point","coordinates":[-0.200718,51.526318]},"properties":{"site":"Barnsdale Road","location":"At Or Outside 55b","lamp_column":"2","operator":"Shell Recharge","speed_class":"lccp","speeds":"5.5kW","bays":1,"bay_types":"LCCP","dedicated":false,"status":"installed","ward":"Harrow Road","cp_ids":"606657"}},{"type":"Feature","id":130,"geometry":{"type":"Point","coordinates":[-0.199859,51.526021]},"properties":{"site":"Barnsdale Road","location":"Side Of 42b Walterton Rd","lamp_column":"5","operator":"Shell Recharge","speed_class":"lccp","speeds":"5.5kW","bays":1,"bay_types":"LCCP","dedicated":false,"status":"installed","ward":"Harrow Road","cp_ids":"806224"}},{"type":"Feature","id":131,"geometry":{"type":"Point","coordinates":[-0.169108,51.532451]},"properties":{"site":"Barrow Hill Road","location":"At Or Outside 62a/62b","lamp_column":"3","operator":"Shell Recharge","speed_class":"lccp","speeds":"5.5kW","bays":1,"bay_types":"LCCP","dedicated":false,"status":"installed","ward":"Regent's Park","cp_ids":"806421"}},{"type":"Feature","id":132,"geometry":{"type":"Point","coordinates":[-0.174838,51.512782]},"properties":{"site":"Bathurst Street","location":"Opposite 12","lamp_column":"3","operator":"Shell Recharge","speed_class":"lccp","speeds":"5.5kW","bays":1,"bay_types":"LCCP","dedicated":false,"status":"installed","ward":"Hyde Park","cp_ids":"807395"}},{"type":"Feature","id":133,"geometry":{"type":"Point","coordinates":[-0.150652,51.520772]},"properties":{"site":"Beaumont Street","location":"Opposite King Edward Hospital","lamp_column":"8","operator":"Shell Recharge","speed_class":"lccp","speeds":"5.5kW","bays":1,"bay_types":"LCCP","dedicated":false,"status":"installed","ward":"Marylebone","cp_ids":"805023"}},{"type":"Feature","id":134,"geometry":{"type":"Point","coordinates":[-0.125588,51.510496]},"properties":{"site":"Bedford Court","location":"At Or Outside 5m From Bedfordbury","lamp_column":"1","operator":"Shell Recharge","speed_class":"lccp","speeds":"5.5kW","bays":1,"bay_types":"LCCP","dedicated":false,"status":"installed","ward":"St James's","cp_ids":"805318"}},{"type":"Feature","id":135,"geometry":{"type":"Point","coordinates":[-0.145787,51.497605]},"properties":{"site":"Beeston Place","location":"At Or O/S The Goring Hotel","lamp_column":"3","operator":"Shell Recharge","speed_class":"lccp","speeds":"5.5kW","bays":1,"bay_types":"PBP","dedicated":false,"status":"installed","ward":"St James's","cp_ids":"807564"}},{"type":"Feature","id":136,"geometry":{"type":"Point","coordinates":[-0.20749,51.53093]},"properties":{"site":"Beethoven Street","location":"At Or Outside 1/3","lamp_column":"10","operator":"Shell Recharge","speed_class":"lccp","speeds":"5.5kW","bays":1,"bay_types":"LCCP","dedicated":false,"status":"installed","ward":"Queen's Park","cp_ids":"806766"}},{"type":"Feature","id":137,"geometry":{"type":"Point","coordinates":[-0.208174,51.531119]},"properties":{"site":"Beethoven Street","location":"At Or Outside 15f","lamp_column":"8","operator":"Shell Recharge","speed_class":"lccp","speeds":"5.5kW","bays":1,"bay_types":"LCCP - Dedicated","dedicated":true,"status":"installed","ward":"Queen's Park","cp_ids":"602199"}},{"type":"Feature","id":138,"geometry":{"type":"Point","coordinates":[-0.209594,51.531924]},"properties":{"site":"Beethoven Street","location":"At Or Outside 60","lamp_column":"3","operator":"Shell Recharge","speed_class":"lccp","speeds":"5.5kW","bays":1,"bay_types":"LCCP","dedicated":false,"status":"installed","ward":"Queen's Park","cp_ids":"806762"}},{"type":"Feature","id":139,"geometry":{"type":"Point","coordinates":[-0.207733,51.531078]},"properties":{"site":"Beethoven Street","location":"Opposite 13","lamp_column":"9","operator":"Shell Recharge","speed_class":"lccp","speeds":"5.5kW","bays":1,"bay_types":"LCCP - Dedicated","dedicated":true,"status":"installed","ward":"Queen's Park","cp_ids":"602200"}},{"type":"Feature","id":140,"geometry":{"type":"Point","coordinates":[-0.20708,51.530852]},"properties":{"site":"Beethoven Street","location":"Opposite 1b","lamp_column":"11","operator":"Shell Recharge","speed_class":"lccp","speeds":"5.5kW","bays":1,"bay_types":"LCCP","dedicated":false,"status":"installed","ward":"Queen's Park","cp_ids":"602201"}},{"type":"Feature","id":141,"geometry":{"type":"Point","coordinates":[-0.208343,51.531266]},"properties":{"site":"Beethoven Street","location":"Opposite Symphony Mews","lamp_column":"7","operator":"Shell Recharge","speed_class":"lccp","speeds":"5.5kW","bays":1,"bay_types":"LCCP","dedicated":false,"status":"installed","ward":"Queen's Park","cp_ids":"806760"}},{"type":"Feature","id":142,"geometry":{"type":"Point","coordinates":[-0.184261,51.537104]},"properties":{"site":"Belgrave Gardens","location":"At Or Outside Belgrave Mansions","lamp_column":"2","operator":"Shell Recharge","speed_class":"lccp","speeds":"5.5kW","bays":1,"bay_types":"LCCP - Dedicated","dedicated":true,"status":"installed","ward":"Abbey Road","cp_ids":"602769"}},{"type":"Feature","id":143,"geometry":{"type":"Point","coordinates":[-0.152603,51.497655]},"properties":{"site":"Belgrave Place","location":"At Or Outside 19","lamp_column":"6","operator":"Shell Recharge","speed_class":"lccp","speeds":"5.5kW","bays":1,"bay_types":"LCCP","dedicated":false,"status":"installed","ward":"Knightsbridge & Belgravia","cp_ids":"801417"}},{"type":"Feature","id":144,"geometry":{"type":"Point","coordinates":[-0.15277,51.497769]},"properties":{"site":"Belgrave Place","location":"At Or Outside 20","lamp_column":"4","operator":"Shell Recharge","speed_class":"lccp","speeds":"5.5kW","bays":1,"bay_types":"LCCP","dedicated":false,"status":"installed","ward":"Knightsbridge & Belgravia","cp_ids":"801117"}},{"type":"Feature","id":145,"geometry":{"type":"Point","coordinates":[-0.152106,51.497178]},"properties":{"site":"Belgrave Place","location":"At Or Outside Gardens","lamp_column":null,"operator":"ESB","speed_class":"rapid","speeds":"50kW","bays":1,"bay_types":"EV Bay","dedicated":true,"status":"installed","ward":"Knightsbridge & Belgravia","cp_ids":"UT05T4"}},{"type":"Feature","id":146,"geometry":{"type":"Point","coordinates":[-0.140255,51.491421]},"properties":{"site":"Belgrave Road","location":"At Or Outside 72 Warwick Square","lamp_column":"23","operator":"Shell Recharge","speed_class":"lccp","speeds":"5.5kW","bays":1,"bay_types":"LCCP - Dedicated","dedicated":true,"status":"installed","ward":"Pimlico North","cp_ids":"602164"}},{"type":"Feature","id":147,"geometry":{"type":"Point","coordinates":[-0.140797,51.491678]},"properties":{"site":"Belgrave Road","location":"At Or Outside 79 Warwick Square","lamp_column":"21","operator":"Shell Recharge","speed_class":"lccp","speeds":"5.5kW","bays":1,"bay_types":"LCCP - Dedicated","dedicated":true,"status":"installed","ward":"Pimlico North","cp_ids":"602165"}},{"type":"Feature","id":148,"geometry":{"type":"Point","coordinates":[-0.136989,51.489874]},"properties":{"site":"Belgrave Road","location":"At Or Outside 89/91","lamp_column":"40","operator":"Shell Recharge","speed_class":"lccp","speeds":"5.5kW","bays":1,"bay_types":"Shared Use","dedicated":false,"status":"installed","ward":"Pimlico North","cp_ids":"805099"}},{"type":"Feature","id":149,"geometry":{"type":"Point","coordinates":[-0.14046,51.491353]},"properties":{"site":"Belgrave Road","location":"Opposite 72 Warwick Square","lamp_column":"24","operator":"Shell Recharge","speed_class":"lccp","speeds":"5.5kW","bays":1,"bay_types":"LCCP - Dedicated","dedicated":true,"status":"installed","ward":"Pimlico North","cp_ids":"602163"}},{"type":"Feature","id":150,"geometry":{"type":"Point","coordinates":[-0.152558,51.498609]},"properties":{"site":"Belgrave Square","location":"At Or Outside No.30-31 Royal Embassy Of Saudi Arabia","lamp_column":"14","operator":"Shell Recharge","speed_class":"lccp","speeds":"5.5kW","bays":1,"bay_types":"LCCP","dedicated":false,"status":"installed","ward":"Knightsbridge & Belgravia","cp_ids":"805126"}},{"type":"Feature","id":151,"geometry":{"type":"Point","coordinates":[-0.153299,51.5001]},"properties":{"site":"Belgrave Square","location":"Central Reservation Opposite Halkin St","lamp_column":null,"operator":"ESB","speed_class":"rapid","speeds":"50kW","bays":1,"bay_types":"EV Taxi","dedicated":true,"status":"installed","ward":"Knightsbridge & Belgravia","cp_ids":"UT033Y"}},{"type":"Feature","id":152,"geometry":{"type":"Point","coordinates":[-0.154913,51.499063]},"properties":{"site":"Belgrave Square","location":"Central Reserve Opposite 14","lamp_column":null,"operator":"ESB","speed_class":"rapid","speeds":"50kW","bays":1,"bay_types":"EV Taxi","dedicated":true,"status":"installed","ward":"Knightsbridge & Belgravia","cp_ids":"UT086B"}},{"type":"Feature","id":153,"geometry":{"type":"Point","coordinates":[-0.153952,51.498515]},"properties":{"site":"Belgrave Square","location":"Opposite 22","lamp_column":"27","operator":"Shell Recharge","speed_class":"lccp","speeds":"5.5kW","bays":1,"bay_types":"LCCP","dedicated":false,"status":"installed","ward":"Knightsbridge & Belgravia","cp_ids":"801415"}},{"type":"Feature","id":154,"geometry":{"type":"Point","coordinates":[-0.152048,51.499232]},"properties":{"site":"Belgrave Square","location":"Opposite 37","lamp_column":null,"operator":"TotalEnergies","speed_class":"fast","speeds":"7kW","bays":5,"bay_types":"EV Bay","dedicated":true,"status":"installed","ward":"Knightsbridge & Belgravia","cp_ids":"9860001249, 9860001244, 9860001241, 9860001253, 9860001257"}},{"type":"Feature","id":155,"geometry":{"type":"Point","coordinates":[-0.154176,51.499688]},"properties":{"site":"Belgrave Square","location":"Opposite 6","lamp_column":null,"operator":"TotalEnergies","speed_class":"fast","speeds":"7kW","bays":5,"bay_types":"EV Bay","dedicated":true,"status":"installed","ward":"Knightsbridge & Belgravia","cp_ids":"9860001404, 9860001391, 9860001401, 9860001563, 9860001411"}},{"type":"Feature","id":156,"geometry":{"type":"Point","coordinates":[-0.154325,51.498755]},"properties":{"site":"Belgrave Square","location":"Opposite No.18","lamp_column":"26","operator":"Shell Recharge","speed_class":"lccp","speeds":"5.5kW","bays":1,"bay_types":"Shared Use","dedicated":false,"status":"installed","ward":"Knightsbridge & Belgravia","cp_ids":"806659"}},{"type":"Feature","id":157,"geometry":{"type":"Point","coordinates":[-0.153059,51.49858]},"properties":{"site":"Belgrave Square","location":"Opposite No.28/29","lamp_column":"29b","operator":"Shell Recharge","speed_class":"lccp","speeds":"5.5kW","bays":1,"bay_types":"LCCP","dedicated":false,"status":"installed","ward":"Knightsbridge & Belgravia","cp_ids":"806652"}},{"type":"Feature","id":158,"geometry":{"type":"Point","coordinates":[-0.152834,51.498733]},"properties":{"site":"Belgrave Square","location":"Opposite No.30 Royal Embassy Of Saudi Arabia","lamp_column":"30","operator":"Shell Recharge","speed_class":"lccp","speeds":"5.5kW","bays":1,"bay_types":"Shared Use","dedicated":false,"status":"installed","ward":"Knightsbridge & Belgravia","cp_ids":"806650"}},{"type":"Feature","id":159,"geometry":{"type":"Point","coordinates":[-0.15252,51.498924]},"properties":{"site":"Belgrave Square","location":"Opposite No.34/35","lamp_column":"31","operator":"Shell Recharge","speed_class":"lccp","speeds":"5.5kW","bays":1,"bay_types":"Shared Use","dedicated":false,"status":"installed","ward":"Knightsbridge & Belgravia","cp_ids":"806656"}},{"type":"Feature","id":160,"geometry":{"type":"Point","coordinates":[-0.152737,51.499637]},"properties":{"site":"Belgrave Square","location":"Opposite No.43","lamp_column":"34","operator":"Shell Recharge","speed_class":"lccp","speeds":"5.5kW","bays":1,"bay_types":"LCCP","dedicated":false,"status":"installed","ward":"Knightsbridge & Belgravia","cp_ids":"806651"}},{"type":"Feature","id":161,"geometry":{"type":"Point","coordinates":[-0.152945,51.49977]},"properties":{"site":"Belgrave Square","location":"Opposite No.45","lamp_column":"34b","operator":"Shell Recharge","speed_class":"lccp","speeds":"5.5kW","bays":1,"bay_types":"LCCP","dedicated":false,"status":"installed","ward":"Knightsbridge & Belgravia","cp_ids":"805127"}},{"type":"Feature","id":162,"geometry":{"type":"Point","coordinates":[-0.153158,51.499898]},"properties":{"site":"Belgrave Square","location":"Opposite No.46/47","lamp_column":"35","operator":"Shell Recharge","speed_class":"lccp","speeds":"5.5kW","bays":1,"bay_types":"LCCP","dedicated":false,"status":"installed","ward":"Knightsbridge & Belgravia","cp_ids":"806655"}},{"type":"Feature","id":163,"geometry":{"type":"Point","coordinates":[-0.154604,51.499426]},"properties":{"site":"Belgrave Square","location":"Opposite No.8-10 Building Site","lamp_column":"23","operator":"Shell Recharge","speed_class":"lccp","speeds":"5.5kW","bays":1,"bay_types":"Diplomat","dedicated":false,"status":"installed","ward":"Knightsbridge & Belgravia","cp_ids":"806667"}},{"type":"Feature","id":164,"geometry":{"type":"Point","coordinates":[-0.168954,51.520961]},"properties":{"site":"Bell Street","location":"At Or Outside 30","lamp_column":"5","operator":"Shell Recharge","speed_class":"lccp","speeds":"5.5kW","bays":1,"bay_types":"LCCP - Dedicated","dedicated":true,"status":"installed","ward":"Church Street","cp_ids":"605481"}},{"type":"Feature","id":165,"geometry":{"type":"Point","coordinates":[-0.169753,51.520659]},"properties":{"site":"Bell Street","location":"Opposite 21","lamp_column":"3","operator":"Shell Recharge","speed_class":"lccp","speeds":"5.5kW","bays":1,"bay_types":"LCCP","dedicated":false,"status":"installed","ward":"Church Street","cp_ids":"807485"}},{"type":"Feature","id":166,"geometry":{"type":"Point","coordinates":[-0.167358,51.521503]},"properties":{"site":"Bell Street","location":"Opposite 83","lamp_column":"9","operator":"Shell Recharge","speed_class":"lccp","speeds":"5.5kW","bays":1,"bay_types":"LCCP","dedicated":false,"status":"installed","ward":"Church Street","cp_ids":"801978"}},{"type":"Feature","id":167,"geometry":{"type":"Point","coordinates":[-0.150158,51.517077]},"properties":{"site":"Bentinck Street","location":"At Or Outside 18","lamp_column":"3","operator":"Shell Recharge","speed_class":"lccp","speeds":"5.5kW","bays":1,"bay_types":"LCCP","dedicated":false,"status":"installed","ward":"Marylebone","cp_ids":"801218"}},{"type":"Feature","id":168,"geometry":{"type":"Point","coordinates":[-0.146134,51.509361]},"properties":{"site":"Berkeley Square","location":"At Or Outside 30","lamp_column":"23","operator":"Shell Recharge","speed_class":"lccp","speeds":"5.5kW","bays":1,"bay_types":"LCCP","dedicated":false,"status":"installed","ward":"West End","cp_ids":"807497"}},{"type":"Feature","id":169,"geometry":{"type":"Point","coordinates":[-0.145693,51.509048]},"properties":{"site":"Berkeley Square","location":"Opposite 49","lamp_column":"21","operator":"Shell Recharge","speed_class":"lccp","speeds":"5.5kW","bays":1,"bay_types":"LCCP","dedicated":false,"status":"installed","ward":"West End","cp_ids":"807495"}},{"type":"Feature","id":170,"geometry":{"type":"Point","coordinates":[-0.145265,51.509]},"properties":{"site":"Berkeley Square","location":"Opposite 55","lamp_column":"19","operator":"Shell Recharge","speed_class":"lccp","speeds":"5.5kW","bays":1,"bay_types":"LCCP","dedicated":false,"status":"installed","ward":"West End","cp_ids":"807499"}},{"type":"Feature","id":171,"geometry":{"type":"Point","coordinates":[-0.144966,51.509141]},"properties":{"site":"Berkeley Square","location":"Opposite 57 Lansdowne House And Lc16","lamp_column":"17","operator":"Shell Recharge","speed_class":"lccp","speeds":"5.5kW","bays":1,"bay_types":"LCCP","dedicated":false,"status":"installed","ward":"West End","cp_ids":"807501"}},{"type":"Feature","id":172,"geometry":{"type":"Point","coordinates":[-0.144958,51.509444]},"properties":{"site":"Berkeley Square","location":"Opposite 8","lamp_column":"13","operator":"Shell Recharge","speed_class":"lccp","speeds":"5.5kW","bays":1,"bay_types":"LCCP","dedicated":false,"status":"installed","ward":"West End","cp_ids":"807493"}},{"type":"Feature","id":173,"geometry":{"type":"Point","coordinates":[-0.14515,51.509601]},"properties":{"site":"Berkeley Square","location":"Opposite Berkeley Square House","lamp_column":"11","operator":"Shell Recharge","speed_class":"lccp","speeds":"5.5kW","bays":1,"bay_types":"LCCP","dedicated":false,"status":"installed","ward":"West End","cp_ids":"807491"}},{"type":"Feature","id":174,"geometry":{"type":"Point","coordinates":[-0.145321,51.509934]},"properties":{"site":"Berkeley Square","location":"Outside 7-10 Berkeley Square","lamp_column":null,"operator":"TotalEnergies","speed_class":"fast","speeds":"22kW","bays":2,"bay_types":"EV Bay","dedicated":true,"status":"installed","ward":"West End","cp_ids":"TBC"}},{"type":"Feature","id":175,"geometry":{"type":"Point","coordinates":[-0.143349,51.508126]},"properties":{"site":"Berkeley Street","location":"At Or Outside 40","lamp_column":"8","operator":"Shell Recharge","speed_class":"lccp","speeds":"5.5kW","bays":1,"bay_types":"LCCP","dedicated":false,"status":"installed","ward":"West End","cp_ids":"807500"}},{"type":"Feature","id":176,"geometry":{"type":"Point","coordinates":[-0.1436,51.508343]},"properties":{"site":"Berkeley Street","location":"Outside No. 37 (Outside Mayfair Hotel Bar Entrance)","lamp_column":"6","operator":"Shell Recharge","speed_class":"lccp","speeds":"5.5kW","bays":1,"bay_types":"LCCP","dedicated":false,"status":"installed","ward":"West End","cp_ids":"807502"}},{"type":"Feature","id":177,"geometry":{"type":"Point","coordinates":[-0.137115,51.517926]},"properties":{"site":"Berners Street","location":"Opposite 47","lamp_column":"3","operator":"Shell Recharge","speed_class":"lccp","speeds":"5.5kW","bays":1,"bay_types":"LCCP","dedicated":false,"status":"installed","ward":"West End","cp_ids":"808016"}},{"type":"Feature","id":178,"geometry":{"type":"Point","coordinates":[-0.1368,51.517493]},"properties":{"site":"Berners Street","location":"Outside Orwell House 16-18 Berners Street","lamp_column":null,"operator":"TotalEnergies","speed_class":"fast","speeds":"22kW","bays":2,"bay_types":"EV Bay","dedicated":true,"status":"installed","ward":"West End","cp_ids":"TBC"}},{"type":"Feature","id":179,"geometry":{"type":"Point","coordinates":[-0.18801,51.528623]},"properties":{"site":"Biddulph Road","location":"Adjacent To 20-29","lamp_column":null,"operator":"TotalEnergies","speed_class":"fast","speeds":"22kW","bays":2,"bay_types":"EV Bay","dedicated":true,"status":"installed","ward":"Maida Vale","cp_ids":"TBC"}},{"type":"Feature","id":180,"geometry":{"type":"Point","coordinates":[-0.187536,51.528221]},"properties":{"site":"Biddulph Road","location":"At Or Outside 18","lamp_column":"10","operator":"Shell Recharge","speed_class":"lccp","speeds":"5.5kW","bays":1,"bay_types":"LCCP","dedicated":false,"status":"installed","ward":"Maida Vale","cp_ids":"805169"}},{"type":"Feature","id":181,"geometry":{"type":"Point","coordinates":[-0.187929,51.528531]},"properties":{"site":"Biddulph Road","location":"At Or Outside 26","lamp_column":"8","operator":"Shell Recharge","speed_class":"lccp","speeds":"5.5kW","bays":1,"bay_types":"LCCP","dedicated":false,"status":"installed","ward":"Maida Vale","cp_ids":"807091"}},{"type":"Feature","id":182,"geometry":{"type":"Point","coordinates":[-0.187733,51.528241]},"properties":{"site":"Biddulph Road","location":"At Or Outside 3","lamp_column":"9","operator":"Shell Recharge","speed_class":"lccp","speeds":"5.5kW","bays":1,"bay_types":"LCCP","dedicated":false,"status":"installed","ward":"Maida Vale","cp_ids":"807093"}},{"type":"Feature","id":183,"geometry":{"type":"Point","coordinates":[-0.188082,51.528527]},"properties":{"site":"Biddulph Road","location":"At Or Outside 30-39","lamp_column":"7","operator":"Shell Recharge","speed_class":"lccp","speeds":"5.5kW","bays":1,"bay_types":"LCCP","dedicated":false,"status":"installed","ward":"Maida Vale","cp_ids":"807090"}},{"type":"Feature","id":184,"geometry":{"type":"Point","coordinates":[-0.187553,51.528107]},"properties":{"site":"Biddulph Road","location":"Opposite 16","lamp_column":"11","operator":"Shell Recharge","speed_class":"lccp","speeds":"5.5kW","bays":1,"bay_types":"LCCP","dedicated":false,"status":"installed","ward":"Maida Vale","cp_ids":"807095"}},{"type":"Feature","id":185,"geometry":{"type":"Point","coordinates":[-0.187088,51.527735]},"properties":{"site":"Biddulph Road","location":"Opposite 4","lamp_column":"13","operator":"Shell Recharge","speed_class":"lccp","speeds":"5.5kW","bays":1,"bay_types":"LCCP - Dedicated","dedicated":true,"status":"installed","ward":"Maida Vale","cp_ids":"606733"}},{"type":"Feature","id":186,"geometry":{"type":"Point","coordinates":[-0.189159,51.52945]},"properties":{"site":"Biddulph Road","location":"Outside 11","lamp_column":null,"operator":"TotalEnergies","speed_class":"fast","speeds":"7kW, 22kW","bays":3,"bay_types":"EV Bay","dedicated":true,"status":"installed","ward":"Maida Vale","cp_ids":"9860001377, 9860000803, 9860002003"}},{"type":"Feature","id":187,"geometry":{"type":"Point","coordinates":[-0.189014,51.529487]},"properties":{"site":"Biddulph Road","location":"Side Of Ashworth Mansions","lamp_column":"1","operator":"Shell Recharge","speed_class":"lccp","speeds":"5.5kW","bays":1,"bay_types":"LCCP","dedicated":false,"status":"installed","ward":"Maida Vale","cp_ids":"807051"}},{"type":"Feature","id":188,"geometry":{"type":"Point","coordinates":[-0.188823,51.529325]},"properties":{"site":"Biddulph Road","location":"Side Of Ashworth Mansions","lamp_column":"2","operator":"Shell Recharge","speed_class":"lccp","speeds":"5.5kW","bays":1,"bay_types":"LCCP","dedicated":false,"status":"installed","ward":"Maida Vale","cp_ids":"807053"}},{"type":"Feature","id":189,"geometry":{"type":"Point","coordinates":[-0.188578,51.529114]},"properties":{"site":"Biddulph Road","location":"Side Of Ashworth Mansions","lamp_column":"4","operator":"Shell Recharge","speed_class":"lccp","speeds":"5.5kW","bays":1,"bay_types":"LCCP - Dedicated","dedicated":true,"status":"installed","ward":"Maida Vale","cp_ids":"606732"}},{"type":"Feature","id":190,"geometry":{"type":"Point","coordinates":[-0.152185,51.51839]},"properties":{"site":"Blandford Street","location":"At Or Outside 12","lamp_column":"15","operator":"Shell Recharge","speed_class":"lccp","speeds":"5.5kW","bays":1,"bay_types":"LCCP","dedicated":false,"status":"installed","ward":"Marylebone","cp_ids":"807716"}},{"type":"Feature","id":191,"geometry":{"type":"Point","coordinates":[-0.154873,51.518325]},"properties":{"site":"Blandford Street","location":"At Or Outside 55","lamp_column":"8","operator":"Shell Recharge","speed_class":"lccp","speeds":"5.5kW","bays":1,"bay_types":"LCCP - Dedicated","dedicated":true,"status":"installed","ward":"Marylebone","cp_ids":"603310"}},{"type":"Feature","id":192,"geometry":{"type":"Point","coordinates":[-0.155169,51.518174]},"properties":{"site":"Blandford Street","location":"At Or Outside 61","lamp_column":"7","operator":"Shell Recharge","speed_class":"lccp","speeds":"5.5kW","bays":1,"bay_types":"LCCP - Dedicated","dedicated":true,"status":"installed","ward":"Marylebone","cp_ids":"603311"}},{"type":"Feature","id":193,"geometry":{"type":"Point","coordinates":[-0.156381,51.517984]},"properties":{"site":"Blandford Street","location":"At Or Outside 71","lamp_column":"4","operator":"Shell Recharge","speed_class":"lccp","speeds":"5.5kW","bays":1,"bay_types":"LCCP","dedicated":false,"status":"installed","ward":"Marylebone","cp_ids":"602749"}},{"type":"Feature","id":194,"geometry":{"type":"Point","coordinates":[-0.156166,51.518127]},"properties":{"site":"Blandford Street","location":"Opposite 71","lamp_column":"5b","operator":"Shell Recharge","speed_class":"lccp","speeds":"5.5kW","bays":1,"bay_types":"LCCP","dedicated":false,"status":"installed","ward":"Marylebone","cp_ids":"807715"}},{"type":"Feature","id":195,"geometry":{"type":"Point","coordinates":[-0.152877,51.518374]},"properties":{"site":"Blandford Street","location":"St James Church Next To Aybrook Street","lamp_column":"13","operator":"Shell Recharge","speed_class":"lccp","speeds":"5.5kW","bays":1,"bay_types":"LCCP - Dedicated","dedicated":true,"status":"installed","ward":"Marylebone","cp_ids":"602520"}},{"type":"Feature","id":196,"geometry":{"type":"Point","coordinates":[-0.179355,51.536079]},"properties":{"site":"Blenheim Road","location":"At Or Outside 14","lamp_column":"6","operator":"Shell Recharge","speed_class":"lccp","speeds":"5.5kW","bays":1,"bay_types":"LCCP","dedicated":false,"status":"installed","ward":"Abbey Road","cp_ids":"806730"}},{"type":"Feature","id":197,"geometry":{"type":"Point","coordinates":[-0.180569,51.535722]},"properties":{"site":"Blenheim Road","location":"At Or Outside 25","lamp_column":"3","operator":"Shell Recharge","speed_class":"lccp","speeds":"5.5kW","bays":1,"bay_types":"LCCP - Dedicated","dedicated":true,"status":"installed","ward":"Abbey Road","cp_ids":"606716"}},{"type":"Feature","id":198,"geometry":{"type":"Point","coordinates":[-0.18072,51.535584]},"properties":{"site":"Blenheim Road","location":"At Or Outside 3","lamp_column":"2","operator":"Shell Recharge","speed_class":"lccp","speeds":"5.5kW","bays":1,"bay_types":"LCCP","dedicated":false,"status":"installed","ward":"Abbey Road","cp_ids":"806737"}},{"type":"Feature","id":199,"geometry":{"type":"Point","coordinates":[-0.180059,51.535821]},"properties":{"site":"Blenheim Road","location":"At Or Outside 8","lamp_column":"4","operator":"Shell Recharge","speed_class":"lccp","speeds":"5.5kW","bays":1,"bay_types":"LCCP - Dedicated","dedicated":true,"status":"installed","ward":"Abbey Road","cp_ids":"606717"}},{"type":"Feature","id":200,"geometry":{"type":"Point","coordinates":[-0.183188,51.534573]},"properties":{"site":"Blenheim Terrace","location":"At Or Outside 46","lamp_column":"2","operator":"Shell Recharge","speed_class":"lccp","speeds":"5.5kW","bays":1,"bay_types":"LCCP","dedicated":false,"status":"installed","ward":"Abbey Road","cp_ids":"801941"}},{"type":"Feature","id":201,"geometry":{"type":"Point","coordinates":[-0.178833,51.523825]},"properties":{"site":"Blomfield Road","location":"At Or Outside 16","lamp_column":"30","operator":"Shell Recharge","speed_class":"lccp","speeds":"5.5kW","bays":1,"bay_types":"LCCP","dedicated":false,"status":"installed","ward":"Little Venice","cp_ids":"602585"}},{"type":"Feature","id":202,"geometry":{"type":"Point","coordinates":[-0.179179,51.523634]},"properties":{"site":"Blomfield Road","location":"At Or Outside 18","lamp_column":"29","operator":"Shell Recharge","speed_class":"lccp","speeds":"5.5kW","bays":1,"bay_types":"LCCP","dedicated":false,"status":"installed","ward":"Little Venice","cp_ids":"606544"}},{"type":"Feature","id":203,"geometry":{"type":"Point","coordinates":[-0.17945,51.523484]},"properties":{"site":"Blomfield Road","location":"At Or Outside 20","lamp_column":"28","operator":"Shell Recharge","speed_class":"lccp","speeds":"5.5kW","bays":1,"bay_types":"LCCP","dedicated":false,"status":"installed","ward":"Little Venice","cp_ids":"606543"}},{"type":"Feature","id":204,"geometry":{"type":"Point","coordinates":[-0.179922,51.523227]},"properties":{"site":"Blomfield Road","location":"At Or Outside 23","lamp_column":"26","operator":"Shell Recharge","speed_class":"lccp","speeds":"5.5kW","bays":1,"bay_types":"LCCP","dedicated":false,"status":"installed","ward":"Little Venice","cp_ids":"807999"}},{"type":"Feature","id":205,"geometry":{"type":"Point","coordinates":[-0.180694,51.522803]},"properties":{"site":"Blomfield Road","location":"At Or Outside 26","lamp_column":"23","operator":"Shell Recharge","speed_class":"lccp","speeds":"5.5kW","bays":1,"bay_types":"LCCP","dedicated":false,"status":"installed","ward":"Little Venice","cp_ids":"606540"}},{"type":"Feature","id":206,"geometry":{"type":"Point","coordinates":[-0.180433,51.522943]},"properties":{"site":"Blomfield Road","location":"At Or Outside 26","lamp_column":"24","operator":"Shell Recharge","speed_class":"lccp","speeds":"5.5kW","bays":1,"bay_types":"LCCP","dedicated":false,"status":"installed","ward":"Little Venice","cp_ids":"606541"}},{"type":"Feature","id":207,"geometry":{"type":"Point","coordinates":[-0.179612,51.523398]},"properties":{"site":"Blomfield Road","location":"At Or Outside 27","lamp_column":"27","operator":"Shell Recharge","speed_class":"lccp","speeds":"5.5kW","bays":1,"bay_types":"LCCP","dedicated":false,"status":"installed","ward":"Little Venice","cp_ids":"606542"}},{"type":"Feature","id":208,"geometry":{"type":"Point","coordinates":[-0.181298,51.522469]},"properties":{"site":"Blomfield Road","location":"At Or Outside 31","lamp_column":"21","operator":"Shell Recharge","speed_class":"lccp","speeds":"5.5kW","bays":1,"bay_types":"LCCP","dedicated":false,"status":"installed","ward":"Little Venice","cp_ids":"606539"}},{"type":"Feature","id":209,"geometry":{"type":"Point","coordinates":[-0.182764,51.521669]},"properties":{"site":"Blomfield Road","location":"At Or Outside 37","lamp_column":"16","operator":"Shell Recharge","speed_class":"lccp","speeds":"5.5kW","bays":1,"bay_types":"LCCP","dedicated":false,"status":"installed","ward":"Little Venice","cp_ids":"806958"}},{"type":"Feature","id":210,"geometry":{"type":"Point","coordinates":[-0.184939,51.521828]},"properties":{"site":"Blomfield Road","location":"At Or Outside 53/54","lamp_column":"8","operator":"Shell Recharge","speed_class":"lccp","speeds":"5.5kW","bays":1,"bay_types":"LCCP","dedicated":false,"status":"installed","ward":"Little Venice","cp_ids":"806951"}},{"type":"Feature","id":211,"geometry":{"type":"Point","coordinates":[-0.18597,51.522164]},"properties":{"site":"Blomfield Road","location":"At Or Outside 59","lamp_column":"5","operator":"Shell Recharge","speed_class":"lccp","speeds":"5.5kW","bays":1,"bay_types":"LCCP - Dedicated","dedicated":true,"status":"installed","ward":"Little Venice","cp_ids":"606730"}},{"type":"Feature","id":212,"geometry":{"type":"Point","coordinates":[-0.186549,51.522347]},"properties":{"site":"Blomfield Road","location":"At Or Outside 63","lamp_column":"3","operator":"Shell Recharge","speed_class":"lccp","speeds":"5.5kW","bays":1,"bay_types":"LCCP","dedicated":false,"status":"installed","ward":"Little Venice","cp_ids":"806950"}},{"type":"Feature","id":213,"geometry":{"type":"Point","coordinates":[-0.186904,51.522454]},"properties":{"site":"Blomfield Road","location":"At Or Outside 66","lamp_column":"2","operator":"Shell Recharge","speed_class":"lccp","speeds":"5.5kW","bays":1,"bay_types":"LCCP","dedicated":false,"status":"installed","ward":"Little Venice","cp_ids":"805103"}},{"type":"Feature","id":214,"geometry":{"type":"Point","coordinates":[-0.187201,51.52254]},"properties":{"site":"Blomfield Road","location":"At Or Outside 68","lamp_column":"1","operator":"Shell Recharge","speed_class":"lccp","speeds":"5.5kW","bays":1,"bay_types":"LCCP","dedicated":false,"status":"installed","ward":"Little Venice","cp_ids":"806956"}},{"type":"Feature","id":215,"geometry":{"type":"Point","coordinates":[-0.184909,51.521053]},"properties":{"site":"Blomfield Villas","location":"At Or Outside 38","lamp_column":"6","operator":"Shell Recharge","speed_class":"lccp","speeds":"5.5kW","bays":1,"bay_types":"LCCP","dedicated":false,"status":"installed","ward":"Westbourne","cp_ids":"606554"}},{"type":"Feature","id":216,"geometry":{"type":"Point","coordinates":[-0.185282,51.520676]},"properties":{"site":"Blomfield Villas","location":"Opposite 24 O?S 17-31 Blomfield Villas","lamp_column":"4","operator":"Shell Recharge","speed_class":"lccp","speeds":"5.5kW","bays":1,"bay_types":"LCCP - Dedicated","dedicated":true,"status":"installed","ward":"Westbourne","cp_ids":"606556"}},{"type":"Feature","id":217,"geometry":{"type":"Point","coordinates":[-0.184915,51.521255]},"properties":{"site":"Blomfield Villas","location":"Opposite 42","lamp_column":"7","operator":"Shell Recharge","speed_class":"lccp","speeds":"5.5kW","bays":1,"bay_types":"LCCP","dedicated":false,"status":"installed","ward":"Westbourne","cp_ids":"806920"}},{"type":"Feature","id":218,"geometry":{"type":"Point","coordinates":[-0.153108,51.48995]},"properties":{"site":"Bloomfield Terrace","location":"Opposite 36","lamp_column":"3","operator":"Shell Recharge","speed_class":"lccp","speeds":"5.5kW","bays":1,"bay_types":"LCCP","dedicated":false,"status":"installed","ward":"Knightsbridge & Belgravia","cp_ids":"801116"}},{"type":"Feature","id":219,"geometry":{"type":"Point","coordinates":[-0.152181,51.490116]},"properties":{"site":"Bloomfield Terrace","location":"Opposite 45","lamp_column":"5","operator":"Shell Recharge","speed_class":"lccp","speeds":"5.5kW","bays":1,"bay_types":"LCCP","dedicated":false,"status":"installed","ward":"Knightsbridge & Belgravia","cp_ids":"801118"}},{"type":"Feature","id":220,"geometry":{"type":"Point","coordinates":[-0.152509,51.489974]},"properties":{"site":"Bloomfield Terrace","location":"Opposite 6","lamp_column":"4","operator":"Shell Recharge","speed_class":"lccp","speeds":"5.5kW","bays":1,"bay_types":"LCCP","dedicated":false,"status":"installed","ward":"Knightsbridge & Belgravia","cp_ids":"806797"}},{"type":"Feature","id":221,"geometry":{"type":"Point","coordinates":[-0.143555,51.523237]},"properties":{"site":"Bolsover Street","location":"At Or Outside Royal National Orthopaedic Hospita","lamp_column":"3","operator":"Shell Recharge","speed_class":"lccp","speeds":"5.5kW","bays":1,"bay_types":"LCCP","dedicated":false,"status":"installed","ward":"West End","cp_ids":"801213"}},{"type":"Feature","id":222,"geometry":{"type":"Point","coordinates":[-0.142345,51.520614]},"properties":{"site":"Bolsover Street","location":"Opposite 3-8","lamp_column":"20","operator":"Shell Recharge","speed_class":"lccp","speeds":"5.5kW","bays":1,"bay_types":"LCCP","dedicated":false,"status":"installed","ward":"West End","cp_ids":"805325"}},{"type":"Feature","id":223,"geometry":{"type":"Point","coordinates":[-0.143263,51.52296]},"properties":{"site":"Bolsover Street","location":"Side Of 10m From Greenwell  Street","lamp_column":"5","operator":"Shell Recharge","speed_class":"lccp","speeds":"5.5kW","bays":1,"bay_types":"LCCP","dedicated":false,"status":"installed","ward":"West End","cp_ids":"807221"}},{"type":"Feature","id":224,"geometry":{"type":"Point","coordinates":[-0.173332,51.52285]},"properties":{"site":"Boscobel Street","location":"Opp 125","lamp_column":null,"operator":"To be confirmed","speed_class":"rapid","speeds":"50-100kW","bays":1,"bay_types":"EV Bay","dedicated":true,"status":"planned","ward":"Church Street","cp_ids":null}},{"type":"Feature","id":225,"geometry":{"type":"Point","coordinates":[-0.162719,51.523338]},"properties":{"site":"Boston Place","location":"Opposite 32/34","lamp_column":"8","operator":"Shell Recharge","speed_class":"lccp","speeds":"5.5kW","bays":1,"bay_types":"LCCP","dedicated":false,"status":"installed","ward":"Regent's Park","cp_ids":"801164"}},{"type":"Feature","id":226,"geometry":{"type":"Point","coordinates":[-0.162826,51.523555]},"properties":{"site":"Boston Place","location":"Opposite 46","lamp_column":"7","operator":"Shell Recharge","speed_class":"lccp","speeds":"5.5kW","bays":1,"bay_types":"LCCP","dedicated":false,"status":"installed","ward":"Regent's Park","cp_ids":"801988"}},{"type":"Feature","id":227,"geometry":{"type":"Point","coordinates":[-0.163249,51.524469]},"properties":{"site":"Boston Place","location":"Opposite 84","lamp_column":"3","operator":"Shell Recharge","speed_class":"lccp","speeds":"5.5kW","bays":1,"bay_types":"LCCP","dedicated":false,"status":"installed","ward":"Regent's Park","cp_ids":"805026"}},{"type":"Feature","id":228,"geometry":{"type":"Point","coordinates":[-0.15389,51.491229]},"properties":{"site":"Bourne Street","location":"At Or Outside 56/58","lamp_column":"7","operator":"Shell Recharge","speed_class":"lccp","speeds":"5.5kW","bays":1,"bay_types":"LCCP","dedicated":false,"status":"installed","ward":"Knightsbridge & Belgravia","cp_ids":"801114"}},{"type":"Feature","id":229,"geometry":{"type":"Point","coordinates":[-0.154574,51.491731]},"properties":{"site":"Bourne Street","location":"At Or Outside 67/68","lamp_column":"2","operator":"Shell Recharge","speed_class":"lccp","speeds":"5.5kW","bays":1,"bay_types":"LCCP","dedicated":false,"status":"installed","ward":"Knightsbridge & Belgravia","cp_ids":"806691"}},{"type":"Feature","id":230,"geometry":{"type":"Point","coordinates":[-0.191061,51.52065]},"properties":{"site":"Bourne Street","location":"O/S 209 At J/W Harrow Road","lamp_column":null,"operator":"To be confirmed","speed_class":"rapid","speeds":"50-100kW","bays":1,"bay_types":"EV Bay","dedicated":true,"status":"planned","ward":"Westbourne","cp_ids":null}},{"type":"Feature","id":231,"geometry":{"type":"Point","coordinates":[-0.186192,51.520443]},"properties":{"site":"Bourne Terrace","location":"At Or Outside 26-40 Bourne Terrace","lamp_column":"17","operator":"Shell Recharge","speed_class":"lccp","speeds":"5.5kW","bays":1,"bay_types":"LCCP","dedicated":false,"status":"installed","ward":"Westbourne","cp_ids":"806929"}},{"type":"Feature","id":232,"geometry":{"type":"Point","coordinates":[-0.186404,51.520597]},"properties":{"site":"Bourne Terrace","location":"At Or Outside 42-56 Bourne Terrace","lamp_column":"16","operator":"Shell Recharge","speed_class":"lccp","speeds":"5.5kW","bays":1,"bay_types":"LCCP","dedicated":false,"status":"installed","ward":"Westbourne","cp_ids":"806912"}},{"type":"Feature","id":233,"geometry":{"type":"Point","coordinates":[-0.187626,51.521126]},"properties":{"site":"Bourne Terrace","location":"At Or Outside Atherstone House 26-33","lamp_column":"12","operator":"Shell Recharge","speed_class":"lccp","speeds":"5.5kW","bays":1,"bay_types":"LCCP","dedicated":false,"status":"installed","ward":"Westbourne","cp_ids":"806923"}},{"type":"Feature","id":234,"geometry":{"type":"Point","coordinates":[-0.186662,51.520785]},"properties":{"site":"Bourne Terrace","location":"At Or Outsideshop","lamp_column":"15","operator":"Shell Recharge","speed_class":"lccp","speeds":"5.5kW","bays":1,"bay_types":"LCCP","dedicated":false,"status":"installed","ward":"Westbourne","cp_ids":"806927"}},{"type":"Feature","id":235,"geometry":{"type":"Point","coordinates":[-0.189136,51.52113]},"properties":{"site":"Bourne Terrace","location":"Oppositie Gaydon House","lamp_column":"7","operator":"Shell Recharge","speed_class":"lccp","speeds":"5.5kW","bays":1,"bay_types":"LCCP","dedicated":false,"status":"installed","ward":"Westbourne","cp_ids":"806924"}},{"type":"Feature","id":236,"geometry":{"type":"Point","coordinates":[-0.190298,51.520973]},"properties":{"site":"Bourne Terrace","location":"Outside George Lowe Court","lamp_column":"4","operator":"Shell Recharge","speed_class":"lccp","speeds":"5.5kW","bays":1,"bay_types":"LCCP","dedicated":false,"status":"installed","ward":"Westbourne","cp_ids":"805072"}},{"type":"Feature","id":237,"geometry":{"type":"Point","coordinates":[-0.121544,51.512997]},"properties":{"site":"Bow Street","location":"At Or Outside 35","lamp_column":"7","operator":"Shell Recharge","speed_class":"lccp","speeds":"5.5kW","bays":1,"bay_types":"LCCP","dedicated":false,"status":"installed","ward":"St James's","cp_ids":"807552"}},{"type":"Feature","id":238,"geometry":{"type":"Point","coordinates":[-0.122959,51.513667]},"properties":{"site":"Bow Street","location":"Opposite 19","lamp_column":"1","operator":"Shell Recharge","speed_class":"lccp","speeds":"5.5kW","bays":1,"bay_types":"LCCP","dedicated":false,"status":"installed","ward":"St James's","cp_ids":"807296"}},{"type":"Feature","id":239,"geometry":{"type":"Point","coordinates":[-0.18916,51.524226]},"properties":{"site":"Braden Street","location":"Side Of No. 48 Shirland Road","lamp_column":"1","operator":"Shell Recharge","speed_class":"lccp","speeds":"5.5kW","bays":1,"bay_types":"LCCP","dedicated":false,"status":"installed","ward":"Westbourne","cp_ids":"805102"}},{"type":"Feature","id":240,"geometry":{"type":"Point","coordinates":[-0.20089,51.531058]},"properties":{"site":"Bradiston Road","location":"At Or Outside 18","lamp_column":"4","operator":"Shell Recharge","speed_class":"lccp","speeds":"5.5kW","bays":1,"bay_types":"LCCP","dedicated":false,"status":"installed","ward":"Harrow Road","cp_ids":"602421"}},{"type":"Feature","id":241,"geometry":{"type":"Point","coordinates":[-0.201167,51.530941]},"properties":{"site":"Bradiston Road","location":"At Or Outside 8","lamp_column":"3","operator":"Shell Recharge","speed_class":"lccp","speeds":"5.5kW","bays":1,"bay_types":"LCCP","dedicated":false,"status":"installed","ward":"Harrow Road","cp_ids":"602422"}},{"type":"Feature","id":242,"geometry":{"type":"Point","coordinates":[-0.201817,51.530722]},"properties":{"site":"Bradiston Road","location":"Opposite 121a","lamp_column":"1","operator":"Shell Recharge","speed_class":"lccp","speeds":"5.5kW","bays":1,"bay_types":"LCCP - Dedicated","dedicated":true,"status":"installed","ward":"Harrow Road","cp_ids":"606665"}},{"type":"Feature","id":243,"geometry":{"type":"Point","coordinates":[-0.200576,51.531163]},"properties":{"site":"Bradiston Road","location":"Side Of Saltram Crescent","lamp_column":"5","operator":"Shell Recharge","speed_class":"lccp","speeds":"5.5kW","bays":1,"bay_types":"LCCP","dedicated":false,"status":"installed","ward":"Harrow Road","cp_ids":"602420"}},{"type":"Feature","id":244,"geometry":{"type":"Point","coordinates":[-0.204472,51.528601]},"properties":{"site":"Bravington Road","location":"At Or Outside 1","lamp_column":"20","operator":"Shell Recharge","speed_class":"lccp","speeds":"5.5kW","bays":1,"bay_types":"LCCP","dedicated":false,"status":"installed","ward":"Queen's Park","cp_ids":"806990"}},{"type":"Feature","id":245,"geometry":{"type":"Point","coordinates":[-0.204342,51.529439]},"properties":{"site":"Bravington Road","location":"At Or Outside 105","lamp_column":"16","operator":"Shell Recharge","speed_class":"lccp","speeds":"5.5kW","bays":1,"bay_types":"LCCP","dedicated":false,"status":"installed","ward":"Queen's Park","cp_ids":"806997"}},{"type":"Feature","id":246,"geometry":{"type":"Point","coordinates":[-0.204732,51.530123]},"properties":{"site":"Bravington Road","location":"At Or Outside 118","lamp_column":"13","operator":"Shell Recharge","speed_class":"lccp","speeds":"5.5kW","bays":1,"bay_types":"LCCP","dedicated":false,"status":"installed","ward":"Queen's Park","cp_ids":"805157"}},{"type":"Feature","id":247,"geometry":{"type":"Point","coordinates":[-0.20492,51.530538]},"properties":{"site":"Bravington Road","location":"At Or Outside 134","lamp_column":"11","operator":"Shell Recharge","speed_class":"lccp","speeds":"5.5kW","bays":1,"bay_types":"LCCP","dedicated":false,"status":"installed","ward":"Queen's Park","cp_ids":"805164"}},{"type":"Feature","id":248,"geometry":{"type":"Point","coordinates":[-0.204809,51.52676]},"properties":{"site":"Bravington Road","location":"At Or Outside 14","lamp_column":"28","operator":"Shell Recharge","speed_class":"lccp","speeds":"5.5kW","bays":1,"bay_types":"LCCP","dedicated":false,"status":"installed","ward":"Queen's Park","cp_ids":"805152"}},{"type":"Feature","id":249,"geometry":{"type":"Point","coordinates":[-0.204691,51.530333]},"properties":{"site":"Bravington Road","location":"At Or Outside 143","lamp_column":"12","operator":"Shell Recharge","speed_class":"lccp","speeds":"5.5kW","bays":1,"bay_types":"LCCP","dedicated":false,"status":"installed","ward":"Queen's Park","cp_ids":"806995"}},{"type":"Feature","id":250,"geometry":{"type":"Point","coordinates":[-0.205149,51.530994]},"properties":{"site":"Bravington Road","location":"At Or Outside 148","lamp_column":"9","operator":"Shell Recharge","speed_class":"lccp","speeds":"5.5kW","bays":1,"bay_types":"LCCP","dedicated":false,"status":"installed","ward":"Queen's Park","cp_ids":"806993"}},{"type":"Feature","id":251,"geometry":{"type":"Point","coordinates":[-0.204883,51.530758]},"properties":{"site":"Bravington Road","location":"At Or Outside 161","lamp_column":"10","operator":"Shell Recharge","speed_class":"lccp","speeds":"5.5kW","bays":1,"bay_types":"LCCP","dedicated":false,"status":"installed","ward":"Queen's Park","cp_ids":"806992"}},{"type":"Feature","id":252,"geometry":{"type":"Point","coordinates":[-0.205465,51.531486]},"properties":{"site":"Bravington Road","location":"At Or Outside 170/172","lamp_column":"7","operator":"Shell Recharge","speed_class":"lccp","speeds":"5.5kW","bays":1,"bay_types":"LCCP","dedicated":false,"status":"installed","ward":"Queen's Park","cp_ids":"806988"}},{"type":"Feature","id":253,"geometry":{"type":"Point","coordinates":[-0.20517,51.531251]},"properties":{"site":"Bravington Road","location":"At Or Outside 179","lamp_column":"8","operator":"Shell Recharge","speed_class":"lccp","speeds":"5.5kW","bays":1,"bay_types":"LCCP","dedicated":false,"status":"installed","ward":"Queen's Park","cp_ids":"806991"}},{"type":"Feature","id":254,"geometry":{"type":"Point","coordinates":[-0.205702,51.531848]},"properties":{"site":"Bravington Road","location":"At Or Outside 186/188","lamp_column":"5","operator":"Shell Recharge","speed_class":"lccp","speeds":"5.5kW","bays":1,"bay_types":"LCCP","dedicated":false,"status":"installed","ward":"Queen's Park","cp_ids":"805150"}},{"type":"Feature","id":255,"geometry":{"type":"Point","coordinates":[-0.205459,51.531693]},"properties":{"site":"Bravington Road","location":"At Or Outside 199","lamp_column":"6","operator":"Shell Recharge","speed_class":"lccp","speeds":"5.5kW","bays":1,"bay_types":"LCCP","dedicated":false,"status":"installed","ward":"Queen's Park","cp_ids":"806989"}},{"type":"Feature","id":256,"geometry":{"type":"Point","coordinates":[-0.205974,51.532291]},"properties":{"site":"Bravington Road","location":"At Or Outside 206","lamp_column":"3","operator":"Shell Recharge","speed_class":"lccp","speeds":"5.5kW","bays":1,"bay_types":"LCCP","dedicated":false,"status":"installed","ward":"Queen's Park","cp_ids":"805151"}},{"type":"Feature","id":257,"geometry":{"type":"Point","coordinates":[-0.205711,51.53208]},"properties":{"site":"Bravington Road","location":"At Or Outside 215","lamp_column":"4","operator":"Shell Recharge","speed_class":"lccp","speeds":"5.5kW","bays":1,"bay_types":"LCCP","dedicated":false,"status":"installed","ward":"Queen's Park","cp_ids":"806986"}},{"type":"Feature","id":258,"geometry":{"type":"Point","coordinates":[-0.205933,51.532538]},"properties":{"site":"Bravington Road","location":"At Or Outside 231","lamp_column":"2","operator":"Shell Recharge","speed_class":"lccp","speeds":"5.5kW","bays":1,"bay_types":"LCCP","dedicated":false,"status":"installed","ward":"Queen's Park","cp_ids":"806987"}},{"type":"Feature","id":259,"geometry":{"type":"Point","coordinates":[-0.204632,51.526961]},"properties":{"site":"Bravington Road","location":"At Or Outside 35","lamp_column":"27","operator":"Shell Recharge","speed_class":"lccp","speeds":"5.5kW","bays":1,"bay_types":"LCCP","dedicated":false,"status":"installed","ward":"Queen's Park","cp_ids":"805155"}},{"type":"Feature","id":260,"geometry":{"type":"Point","coordinates":[-0.204551,51.527439]},"properties":{"site":"Bravington Road","location":"At Or Outside 47","lamp_column":"25","operator":"Shell Recharge","speed_class":"lccp","speeds":"5.5kW","bays":1,"bay_types":"LCCP","dedicated":false,"status":"installed","ward":"Queen's Park","cp_ids":"805153"}},{"type":"Feature","id":261,"geometry":{"type":"Point","coordinates":[-0.204636,51.527686]},"properties":{"site":"Bravington Road","location":"At Or Outside 50/52","lamp_column":"24","operator":"Shell Recharge","speed_class":"lccp","speeds":"5.5kW","bays":1,"bay_types":"LCCP","dedicated":false,"status":"installed","ward":"Queen's Park","cp_ids":"805159"}},{"type":"Feature","id":262,"geometry":{"type":"Point","coordinates":[-0.204464,51.527875]},"properties":{"site":"Bravington Road","location":"At Or Outside 65","lamp_column":"23","operator":"Shell Recharge","speed_class":"lccp","speeds":"5.5kW","bays":1,"bay_types":"LCCP","dedicated":false,"status":"installed","ward":"Queen's Park","cp_ids":"805154"}},{"type":"Feature","id":263,"geometry":{"type":"Point","coordinates":[-0.204568,51.528077]},"properties":{"site":"Bravington Road","location":"At Or Outside 66/68","lamp_column":"22","operator":"Shell Recharge","speed_class":"lccp","speeds":"5.5kW","bays":1,"bay_types":"LCCP","dedicated":false,"status":"installed","ward":"Queen's Park","cp_ids":"805158"}},{"type":"Feature","id":264,"geometry":{"type":"Point","coordinates":[-0.204394,51.5283]},"properties":{"site":"Bravington Road","location":"At Or Outside 81/83","lamp_column":"21","operator":"Shell Recharge","speed_class":"lccp","speeds":"5.5kW","bays":1,"bay_types":"LCCP - Dedicated","dedicated":true,"status":"installed","ward":"Queen's Park","cp_ids":"602198"}},{"type":"Feature","id":265,"geometry":{"type":"Point","coordinates":[-0.204517,51.529611]},"properties":{"site":"Bravington Road","location":"At Or Outside 98/100","lamp_column":"15","operator":"Shell Recharge","speed_class":"lccp","speeds":"5.5kW","bays":1,"bay_types":"LCCP","dedicated":false,"status":"installed","ward":"Queen's Park","cp_ids":"805156"}},{"type":"Feature","id":266,"geometry":{"type":"Point","coordinates":[-0.17935,51.500091]},"properties":{"site":"Bremner Road","location":"Side Of 188 Queens Gate","lamp_column":"2","operator":"Shell Recharge","speed_class":"lccp","speeds":"5.5kW","bays":1,"bay_types":"LCCP - Dedicated","dedicated":true,"status":"installed","ward":"Knightsbridge & Belgravia","cp_ids":"606824"}},{"type":"Feature","id":267,"geometry":{"type":"Point","coordinates":[-0.135714,51.511418]},"properties":{"site":"Brewer Street","location":"At Or Outside 63 To 65","lamp_column":"7","operator":"Shell Recharge","speed_class":"lccp","speeds":"5.5kW","bays":1,"bay_types":"LCCP","dedicated":false,"status":"installed","ward":"West End","cp_ids":"801979"}},{"type":"Feature","id":268,"geometry":{"type":"Point","coordinates":[-0.168823,51.533106]},"properties":{"site":"Bridgeman Street","location":"At Or Outside 8","lamp_column":"3","operator":"Shell Recharge","speed_class":"lccp","speeds":"5.5kW","bays":1,"bay_types":"LCCP - Dedicated","dedicated":true,"status":"installed","ward":"Regent's Park","cp_ids":"606966"}},{"type":"Feature","id":269,"geometry":{"type":"Point","coordinates":[-0.186476,51.523074]},"properties":{"site":"Bristol Gardens","location":"At Or Outside 27/29","lamp_column":"2","operator":"Shell Recharge","speed_class":"lccp","speeds":"5.5kW","bays":1,"bay_types":"LCCP","dedicated":false,"status":"installed","ward":"Little Venice","cp_ids":"801128"}},{"type":"Feature","id":270,"geometry":{"type":"Point","coordinates":[-0.170852,51.521636]},"properties":{"site":"Broadley Street","location":"At Or Outside 123","lamp_column":"4","operator":"Shell Recharge","speed_class":"lccp","speeds":"5.5kW","bays":1,"bay_types":"LCCP","dedicated":false,"status":"installed","ward":"Church Street","cp_ids":"805107"}},{"type":"Feature","id":271,"geometry":{"type":"Point","coordinates":[-0.169153,51.5227]},"properties":{"site":"Broadley Street","location":"At Or Outside 14","lamp_column":"13","operator":"Shell Recharge","speed_class":"lccp","speeds":"5.5kW","bays":1,"bay_types":"LCCP","dedicated":false,"status":"installed","ward":"Church Street","cp_ids":"805271"}},{"type":"Feature","id":272,"geometry":{"type":"Point","coordinates":[-0.16841,51.523013]},"properties":{"site":"Broadley Street","location":"At Or Outside Lyon House","lamp_column":"18","operator":"Shell Recharge","speed_class":"lccp","speeds":"5.5kW","bays":1,"bay_types":"LCCP - Dedicated","dedicated":true,"status":"installed","ward":"Church Street","cp_ids":"602135"}},{"type":"Feature","id":273,"geometry":{"type":"Point","coordinates":[-0.171147,51.521585]},"properties":{"site":"Broadley Street","location":"Opposite 123","lamp_column":"3","operator":"Shell Recharge","speed_class":"lccp","speeds":"5.5kW","bays":1,"bay_types":"LCCP","dedicated":false,"status":"installed","ward":"Church Street","cp_ids":"602134"}},{"type":"Feature","id":274,"geometry":{"type":"Point","coordinates":[-0.166199,51.524297]},"properties":{"site":"Broadley Terrace","location":"Opposite 27","lamp_column":"2","operator":"Shell Recharge","speed_class":"lccp","speeds":"5.5kW","bays":1,"bay_types":"LCCP","dedicated":false,"status":"installed","ward":"Regent's Park","cp_ids":"801992"}},{"type":"Feature","id":275,"geometry":{"type":"Point","coordinates":[-0.166911,51.523933]},"properties":{"site":"Broadley Terrace","location":"Opposite Portman Gate","lamp_column":"4","operator":"Shell Recharge","speed_class":"lccp","speeds":"5.5kW","bays":1,"bay_types":"LCCP","dedicated":false,"status":"installed","ward":"Regent's Park","cp_ids":"801165"}},{"type":"Feature","id":276,"geometry":{"type":"Point","coordinates":[-0.136804,51.51332]},"properties":{"site":"Broadwick Street","location":"Outside 41 Or 43","lamp_column":null,"operator":"To be confirmed","speed_class":"rapid","speeds":"50-100kW","bays":1,"bay_types":"EV Bay","dedicated":true,"status":"planned","ward":"West End","cp_ids":null}},{"type":"Feature","id":277,"geometry":{"type":"Point","coordinates":[-0.172412,51.512536]},"properties":{"site":"Brook Street","location":"At J/W Bayswater Road","lamp_column":null,"operator":"ESB","speed_class":"rapid","speeds":"50kW","bays":1,"bay_types":"EV Bay","dedicated":true,"status":"installed","ward":"Hyde Park","cp_ids":"UT04K4"}},{"type":"Feature","id":278,"geometry":{"type":"Point","coordinates":[-0.149085,51.512585]},"properties":{"site":"Brook Street","location":"At Or Outside 74","lamp_column":"5","operator":"Shell Recharge","speed_class":"lccp","speeds":"5.5kW","bays":1,"bay_types":"LCCP","dedicated":false,"status":"installed","ward":"West End","cp_ids":"807509"}},{"type":"Feature","id":279,"geometry":{"type":"Point","coordinates":[-0.149774,51.512359]},"properties":{"site":"Brook Street","location":"At Or Outside 75","lamp_column":"2","operator":"Shell Recharge","speed_class":"lccp","speeds":"5.5kW","bays":1,"bay_types":"LCCP","dedicated":false,"status":"installed","ward":"West End","cp_ids":"807511"}},{"type":"Feature","id":280,"geometry":{"type":"Point","coordinates":[-0.149624,51.512485]},"properties":{"site":"Brook Street","location":"At Or Outside 84","lamp_column":"3","operator":"Shell Recharge","speed_class":"lccp","speeds":"5.5kW","bays":1,"bay_types":"LCCP","dedicated":false,"status":"installed","ward":"West End","cp_ids":"807510"}},{"type":"Feature","id":281,"geometry":{"type":"Point","coordinates":[-0.149381,51.512434]},"properties":{"site":"Brook Street","location":"Opposite Gilbert Street","lamp_column":"4","operator":"Shell Recharge","speed_class":"lccp","speeds":"5.5kW","bays":1,"bay_types":"LCCP","dedicated":false,"status":"installed","ward":"West End","cp_ids":"807515"}},{"type":"Feature","id":282,"geometry":{"type":"Point","coordinates":[-0.206462,51.52869]},"properties":{"site":"Bruckner Street","location":"Loc: At Or Outside. Propno: 18. Position: On Kerb Edge.","lamp_column":"4","operator":"Shell Recharge","speed_class":"lccp","speeds":"5.5kW","bays":1,"bay_types":"LCCP","dedicated":false,"status":"installed","ward":"Queen's Park","cp_ids":null}},{"type":"Feature","id":283,"geometry":{"type":"Point","coordinates":[-0.206171,51.528728]},"properties":{"site":"Bruckner Street","location":"Outside No. 11","lamp_column":"5","operator":"Shell Recharge","speed_class":"lccp","speeds":"5.5kW","bays":1,"bay_types":"LCCP","dedicated":false,"status":"installed","ward":"Queen's Park","cp_ids":"806768"}},{"type":"Feature","id":284,"geometry":{"type":"Point","coordinates":[-0.160529,51.517593]},"properties":{"site":"Bryanston Square","location":"At Or Outside 11","lamp_column":"7","operator":"Shell Recharge","speed_class":"lccp","speeds":"5.5kW","bays":1,"bay_types":"LCCP","dedicated":false,"status":"installed","ward":"Marylebone","cp_ids":"805296"}},{"type":"Feature","id":285,"geometry":{"type":"Point","coordinates":[-0.160876,51.518291]},"properties":{"site":"Bryanston Square","location":"At Or Outside 18","lamp_column":"3","operator":"Shell Recharge","speed_class":"lccp","speeds":"5.5kW","bays":1,"bay_types":"LCCP","dedicated":false,"status":"installed","ward":"Marylebone","cp_ids":"801996"}},{"type":"Feature","id":286,"geometry":{"type":"Point","coordinates":[-0.161679,51.518379]},"properties":{"site":"Bryanston Square","location":"At Or Outside 28","lamp_column":"21","operator":"Shell Recharge","speed_class":"lccp","speeds":"5.5kW","bays":1,"bay_types":"LCCP","dedicated":false,"status":"installed","ward":"Marylebone","cp_ids":"801101"}},{"type":"Feature","id":287,"geometry":{"type":"Point","coordinates":[-0.161516,51.51804]},"properties":{"site":"Bryanston Square","location":"At Or Outside 32","lamp_column":"19","operator":"Shell Recharge","speed_class":"lccp","speeds":"5.5kW","bays":1,"bay_types":"LCCP","dedicated":false,"status":"installed","ward":"Marylebone","cp_ids":"801103"}},{"type":"Feature","id":288,"geometry":{"type":"Point","coordinates":[-0.161334,51.517642]},"properties":{"site":"Bryanston Square","location":"At Or Outside 34","lamp_column":"17","operator":"Shell Recharge","speed_class":"lccp","speeds":"5.5kW","bays":1,"bay_types":"LCCP","dedicated":false,"status":"installed","ward":"Marylebone","cp_ids":"801653"}},{"type":"Feature","id":289,"geometry":{"type":"Point","coordinates":[-0.160237,51.516977]},"properties":{"site":"Bryanston Square","location":"At Or Outside 4/5","lamp_column":"10","operator":"Shell Recharge","speed_class":"lccp","speeds":"5.5kW","bays":1,"bay_types":"LCCP","dedicated":false,"status":"installed","ward":"Marylebone","cp_ids":"801994"}},{"type":"Feature","id":290,"geometry":{"type":"Point","coordinates":[-0.161004,51.516899]},"properties":{"site":"Bryanston Square","location":"At Or Outside 45/46","lamp_column":"13","operator":"Shell Recharge","speed_class":"lccp","speeds":"5.5kW","bays":1,"bay_types":"LCCP","dedicated":false,"status":"installed","ward":"Marylebone","cp_ids":"802005"}},{"type":"Feature","id":291,"geometry":{"type":"Point","coordinates":[-0.160955,51.518481]},"properties":{"site":"Bryanston Square","location":"At Or Outside Embassy","lamp_column":"2","operator":"Shell Recharge","speed_class":"lccp","speeds":"5.5kW","bays":1,"bay_types":"LCCP","dedicated":false,"status":"installed","ward":"Marylebone","cp_ids":"807180"}},{"type":"Feature","id":292,"geometry":{"type":"Point","coordinates":[-0.161411,51.517895]},"properties":{"site":"Bryanston Square","location":"Outside 33","lamp_column":null,"operator":"TotalEnergies","speed_class":"fast","speeds":"22kW","bays":2,"bay_types":"EV Bay","dedicated":true,"status":"installed","ward":"Marylebone","cp_ids":"9860001582"}},{"type":"Feature","id":293,"geometry":{"type":"Point","coordinates":[-0.161256,51.517433]},"properties":{"site":"Bryanston Square","location":"Outside No. 34","lamp_column":"16","operator":"Shell Recharge","speed_class":"lccp","speeds":"5.5kW","bays":1,"bay_types":"LCCP","dedicated":false,"status":"installed","ward":"Marylebone","cp_ids":"802007"}},{"type":"Feature","id":294,"geometry":{"type":"Point","coordinates":[-0.160687,51.514034]},"properties":{"site":"Bryanston Street","location":"At J/W Edgware Road","lamp_column":null,"operator":"To be confirmed","speed_class":"rapid","speeds":"50kW","bays":1,"bay_types":"EV Bay","dedicated":true,"status":"planned","ward":"West End","cp_ids":"TBC"}},{"type":"Feature","id":295,"geometry":{"type":"Point","coordinates":[-0.128847,51.491976]},"properties":{"site":"Bulinga Street","location":"Junction With Herrick Street","lamp_column":"1","operator":"Shell Recharge","speed_class":"lccp","speeds":"5.5kW","bays":1,"bay_types":"LCCP","dedicated":false,"status":"installed","ward":"Vincent Square","cp_ids":"807580"}},{"type":"Feature","id":296,"geometry":{"type":"Point","coordinates":[-0.150323,51.517847]},"properties":{"site":"Bulstrode Street","location":"Opposite 7","lamp_column":"4","operator":"Shell Recharge","speed_class":"lccp","speeds":"5.5kW","bays":1,"bay_types":"LCCP","dedicated":false,"status":"installed","ward":"Marylebone","cp_ids":"801217"}},{"type":"Feature","id":297,"geometry":{"type":"Point","coordinates":[-0.16618,51.516707]},"properties":{"site":"Burwood Place","location":"At Or Outside Water Gardens","lamp_column":"2","operator":"Shell Recharge","speed_class":"lccp","speeds":"5.5kW","bays":1,"bay_types":"LCCP - Dedicated","dedicated":true,"status":"installed","ward":"Hyde Park","cp_ids":"606684"}},{"type":"Feature","id":298,"geometry":{"type":"Point","coordinates":[-0.206448,51.528056]},"properties":{"site":"Caird Street","location":"At Or Outside 23","lamp_column":"4","operator":"Shell Recharge","speed_class":"lccp","speeds":"5.5kW","bays":1,"bay_types":"LCCP","dedicated":false,"status":"installed","ward":"Queen's Park","cp_ids":"605131"}},{"type":"Feature","id":299,"geometry":{"type":"Point","coordinates":[-0.206993,51.528114]},"properties":{"site":"Caird Street","location":"At Or Outside 35","lamp_column":"2","operator":"Shell Recharge","speed_class":"lccp","speeds":"5.5kW","bays":1,"bay_types":"LCCP","dedicated":false,"status":"installed","ward":"Queen's Park","cp_ids":"605132"}},{"type":"Feature","id":300,"geometry":{"type":"Point","coordinates":[-0.205649,51.527967]},"properties":{"site":"Caird Street","location":"At Or Outside 5","lamp_column":"7","operator":"Shell Recharge","speed_class":"lccp","speeds":"5.5kW","bays":1,"bay_types":"LCCP","dedicated":false,"status":"installed","ward":"Queen's Park","cp_ids":"605133"}},{"type":"Feature","id":301,"geometry":{"type":"Point","coordinates":[-0.206801,51.528172]},"properties":{"site":"Caird Street","location":"Opposite Second Avenue","lamp_column":"3","operator":"Shell Recharge","speed_class":"lccp","speeds":"5.5kW","bays":1,"bay_types":"LCCP","dedicated":false,"status":"installed","ward":"Queen's Park","cp_ids":"807461"}},{"type":"Feature","id":302,"geometry":{"type":"Point","coordinates":[-0.168662,51.515809]},"properties":{"site":"Cambridge Square","location":"At Or Outside 1-33 Castleacre","lamp_column":"4","operator":"Shell Recharge","speed_class":"lccp","speeds":"5.5kW","bays":1,"bay_types":"LCCP","dedicated":false,"status":"installed","ward":"Hyde Park","cp_ids":"808017"}},{"type":"Feature","id":303,"geometry":{"type":"Point","coordinates":[-0.168554,51.516291]},"properties":{"site":"Cambridge Square","location":"At Or Outside 18","lamp_column":"8","operator":"Shell Recharge","speed_class":"lccp","speeds":"5.5kW","bays":1,"bay_types":"LCCP - Dedicated","dedicated":true,"status":"installed","ward":"Hyde Park","cp_ids":"606682"}},{"type":"Feature","id":304,"geometry":{"type":"Point","coordinates":[-0.168294,51.516436]},"properties":{"site":"Cambridge Square","location":"At Or Outside 50yds From Sl8","lamp_column":"9","operator":"Shell Recharge","speed_class":"lccp","speeds":"5.5kW","bays":1,"bay_types":"LCCP","dedicated":false,"status":"installed","ward":"Hyde Park","cp_ids":"606548"}},{"type":"Feature","id":305,"geometry":{"type":"Point","coordinates":[-0.167748,51.516241]},"properties":{"site":"Cambridge Square","location":"At Or Outside Raynham Flats","lamp_column":"1","operator":"Shell Recharge","speed_class":"lccp","speeds":"5.5kW","bays":1,"bay_types":"LCCP","dedicated":false,"status":"installed","ward":"Hyde Park","cp_ids":"802011"}},{"type":"Feature","id":306,"geometry":{"type":"Point","coordinates":[-0.144027,51.490183]},"properties":{"site":"Cambridge Street","location":"At Or Outside 80","lamp_column":"8","operator":"Shell Recharge","speed_class":"lccp","speeds":"5.5kW","bays":1,"bay_types":"LCCP","dedicated":false,"status":"installed","ward":"Pimlico North","cp_ids":"801135"}},{"type":"Feature","id":307,"geometry":{"type":"Point","coordinates":[-0.140952,51.488858]},"properties":{"site":"Cambridge Street","location":"O/S 137","lamp_column":"16","operator":"Shell Recharge","speed_class":"lccp","speeds":"5.5kW","bays":1,"bay_types":"LCCP","dedicated":false,"status":"installed","ward":"Pimlico North","cp_ids":null}},{"type":"Feature","id":308,"geometry":{"type":"Point","coordinates":[-0.14584,51.491063]},"properties":{"site":"Cambridge Street","location":"O/S 32","lamp_column":"4","operator":"Shell Recharge","speed_class":"lccp","speeds":"5.5kW","bays":1,"bay_types":"LCCP","dedicated":false,"status":"installed","ward":"Pimlico North","cp_ids":"801136"}},{"type":"Feature","id":309,"geometry":{"type":"Point","coordinates":[-0.141904,51.489314]},"properties":{"site":"Cambridge Street","location":"Opposite 132","lamp_column":"13","operator":"Shell Recharge","speed_class":"lccp","speeds":"5.5kW","bays":1,"bay_types":"LCCP - Dedicated","dedicated":true,"status":"installed","ward":"Pimlico North","cp_ids":"602172"}},{"type":"Feature","id":310,"geometry":{"type":"Point","coordinates":[-0.146625,51.491533]},"properties":{"site":"Cambridge Street","location":"Outside 11","lamp_column":"1","operator":"Shell Recharge","speed_class":"lccp","speeds":"5.5kW","bays":1,"bay_types":"LCCP","dedicated":false,"status":"installed","ward":"Pimlico North","cp_ids":"805297"}},{"type":"Feature","id":311,"geometry":{"type":"Point","coordinates":[-0.141306,51.489025]},"properties":{"site":"Cambridge Street","location":"Outside 52","lamp_column":"15","operator":"Shell Recharge","speed_class":"lccp","speeds":"5.5kW","bays":1,"bay_types":"LCCP - Dedicated","dedicated":true,"status":"installed","ward":"Pimlico North","cp_ids":"602173"}},{"type":"Feature","id":312,"geometry":{"type":"Point","coordinates":[-0.140142,51.488473]},"properties":{"site":"Cambridge Street","location":"Outside 70","lamp_column":"18","operator":"Shell Recharge","speed_class":"lccp","speeds":"5.5kW","bays":1,"bay_types":"LCCP - Dedicated","dedicated":true,"status":"installed","ward":"Pimlico North","cp_ids":"602174"}},{"type":"Feature","id":313,"geometry":{"type":"Point","coordinates":[-0.143066,51.489855]},"properties":{"site":"Cambridge Street","location":"Outside 99","lamp_column":"10","operator":"Shell Recharge","speed_class":"lccp","speeds":"5.5kW","bays":1,"bay_types":"LCCP","dedicated":false,"status":"installed","ward":"Pimlico North","cp_ids":"801346"}},{"type":"Feature","id":314,"geometry":{"type":"Point","coordinates":[-0.17149,51.525463]},"properties":{"site":"Capland Street","location":"At Or Outside 9-16 Capland House","lamp_column":"18","operator":"Shell Recharge","speed_class":"lccp","speeds":"5.5kW","bays":1,"bay_types":"LCCP - Dedicated","dedicated":true,"status":"installed","ward":"Church Street","cp_ids":"605111"}},{"type":"Feature","id":315,"geometry":{"type":"Point","coordinates":[-0.142609,51.522204]},"properties":{"site":"Carburton Street","location":"At Or Outside Holiday Inn","lamp_column":"5","operator":"Shell Recharge","speed_class":"lccp","speeds":"5.5kW","bays":1,"bay_types":"LCCP","dedicated":false,"status":"installed","ward":"West End","cp_ids":"807222"}},{"type":"Feature","id":316,"geometry":{"type":"Point","coordinates":[-0.114532,51.514727]},"properties":{"site":"Carey Street","location":"At Or Outside 30m From Serle Street","lamp_column":"5","operator":"Shell Recharge","speed_class":"lccp","speeds":"5.5kW","bays":1,"bay_types":"LCCP","dedicated":false,"status":"installed","ward":"St James's","cp_ids":"807295"}},{"type":"Feature","id":317,"geometry":{"type":"Point","coordinates":[-0.112216,51.515117]},"properties":{"site":"Carey Street","location":"Opposite Star Yard","lamp_column":"13","operator":"Shell Recharge","speed_class":"lccp","speeds":"5.5kW","bays":1,"bay_types":"LCCP","dedicated":false,"status":"installed","ward":"St James's","cp_ids":"807291"}},{"type":"Feature","id":318,"geometry":{"type":"Point","coordinates":[-0.140769,51.495302]},"properties":{"site":"Carlisle Place","location":"At Or Outside 5 Carlisle Place","lamp_column":"8","operator":"Shell Recharge","speed_class":"lccp","speeds":"5.5kW","bays":1,"bay_types":"LCCP","dedicated":false,"status":"installed","ward":"Vincent Square","cp_ids":"801143"}},{"type":"Feature","id":319,"geometry":{"type":"Point","coordinates":[-0.179321,51.53717]},"properties":{"site":"Carlton Hill","location":"At Or Outside 1","lamp_column":"26","operator":"Shell Recharge","speed_class":"lccp","speeds":"5.5kW","bays":1,"bay_types":"LCCP","dedicated":false,"status":"installed","ward":"Abbey Road","cp_ids":"806736"}},{"type":"Feature","id":320,"geometry":{"type":"Point","coordinates":[-0.180038,51.536911]},"properties":{"site":"Carlton Hill","location":"At Or Outside 11","lamp_column":"24","operator":"Shell Recharge","speed_class":"lccp","speeds":"5.5kW","bays":1,"bay_types":"LCCP","dedicated":false,"status":"installed","ward":"Abbey Road","cp_ids":"602774"}},{"type":"Feature","id":321,"geometry":{"type":"Point","coordinates":[-0.180457,51.536762]},"properties":{"site":"Carlton Hill","location":"At Or Outside 17","lamp_column":"23","operator":"Shell Recharge","speed_class":"lccp","speeds":"5.5kW","bays":1,"bay_types":"LCCP","dedicated":false,"status":"installed","ward":"Abbey Road","cp_ids":"606876"}},{"type":"Feature","id":322,"geometry":{"type":"Point","coordinates":[-0.180858,51.53662]},"properties":{"site":"Carlton Hill","location":"At Or Outside 23","lamp_column":"22","operator":"Shell Recharge","speed_class":"lccp","speeds":"5.5kW","bays":1,"bay_types":"LCCP","dedicated":false,"status":"installed","ward":"Abbey Road","cp_ids":"806734"}},{"type":"Feature","id":323,"geometry":{"type":"Point","coordinates":[-0.179658,51.537049]},"properties":{"site":"Carlton Hill","location":"At Or Outside 5/7","lamp_column":"25","operator":"Shell Recharge","speed_class":"lccp","speeds":"5.5kW","bays":1,"bay_types":"LCCP - Dedicated","dedicated":true,"status":"installed","ward":"Abbey Road","cp_ids":"606877"}},{"type":"Feature","id":324,"geometry":{"type":"Point","coordinates":[-0.18344,51.535524]},"properties":{"site":"Carlton Hill","location":"At Or Outside 57","lamp_column":"14","operator":"Shell Recharge","speed_class":"lccp","speeds":"5.5kW","bays":1,"bay_types":"LCCP - Dedicated","dedicated":true,"status":"installed","ward":"Abbey Road","cp_ids":"602773"}},{"type":"Feature","id":325,"geometry":{"type":"Point","coordinates":[-0.186484,51.533993]},"properties":{"site":"Carlton Hill","location":"At Or Outside 85","lamp_column":"4","operator":"Shell Recharge","speed_class":"lccp","speeds":"5.5kW","bays":1,"bay_types":"LCCP","dedicated":false,"status":"installed","ward":"Abbey Road","cp_ids":"801162"}},{"type":"Feature","id":326,"geometry":{"type":"Point","coordinates":[-0.184032,51.535221]},"properties":{"site":"Carlton Hill","location":"Opposite 65/67","lamp_column":"12","operator":"Shell Recharge","speed_class":"lccp","speeds":"5.5kW","bays":1,"bay_types":"LCCP","dedicated":false,"status":"installed","ward":"Abbey Road","cp_ids":"606874"}},{"type":"Feature","id":327,"geometry":{"type":"Point","coordinates":[-0.184945,51.534751]},"properties":{"site":"Carlton Hill","location":"Opposite 78","lamp_column":"9","operator":"Shell Recharge","speed_class":"lccp","speeds":"5.5kW","bays":1,"bay_types":"LCCP","dedicated":false,"status":"installed","ward":"Abbey Road","cp_ids":"606873"}},{"type":"Feature","id":328,"geometry":{"type":"Point","coordinates":[-0.185281,51.534588]},"properties":{"site":"Carlton Hill","location":"Opposite 80","lamp_column":"8","operator":"Shell Recharge","speed_class":"lccp","speeds":"5.5kW","bays":1,"bay_types":"LCCP - Dedicated","dedicated":true,"status":"installed","ward":"Abbey Road","cp_ids":"606872"}},{"type":"Feature","id":329,"geometry":{"type":"Point","coordinates":[-0.185587,51.534436]},"properties":{"site":"Carlton Hill","location":"Opposite 84","lamp_column":"7","operator":"Shell Recharge","speed_class":"lccp","speeds":"5.5kW","bays":1,"bay_types":"LCCP","dedicated":false,"status":"installed","ward":"Abbey Road","cp_ids":"602776"}},{"type":"Feature","id":330,"geometry":{"type":"Point","coordinates":[-0.178233,51.537404]},"properties":{"site":"Carlton Hill","location":"Opposite Ambassador House","lamp_column":"29","operator":"Shell Recharge","speed_class":"lccp","speeds":"5.5kW","bays":1,"bay_types":"LCCP","dedicated":false,"status":"installed","ward":"Abbey Road","cp_ids":"807458"}},{"type":"Feature","id":331,"geometry":{"type":"Point","coordinates":[-0.187207,51.53375]},"properties":{"site":"Carlton Hill","location":"Opposite No. 89","lamp_column":null,"operator":"TotalEnergies","speed_class":"fast","speeds":"22kW","bays":2,"bay_types":"EV Bay","dedicated":true,"status":"installed","ward":"Abbey Road","cp_ids":null}},{"type":"Feature","id":332,"geometry":{"type":"Point","coordinates":[-0.182756,51.535963]},"properties":{"site":"Carlton Hill","location":"Outside 46","lamp_column":"S3","operator":"Shell Recharge","speed_class":"lccp","speeds":"5.5kW","bays":1,"bay_types":"LCCP","dedicated":false,"status":"installed","ward":"Abbey Road","cp_ids":"807587"}},{"type":"Feature","id":333,"geometry":{"type":"Point","coordinates":[-0.179457,51.537225]},"properties":{"site":"Carlton Hill","location":"Outside 6","lamp_column":"S7","operator":"Shell Recharge","speed_class":"lccp","speeds":"5.5kW","bays":1,"bay_types":"LCCP","dedicated":false,"status":"installed","ward":"Abbey Road","cp_ids":"807589"}},{"type":"Feature","id":334,"geometry":{"type":"Point","coordinates":[-0.191864,51.532123]},"properties":{"site":"Carlton Vale","location":"At Or Outside 47","lamp_column":"3","operator":"Shell Recharge","speed_class":"lccp","speeds":"5.5kW","bays":1,"bay_types":"LCCP","dedicated":false,"status":"installed","ward":"Maida Vale","cp_ids":"603340"}},{"type":"Feature","id":335,"geometry":{"type":"Point","coordinates":[-0.192227,51.532097]},"properties":{"site":"Carlton Vale","location":"At Or Outside 47 Keith House","lamp_column":"2","operator":"Shell Recharge","speed_class":"lccp","speeds":"5.5kW","bays":1,"bay_types":"LCCP - Dedicated","dedicated":true,"status":"installed","ward":"Maida Vale","cp_ids":"606987"}},{"type":"Feature","id":336,"geometry":{"type":"Point","coordinates":[-0.189743,51.532526]},"properties":{"site":"Carlton Vale","location":"At Or Outside 5 Helmsdale House","lamp_column":"9","operator":"Shell Recharge","speed_class":"lccp","speeds":"5.5kW","bays":1,"bay_types":"LCCP","dedicated":false,"status":"installed","ward":"Maida Vale","cp_ids":"606986"}},{"type":"Feature","id":337,"geometry":{"type":"Point","coordinates":[-0.188937,51.532963]},"properties":{"site":"Carlton Vale","location":"At Or Outside 8","lamp_column":"12","operator":"Shell Recharge","speed_class":"lccp","speeds":"5.5kW","bays":1,"bay_types":"LCCP","dedicated":false,"status":"installed","ward":"Maida Vale","cp_ids":"603337"}},{"type":"Feature","id":338,"geometry":{"type":"Point","coordinates":[-0.19025,51.532505]},"properties":{"site":"Carlton Vale","location":"Opposite 43","lamp_column":"8","operator":"Shell Recharge","speed_class":"lccp","speeds":"5.5kW","bays":1,"bay_types":"LCCP","dedicated":false,"status":"installed","ward":"Maida Vale","cp_ids":"808083"}},{"type":"Feature","id":339,"geometry":{"type":"Point","coordinates":[-0.190572,51.532313]},"properties":{"site":"Carlton Vale","location":"Outside Invergarry House","lamp_column":"7","operator":"Shell Recharge","speed_class":"lccp","speeds":"5.5kW","bays":1,"bay_types":"LCCP - Dedicated","dedicated":true,"status":"installed","ward":"Maida Vale","cp_ids":"603335"}},{"type":"Feature","id":340,"geometry":{"type":"Point","coordinates":[-0.188791,51.511398]},"properties":{"site":"Caroline Place","location":"At Or Outside 6","lamp_column":"5","operator":"Shell Recharge","speed_class":"lccp","speeds":"5.5kW","bays":1,"bay_types":"LCCP","dedicated":false,"status":"installed","ward":"Lancaster Gate","cp_ids":"807365"}},{"type":"Feature","id":341,"geometry":{"type":"Point","coordinates":[-0.154304,51.493013]},"properties":{"site":"Caroline Terrace","location":"At Or Outside 1","lamp_column":"2","operator":"Shell Recharge","speed_class":"lccp","speeds":"5.5kW","bays":1,"bay_types":"LCCP","dedicated":false,"status":"installed","ward":"Knightsbridge & Belgravia","cp_ids":"805317"}},{"type":"Feature","id":342,"geometry":{"type":"Point","coordinates":[-0.187557,51.526149]},"properties":{"site":"Castellain Road","location":"At 36, Opp Echelon Bays","lamp_column":null,"operator":"To be confirmed","speed_class":"rapid","speeds":"50-100kW","bays":1,"bay_types":"EV Bay","dedicated":true,"status":"planned","ward":"Maida Vale","cp_ids":null}},{"type":"Feature","id":343,"geometry":{"type":"Point","coordinates":[-0.187821,51.526356]},"properties":{"site":"Castellain Road","location":"At Or Outside 1-15","lamp_column":"11","operator":"Shell Recharge","speed_class":"lccp","speeds":"5.5kW","bays":1,"bay_types":"LCCP","dedicated":false,"status":"installed","ward":"Maida Vale","cp_ids":"809855"}},{"type":"Feature","id":344,"geometry":{"type":"Point","coordinates":[-0.189111,51.526807]},"properties":{"site":"Castellain Road","location":"At Or Outside 114-128","lamp_column":"6","operator":"Shell Recharge","speed_class":"lccp","speeds":"5.5kW","bays":1,"bay_types":"LCCP","dedicated":false,"status":"installed","ward":"Maida Vale","cp_ids":"809847"}},{"type":"Feature","id":345,"geometry":{"type":"Point","coordinates":[-0.185862,51.524981]},"properties":{"site":"Castellain Road","location":"At Or Outside 12","lamp_column":"19","operator":"Shell Recharge","speed_class":"lccp","speeds":"5.5kW","bays":1,"bay_types":"LCCP","dedicated":false,"status":"installed","ward":"Little Venice","cp_ids":"809912"}},{"type":"Feature","id":346,"geometry":{"type":"Point","coordinates":[-0.189628,51.527042]},"properties":{"site":"Castellain Road","location":"At Or Outside 162-176 Castellain Road","lamp_column":"4","operator":"Shell Recharge","speed_class":"lccp","speeds":"5.5kW","bays":1,"bay_types":"LCCP","dedicated":false,"status":"installed","ward":"Maida Vale","cp_ids":"809846"}},{"type":"Feature","id":347,"geometry":{"type":"Point","coordinates":[-0.188207,51.526395]},"properties":{"site":"Castellain Road","location":"At Or Outside 18-32","lamp_column":"10","operator":"Shell Recharge","speed_class":"lccp","speeds":"5.5kW","bays":1,"bay_types":"LCCP","dedicated":false,"status":"installed","ward":"Maida Vale","cp_ids":"809206"}},{"type":"Feature","id":348,"geometry":{"type":"Point","coordinates":[-0.190265,51.527336]},"properties":{"site":"Castellain Road","location":"At Or Outside 226-240 Castellain Road","lamp_column":"2","operator":"Shell Recharge","speed_class":"lccp","speeds":"5.5kW","bays":1,"bay_types":"LCCP","dedicated":false,"status":"installed","ward":"Maida Vale","cp_ids":"809532"}},{"type":"Feature","id":349,"geometry":{"type":"Point","coordinates":[-0.186267,51.525094]},"properties":{"site":"Castellain Road","location":"At Or Outside 23","lamp_column":"18","operator":"Shell Recharge","speed_class":"lccp","speeds":"5.5kW","bays":1,"bay_types":"LCCP","dedicated":false,"status":"installed","ward":"Little Venice","cp_ids":"809856"}},{"type":"Feature","id":350,"geometry":{"type":"Point","coordinates":[-0.186254,51.525257]},"properties":{"site":"Castellain Road","location":"At Or Outside 26","lamp_column":"17","operator":"Shell Recharge","speed_class":"lccp","speeds":"5.5kW","bays":1,"bay_types":"LCCP - Dedicated","dedicated":true,"status":"installed","ward":"Little Venice","cp_ids":"810065"}},{"type":"Feature","id":351,"geometry":{"type":"Point","coordinates":[-0.188346,51.526593]},"properties":{"site":"Castellain Road","location":"At Or Outside 49-63","lamp_column":"9","operator":"Shell Recharge","speed_class":"lccp","speeds":"5.5kW","bays":1,"bay_types":"LCCP - Dedicated","dedicated":true,"status":"installed","ward":"Maida Vale","cp_ids":"809853"}},{"type":"Feature","id":352,"geometry":{"type":"Point","coordinates":[-0.185748,51.524725]},"properties":{"site":"Castellain Road","location":"At Or Outside 5","lamp_column":"20","operator":"Shell Recharge","speed_class":"lccp","speeds":"5.5kW","bays":1,"bay_types":"LCCP - Dedicated","dedicated":true,"status":"installed","ward":"Little Venice","cp_ids":"809910"}},{"type":"Feature","id":353,"geometry":{"type":"Point","coordinates":[-0.188666,51.526603]},"properties":{"site":"Castellain Road","location":"At Or Outside 66-80","lamp_column":"8","operator":"Shell Recharge","speed_class":"lccp","speeds":"5.5kW","bays":1,"bay_types":"LCCP","dedicated":false,"status":"installed","ward":"Maida Vale","cp_ids":"809849"}},{"type":"Feature","id":354,"geometry":{"type":"Point","coordinates":[-0.190465,51.527452]},"properties":{"site":"Castellain Road","location":"At Or Outside 79","lamp_column":"1","operator":"Shell Recharge","speed_class":"lccp","speeds":"5.5kW","bays":1,"bay_types":"LCCP","dedicated":false,"status":"installed","ward":"Maida Vale","cp_ids":"809845"}},{"type":"Feature","id":355,"geometry":{"type":"Point","coordinates":[-0.185115,51.524236]},"properties":{"site":"Castellain Road","location":"At Or Outside 9","lamp_column":"23","operator":"Shell Recharge","speed_class":"lccp","speeds":"5.5kW","bays":1,"bay_types":"LCCP","dedicated":false,"status":"installed","ward":"Little Venice","cp_ids":"810040"}},{"type":"Feature","id":356,"geometry":{"type":"Point","coordinates":[-0.188923,51.526721]},"properties":{"site":"Castellain Road","location":"At Or Outside 98-112","lamp_column":"7","operator":"Shell Recharge","speed_class":"lccp","speeds":"5.5kW","bays":1,"bay_types":"LCCP - Dedicated","dedicated":true,"status":"installed","ward":"Maida Vale","cp_ids":"809848"}},{"type":"Feature","id":357,"geometry":{"type":"Point","coordinates":[-0.140929,51.49915]},"properties":{"site":"Catherine Place","location":"At Or Outside 19","lamp_column":"3","operator":"Shell Recharge","speed_class":"lccp","speeds":"5.5kW","bays":1,"bay_types":"LCCP","dedicated":false,"status":"installed","ward":"St James's","cp_ids":"807300"}},{"type":"Feature","id":358,"geometry":{"type":"Point","coordinates":[-0.131468,51.490766]},"properties":{"site":"Causton Street","location":"Outside 1 - 16 (Next To Fairley House School)","lamp_column":"5","operator":"Shell Recharge","speed_class":"lccp","speeds":"5.5kW","bays":1,"bay_types":"LCCP - Dedicated","dedicated":true,"status":"installed","ward":"Vincent Square","cp_ids":"606704"}},{"type":"Feature","id":359,"geometry":{"type":"Point","coordinates":[-0.171991,51.531108]},"properties":{"site":"Cavendish Avenue","location":"At Or Outside 26","lamp_column":"9","operator":"Shell Recharge","speed_class":"lccp","speeds":"5.5kW","bays":1,"bay_types":"LCCP","dedicated":false,"status":"installed","ward":"Abbey Road","cp_ids":"801192"}},{"type":"Feature","id":360,"geometry":{"type":"Point","coordinates":[-0.173113,51.532034]},"properties":{"site":"Cavendish Avenue","location":"At Or Outside 6-8","lamp_column":"4","operator":"Shell Recharge","speed_class":"lccp","speeds":"5.5kW","bays":1,"bay_types":"LCCP","dedicated":false,"status":"installed","ward":"Abbey Road","cp_ids":"801191"}},{"type":"Feature","id":361,"geometry":{"type":"Point","coordinates":[-0.145886,51.516431]},"properties":{"site":"Cavendish Square","location":"At Or Outside 19a","lamp_column":"16a","operator":"Shell Recharge","speed_class":"lccp","speeds":"5.5kW","bays":1,"bay_types":"LCCP","dedicated":false,"status":"installed","ward":"West End","cp_ids":"801207"}},{"type":"Feature","id":362,"geometry":{"type":"Point","coordinates":[-0.145149,51.516019]},"properties":{"site":"Cavendish Square","location":"Opp Rear Of John Lewis","lamp_column":null,"operator":"To be confirmed","speed_class":"rapid","speeds":"50-100kW","bays":1,"bay_types":"EV Bay","dedicated":true,"status":"planned","ward":"West End","cp_ids":null}},{"type":"Feature","id":363,"geometry":{"type":"Point","coordinates":[-0.144301,51.516843]},"properties":{"site":"Cavendish Square","location":"Outside 5","lamp_column":null,"operator":"TotalEnergies","speed_class":"fast","speeds":"7kW","bays":3,"bay_types":"EV Bay","dedicated":true,"status":"installed","ward":"West End","cp_ids":"9860001256, 9860001236, 9860001259"}},{"type":"Feature","id":364,"geometry":{"type":"Point","coordinates":[-0.136229,51.498498]},"properties":{"site":"Caxton Street","location":"Opposite Vandon Street","lamp_column":"1","operator":"Shell Recharge","speed_class":"lccp","speeds":"5.5kW","bays":1,"bay_types":"LCCP - Dedicated","dedicated":true,"status":"installed","ward":"St James's","cp_ids":"602746"}},{"type":"Feature","id":365,"geometry":{"type":"Point","coordinates":[-0.135859,51.498577]},"properties":{"site":"Caxton Street","location":"Outside 16","lamp_column":"2","operator":"Shell Recharge","speed_class":"lccp","speeds":"5.5kW","bays":1,"bay_types":"LCCP","dedicated":false,"status":"installed","ward":"St James's","cp_ids":"807562"}},{"type":"Feature","id":366,"geometry":{"type":"Point","coordinates":[-0.132254,51.496346]},"properties":{"site":"Chadwick Street","location":"Alongside Channel 4 Building","lamp_column":null,"operator":"To be confirmed","speed_class":"rapid","speeds":"50kW","bays":1,"bay_types":"EV Bay","dedicated":true,"status":"planned","ward":"St James's","cp_ids":"TBC"}},{"type":"Feature","id":367,"geometry":{"type":"Point","coordinates":[-0.159674,51.523373]},"properties":{"site":"Chagford Street","location":"At Or Outside 3rd  From Melcombe St","lamp_column":"6","operator":"Shell Recharge","speed_class":"lccp","speeds":"5.5kW","bays":1,"bay_types":"LCCP","dedicated":false,"status":"installed","ward":"Regent's Park","cp_ids":"801957"}},{"type":"Feature","id":368,"geometry":{"type":"Point","coordinates":[-0.159924,51.523888]},"properties":{"site":"Chagford Street","location":"Opposite 41","lamp_column":"3","operator":"Shell Recharge","speed_class":"lccp","speeds":"5.5kW","bays":1,"bay_types":"LCCP","dedicated":false,"status":"installed","ward":"Regent's Park","cp_ids":"801166"}},{"type":"Feature","id":369,"geometry":{"type":"Point","coordinates":[-0.159757,51.523529]},"properties":{"site":"Chagford Street","location":"Opposite 45","lamp_column":"5","operator":"Shell Recharge","speed_class":"lccp","speeds":"5.5kW","bays":1,"bay_types":"LCCP","dedicated":false,"status":"installed","ward":"Regent's Park","cp_ids":"801168"}},{"type":"Feature","id":370,"geometry":{"type":"Point","coordinates":[-0.144699,51.517407]},"properties":{"site":"Chandos Street","location":"At Or Outside 12","lamp_column":"6","operator":"Shell Recharge","speed_class":"lccp","speeds":"5.5kW","bays":1,"bay_types":"LCCP","dedicated":false,"status":"installed","ward":"Marylebone","cp_ids":"807960"}},{"type":"Feature","id":371,"geometry":{"type":"Point","coordinates":[-0.151368,51.499707]},"properties":{"site":"Chapel Street","location":"Opposite 24","lamp_column":"7","operator":"Shell Recharge","speed_class":"lccp","speeds":"5.5kW","bays":1,"bay_types":"LCCP","dedicated":false,"status":"installed","ward":"Knightsbridge & Belgravia","cp_ids":"801677"}},{"type":"Feature","id":372,"geometry":{"type":"Point","coordinates":[-0.166635,51.519874]},"properties":{"site":"Chapel Street","location":"Opposite 38-47a Chapel Street","lamp_column":null,"operator":"TotalEnergies","speed_class":"fast","speeds":"22kW","bays":2,"bay_types":"EV Bay","dedicated":true,"status":"installed","ward":"Hyde Park","cp_ids":"TBC"}},{"type":"Feature","id":373,"geometry":{"type":"Point","coordinates":[-0.167115,51.519782]},"properties":{"site":"Chapel Street","location":"Opposite Transept Street","lamp_column":"S8","operator":"Shell Recharge","speed_class":"lccp","speeds":"5.5kW","bays":1,"bay_types":"LCCP","dedicated":false,"status":"installed","ward":"Hyde Park","cp_ids":"805508"}},{"type":"Feature","id":374,"geometry":{"type":"Point","coordinates":[-0.13281,51.492049]},"properties":{"site":"Chapter Street","location":"Rear Of Across Rd From 56 Regency","lamp_column":"2","operator":"Shell Recharge","speed_class":"lccp","speeds":"5.5kW","bays":1,"bay_types":"LCCP","dedicated":false,"status":"installed","ward":"Vincent Square","cp_ids":"807286"}},{"type":"Feature","id":375,"geometry":{"type":"Point","coordinates":[-0.167536,51.53383]},"properties":{"site":"Charlbert Street","location":"Opposite 32-41 Charlbert Court","lamp_column":"7","operator":"Shell Recharge","speed_class":"lccp","speeds":"5.5kW","bays":1,"bay_types":"LCCP","dedicated":false,"status":"installed","ward":"Regent's Park","cp_ids":"801193"}},{"type":"Feature","id":376,"geometry":{"type":"Point","coordinates":[-0.166258,51.533045]},"properties":{"site":"Charlbert Street","location":"Opposite 83-86 Park View","lamp_column":"11","operator":"Shell Recharge","speed_class":"lccp","speeds":"5.5kW","bays":1,"bay_types":"LCCP","dedicated":false,"status":"installed","ward":"Regent's Park","cp_ids":"801903"}},{"type":"Feature","id":377,"geometry":{"type":"Point","coordinates":[-0.146629,51.508073]},"properties":{"site":"Charles Street","location":"At Or Outside 39","lamp_column":"8","operator":"Shell Recharge","speed_class":"lccp","speeds":"5.5kW","bays":1,"bay_types":"LCCP","dedicated":false,"status":"installed","ward":"West End","cp_ids":null}},{"type":"Feature","id":378,"geometry":{"type":"Point","coordinates":[-0.146529,51.508258]},"properties":{"site":"Charles Street","location":"At Or Outside 8","lamp_column":"9","operator":"Shell Recharge","speed_class":"lccp","speeds":"5.5kW","bays":1,"bay_types":"LCCP","dedicated":false,"status":"installed","ward":"West End","cp_ids":"801645"}},{"type":"Feature","id":379,"geometry":{"type":"Point","coordinates":[-0.138178,51.490918]},"properties":{"site":"Charlwood Place","location":"At Or Outside 25a","lamp_column":"1","operator":"Shell Recharge","speed_class":"lccp","speeds":"5.5kW","bays":1,"bay_types":"LCCP","dedicated":false,"status":"installed","ward":"Pimlico North","cp_ids":"801198"}},{"type":"Feature","id":380,"geometry":{"type":"Point","coordinates":[-0.13782,51.490799]},"properties":{"site":"Charlwood Street","location":"At Or Outside 26","lamp_column":"7","operator":"Shell Recharge","speed_class":"lccp","speeds":"5.5kW","bays":1,"bay_types":"LCCP","dedicated":false,"status":"installed","ward":"Pimlico North","cp_ids":"801199"}},{"type":"Feature","id":381,"geometry":{"type":"Point","coordinates":[-0.139703,51.489209]},"properties":{"site":"Charlwood Street","location":"At Or Outside 65/68","lamp_column":"12","operator":"Shell Recharge","speed_class":"lccp","speeds":"5.5kW","bays":1,"bay_types":"LCCP","dedicated":false,"status":"installed","ward":"Pimlico North","cp_ids":"801140"}},{"type":"Feature","id":382,"geometry":{"type":"Point","coordinates":[-0.137056,51.49166]},"properties":{"site":"Charlwood Street","location":"At Or Outside 8","lamp_column":"3","operator":"Shell Recharge","speed_class":"lccp","speeds":"5.5kW","bays":1,"bay_types":"PBP","dedicated":false,"status":"installed","ward":"Pimlico North","cp_ids":"805229"}},{"type":"Feature","id":383,"geometry":{"type":"Point","coordinates":[-0.136747,51.491913]},"properties":{"site":"Charlwood Street","location":"J/W Vauxhall Bridge Road","lamp_column":null,"operator":"TotalEnergies","speed_class":"fast","speeds":"22kW","bays":2,"bay_types":"EV Bay","dedicated":true,"status":"installed","ward":"Pimlico North","cp_ids":null}},{"type":"Feature","id":384,"geometry":{"type":"Point","coordinates":[-0.138206,51.490613]},"properties":{"site":"Charlwood Street","location":"Opposite 36","lamp_column":"8","operator":"Shell Recharge","speed_class":"lccp","speeds":"5.5kW","bays":1,"bay_types":"PBP","dedicated":false,"status":"installed","ward":"Pimlico North","cp_ids":"809522"}},{"type":"Feature","id":385,"geometry":{"type":"Point","coordinates":[-0.14059,51.488445]},"properties":{"site":"Charlwood Street","location":"Opposite 78","lamp_column":"14","operator":"Shell Recharge","speed_class":"lccp","speeds":"5.5kW","bays":1,"bay_types":"Car Club","dedicated":false,"status":"installed","ward":"Pimlico North","cp_ids":"809621"}},{"type":"Feature","id":386,"geometry":{"type":"Point","coordinates":[-0.141097,51.488022]},"properties":{"site":"Charlwood Street","location":"Opposite 82","lamp_column":"16","operator":"Shell Recharge","speed_class":"lccp","speeds":"5.5kW","bays":1,"bay_types":"LCCP - Dedicated","dedicated":true,"status":"installed","ward":"Pimlico North","cp_ids":"602161"}},{"type":"Feature","id":387,"geometry":{"type":"Point","coordinates":[-0.194048,51.512041]},"properties":{"site":"Chepstow Place","location":"805546 / 805547 Installed Waiting For Connection - Outside 20/21 (Opposite J/W Pembridge Square)","lamp_column":"19","operator":"Shell Recharge","speed_class":"lccp","speeds":"5.5kW","bays":1,"bay_types":"LCCP","dedicated":false,"status":"installed","ward":"Bayswater","cp_ids":"807360"}},{"type":"Feature","id":388,"geometry":{"type":"Point","coordinates":[-0.195753,51.51692]},"properties":{"site":"Chepstow Road","location":"O/S 49","lamp_column":"8","operator":"Shell Recharge","speed_class":"lccp","speeds":"5.5kW","bays":1,"bay_types":"LCCP","dedicated":false,"status":"installed","ward":"Bayswater","cp_ids":"805235"}},{"type":"Feature","id":389,"geometry":{"type":"Point","coordinates":[-0.19545,51.515954]},"properties":{"site":"Chepstow Road","location":"O/S 9","lamp_column":"4","operator":"Shell Recharge","speed_class":"lccp","speeds":"5.5kW","bays":1,"bay_types":"LCCP - Dedicated","dedicated":true,"status":"installed","ward":"Bayswater","cp_ids":"805178"}},{"type":"Feature","id":390,"geometry":{"type":"Point","coordinates":[-0.195378,51.516205]},"properties":{"site":"Chepstow Road","location":"Oppo 17-19","lamp_column":"5","operator":"Shell Recharge","speed_class":"lccp","speeds":"5.5kW","bays":1,"bay_types":"LCCP","dedicated":false,"status":"installed","ward":"Bayswater","cp_ids":"808074"}},{"type":"Feature","id":391,"geometry":{"type":"Point","coordinates":[-0.195601,51.516425]},"properties":{"site":"Chepstow Road","location":"Oppo 44","lamp_column":"6","operator":"Shell Recharge","speed_class":"lccp","speeds":"5.5kW","bays":1,"bay_types":"LCCP - Dedicated","dedicated":true,"status":"installed","ward":"Bayswater","cp_ids":"805232"}},{"type":"Feature","id":392,"geometry":{"type":"Point","coordinates":[-0.151758,51.494015]},"properties":{"site":"Chester Row","location":"Opposite 2","lamp_column":"6","operator":"Shell Recharge","speed_class":"lccp","speeds":"5.5kW","bays":1,"bay_types":"LCCP - Dedicated","dedicated":true,"status":"installed","ward":"Knightsbridge & Belgravia","cp_ids":"602435"}},{"type":"Feature","id":393,"geometry":{"type":"Point","coordinates":[-0.149982,51.495323]},"properties":{"site":"Chester Square","location":"At Or Outside 19","lamp_column":"11","operator":"Shell Recharge","speed_class":"lccp","speeds":"5.5kW","bays":1,"bay_types":"LCCP","dedicated":false,"status":"installed","ward":"Knightsbridge & Belgravia","cp_ids":null}},{"type":"Feature","id":394,"geometry":{"type":"Point","coordinates":[-0.151072,51.494573]},"properties":{"site":"Chester Square","location":"At Or Outside 33-36","lamp_column":"9","operator":"Shell Recharge","speed_class":"lccp","speeds":"5.5kW","bays":1,"bay_types":"LCCP","dedicated":false,"status":"installed","ward":"Knightsbridge & Belgravia","cp_ids":"805110"}},{"type":"Feature","id":395,"geometry":{"type":"Point","coordinates":[-0.149003,51.495464]},"properties":{"site":"Chester Square","location":"At Or Outside 67","lamp_column":"3","operator":"Shell Recharge","speed_class":"lccp","speeds":"5.5kW","bays":1,"bay_types":"LCCP","dedicated":false,"status":"installed","ward":"Knightsbridge & Belgravia","cp_ids":"805115"}},{"type":"Feature","id":396,"geometry":{"type":"Point","coordinates":[-0.148423,51.496292]},"properties":{"site":"Chester Square","location":"Opposite 84","lamp_column":"1","operator":"Shell Recharge","speed_class":"lccp","speeds":"5.5kW","bays":1,"bay_types":"LCCP","dedicated":false,"status":"installed","ward":"Knightsbridge & Belgravia","cp_ids":"805113"}},{"type":"Feature","id":397,"geometry":{"type":"Point","coordinates":[-0.150665,51.499018]},"properties":{"site":"Chester Street","location":"At Or Outside No.17","lamp_column":"4","operator":"Shell Recharge","speed_class":"lccp","speeds":"5.5kW","bays":1,"bay_types":"LCCP","dedicated":false,"status":"installed","ward":"Knightsbridge & Belgravia","cp_ids":"805133"}},{"type":"Feature","id":398,"geometry":{"type":"Point","coordinates":[-0.18642,51.521203]},"properties":{"site":"Chichester Road","location":"At Or Outside 1-8 Lapworth","lamp_column":"3","operator":"Shell Recharge","speed_class":"lccp","speeds":"5.5kW","bays":1,"bay_types":"LCCP","dedicated":false,"status":"installed","ward":"Westbourne","cp_ids":"805100"}},{"type":"Feature","id":399,"geometry":{"type":"Point","coordinates":[-0.186063,51.521575]},"properties":{"site":"Chichester Road","location":"At Or Outside 17 Lapworth Court","lamp_column":"5","operator":"Shell Recharge","speed_class":"lccp","speeds":"5.5kW","bays":1,"bay_types":"LCCP","dedicated":false,"status":"installed","ward":"Westbourne","cp_ids":"805047"}},{"type":"Feature","id":400,"geometry":{"type":"Point","coordinates":[-0.186676,51.521089]},"properties":{"site":"Chichester Road","location":"At Or Outside 49 Atherstone Court","lamp_column":"2","operator":"Shell Recharge","speed_class":"lccp","speeds":"5.5kW","bays":1,"bay_types":"LCCP","dedicated":false,"status":"installed","ward":"Westbourne","cp_ids":"806916"}},{"type":"Feature","id":401,"geometry":{"type":"Point","coordinates":[-0.186679,51.520939]},"properties":{"site":"Chichester Road","location":"At Or Outside 74 Bourne Terrace","lamp_column":"1","operator":"Shell Recharge","speed_class":"lccp","speeds":"5.5kW","bays":1,"bay_types":"LCCP","dedicated":false,"status":"installed","ward":"Westbourne","cp_ids":"806914"}},{"type":"Feature","id":402,"geometry":{"type":"Point","coordinates":[-0.135936,51.487539]},"properties":{"site":"Chichester Street","location":"Opposite Bank","lamp_column":"7","operator":"Shell Recharge","speed_class":"lccp","speeds":"5.5kW","bays":1,"bay_types":"LCCP","dedicated":false,"status":"installed","ward":"Pimlico South","cp_ids":"806686"}},{"type":"Feature","id":403,"geometry":{"type":"Point","coordinates":[-0.137498,51.487265]},"properties":{"site":"Chichester Street","location":"Opposite Duncan House","lamp_column":"2","operator":"Shell Recharge","speed_class":"lccp","speeds":"5.5kW","bays":1,"bay_types":"LCCP","dedicated":false,"status":"installed","ward":"Pimlico South","cp_ids":"801912"}},{"type":"Feature","id":404,"geometry":{"type":"Point","coordinates":[-0.137226,51.487315]},"properties":{"site":"Chichester Street","location":"Opposite Duncan House","lamp_column":"3","operator":"Shell Recharge","speed_class":"lccp","speeds":"5.5kW","bays":1,"bay_types":"LCCP","dedicated":false,"status":"installed","ward":"Pimlico South","cp_ids":"806687"}},{"type":"Feature","id":405,"geometry":{"type":"Point","coordinates":[-0.136893,51.487372]},"properties":{"site":"Chichester Street","location":"Opposite Rodney House","lamp_column":"4","operator":"Shell Recharge","speed_class":"lccp","speeds":"5.5kW","bays":1,"bay_types":"LCCP","dedicated":false,"status":"installed","ward":"Pimlico South","cp_ids":"806682"}},{"type":"Feature","id":406,"geometry":{"type":"Point","coordinates":[-0.136546,51.487432]},"properties":{"site":"Chichester Street","location":"Opposite Rodney House/Bank","lamp_column":"5","operator":"Shell Recharge","speed_class":"lccp","speeds":"5.5kW","bays":1,"bay_types":"LCCP","dedicated":false,"status":"installed","ward":"Pimlico South","cp_ids":"806684"}},{"type":"Feature","id":407,"geometry":{"type":"Point","coordinates":[-0.135533,51.487509]},"properties":{"site":"Chichester Street","location":"Side Of No.54 St Georges Square","lamp_column":"8","operator":"Shell Recharge","speed_class":"lccp","speeds":"5.5kW","bays":1,"bay_types":"LCCP","dedicated":false,"status":"installed","ward":"Pimlico South","cp_ids":"801871"}},{"type":"Feature","id":408,"geometry":{"type":"Point","coordinates":[-0.156058,51.521176]},"properties":{"site":"Chiltern Street","location":"At Or Outside 14 Portman Mansions","lamp_column":"6","operator":"Shell Recharge","speed_class":"lccp","speeds":"5.5kW","bays":1,"bay_types":"LCCP","dedicated":false,"status":"installed","ward":"Marylebone","cp_ids":"801190"}},{"type":"Feature","id":409,"geometry":{"type":"Point","coordinates":[-0.155083,51.519241]},"properties":{"site":"Chiltern Street","location":"At Or Outside 19-25","lamp_column":"15","operator":"Shell Recharge","speed_class":"lccp","speeds":"5.5kW","bays":1,"bay_types":"LCCP","dedicated":false,"status":"installed","ward":"Marylebone","cp_ids":"805324"}},{"type":"Feature","id":410,"geometry":{"type":"Point","coordinates":[-0.155864,51.521018]},"properties":{"site":"Chiltern Street","location":"At Or Outside 78b","lamp_column":"7","operator":"Shell Recharge","speed_class":"lccp","speeds":"5.5kW","bays":1,"bay_types":"LCCP","dedicated":false,"status":"installed","ward":"Marylebone","cp_ids":"805020"}},{"type":"Feature","id":411,"geometry":{"type":"Point","coordinates":[-0.156046,51.521417]},"properties":{"site":"Chiltern Street","location":"At Or Outside 84","lamp_column":"5","operator":"Shell Recharge","speed_class":"lccp","speeds":"5.5kW","bays":1,"bay_types":"LCCP","dedicated":false,"status":"installed","ward":"Marylebone","cp_ids":"801870"}},{"type":"Feature","id":412,"geometry":{"type":"Point","coordinates":[-0.180765,51.514742]},"properties":{"site":"Chilworth Street","location":"At Or Outside 27","lamp_column":"1","operator":"Shell Recharge","speed_class":"lccp","speeds":"5.5kW","bays":1,"bay_types":"LCCP","dedicated":false,"status":"installed","ward":"Lancaster Gate","cp_ids":"807361"}},{"type":"Feature","id":413,"geometry":{"type":"Point","coordinates":[-0.179913,51.51534]},"properties":{"site":"Chilworth Street","location":"Opposite 68","lamp_column":"4","operator":"Shell Recharge","speed_class":"lccp","speeds":"5.5kW","bays":1,"bay_types":"LCCP","dedicated":false,"status":"installed","ward":"Lancaster Gate","cp_ids":"802006"}},{"type":"Feature","id":414,"geometry":{"type":"Point","coordinates":[-0.197608,51.524733]},"properties":{"site":"Chippenham Road","location":"At Or Outside No.1-25 Opposite No.37","lamp_column":"16","operator":"Shell Recharge","speed_class":"lccp","speeds":"5.5kW","bays":1,"bay_types":"LCCP","dedicated":false,"status":"installed","ward":"Harrow Road","cp_ids":null}},{"type":"Feature","id":415,"geometry":{"type":"Point","coordinates":[-0.197707,51.523798]},"properties":{"site":"Chippenham Road","location":"At Or Outside No.1-3, Opposite Chippenham Mews","lamp_column":"21","operator":"Shell Recharge","speed_class":"lccp","speeds":"5.5kW","bays":1,"bay_types":"LCCP","dedicated":false,"status":"installed","ward":"Harrow Road","cp_ids":"809812"}},{"type":"Feature","id":416,"geometry":{"type":"Point","coordinates":[-0.197479,51.524408]},"properties":{"site":"Chippenham Road","location":"At Or Outside No.25/27","lamp_column":"18","operator":"Shell Recharge","speed_class":"lccp","speeds":"5.5kW","bays":1,"bay_types":"LCCP","dedicated":false,"status":"installed","ward":"Harrow Road","cp_ids":"809814"}},{"type":"Feature","id":417,"geometry":{"type":"Point","coordinates":[-0.19746,51.524558]},"properties":{"site":"Chippenham Road","location":"At Or Outside No.31/33","lamp_column":"17","operator":"Shell Recharge","speed_class":"lccp","speeds":"5.5kW","bays":1,"bay_types":"LCCP - Dedicated","dedicated":true,"status":"installed","ward":"Harrow Road","cp_ids":"809815"}},{"type":"Feature","id":418,"geometry":{"type":"Point","coordinates":[-0.197264,51.526452]},"properties":{"site":"Chippenham Road","location":"At Or Outside No.67","lamp_column":"7","operator":"Shell Recharge","speed_class":"lccp","speeds":"5.5kW","bays":1,"bay_types":"LCCP","dedicated":false,"status":"installed","ward":"Maida Vale","cp_ids":"809811"}},{"type":"Feature","id":419,"geometry":{"type":"Point","coordinates":[-0.19724,51.526669]},"properties":{"site":"Chippenham Road","location":"At Or Outside No.73","lamp_column":"6","operator":"Shell Recharge","speed_class":"lccp","speeds":"5.5kW","bays":1,"bay_types":"LCCP","dedicated":false,"status":"installed","ward":"Maida Vale","cp_ids":"805243"}},{"type":"Feature","id":420,"geometry":{"type":"Point","coordinates":[-0.197225,51.526818]},"properties":{"site":"Chippenham Road","location":"At Or Outside No.79","lamp_column":"5","operator":"Shell Recharge","speed_class":"lccp","speeds":"5.5kW","bays":1,"bay_types":"LCCP","dedicated":false,"status":"installed","ward":"Maida Vale","cp_ids":"809810"}},{"type":"Feature","id":421,"geometry":{"type":"Point","coordinates":[-0.197669,51.524138]},"properties":{"site":"Chippenham Road","location":"At Or Outside No30/32","lamp_column":"19","operator":"Shell Recharge","speed_class":"lccp","speeds":"5.5kW","bays":1,"bay_types":"LCCP - Dedicated","dedicated":true,"status":"installed","ward":"Harrow Road","cp_ids":"809813"}},{"type":"Feature","id":422,"geometry":{"type":"Point","coordinates":[-0.173644,51.5212]},"properties":{"site":"Church Street","location":"At Or Outside Hall Tower","lamp_column":"2","operator":"Shell Recharge","speed_class":"lccp","speeds":"5.5kW","bays":1,"bay_types":"LCCP","dedicated":false,"status":"installed","ward":"Little Venice","cp_ids":"808020"}},{"type":"Feature","id":423,"geometry":{"type":"Point","coordinates":[-0.173938,51.520995]},"properties":{"site":"Church Street","location":"At Or Outside Mary Adelaide House","lamp_column":"1","operator":"Shell Recharge","speed_class":"lccp","speeds":"5.5kW","bays":1,"bay_types":"LCCP","dedicated":false,"status":"installed","ward":"Little Venice","cp_ids":"808021"}},{"type":"Feature","id":424,"geometry":{"type":"Point","coordinates":[-0.143773,51.487098]},"properties":{"site":"Churchill Gardens Estate","location":"Churchill Gardens Road Outside 11 Chippendale House","lamp_column":"37","operator":"Shell Recharge","speed_class":"lccp","speeds":"5.5kW","bays":1,"bay_types":"LCCP","dedicated":false,"status":"installed","ward":"Pimlico South","cp_ids":"809500"}},{"type":"Feature","id":425,"geometry":{"type":"Point","coordinates":[-0.143745,51.486487]},"properties":{"site":"Churchill Gardens Road","location":"At Or Outside 2 Chippendale House","lamp_column":"40","operator":"Shell Recharge","speed_class":"lccp","speeds":"5.5kW","bays":1,"bay_types":"LCCP","dedicated":false,"status":"installed","ward":"Pimlico South","cp_ids":"805309"}},{"type":"Feature","id":426,"geometry":{"type":"Point","coordinates":[-0.143842,51.486878]},"properties":{"site":"Churchill Gardens Road","location":"At Or Outside 9 Chippendale House","lamp_column":"38","operator":"Shell Recharge","speed_class":"lccp","speeds":"5.5kW","bays":1,"bay_types":"LCCP","dedicated":false,"status":"installed","ward":"Pimlico South","cp_ids":"801169"}},{"type":"Feature","id":427,"geometry":{"type":"Point","coordinates":[-0.14158,51.485959]},"properties":{"site":"Churchill Gardens Road","location":"At Or Outside Maitland House","lamp_column":"10","operator":"Shell Recharge","speed_class":"lccp","speeds":"5.5kW","bays":1,"bay_types":"LCCP","dedicated":false,"status":"installed","ward":"Pimlico South","cp_ids":"607831"}},{"type":"Feature","id":428,"geometry":{"type":"Point","coordinates":[-0.141997,51.485956]},"properties":{"site":"Churchill Gardens Road","location":"At Or Outside St Gabriel School","lamp_column":"9","operator":"Shell Recharge","speed_class":"lccp","speeds":"5.5kW","bays":1,"bay_types":"LCCP","dedicated":false,"status":"installed","ward":"Pimlico South","cp_ids":"806649"}},{"type":"Feature","id":429,"geometry":{"type":"Point","coordinates":[-0.144416,51.486356]},"properties":{"site":"Churchill Gardens Road","location":"Opposite 1-24 Elgar House","lamp_column":"3","operator":"Shell Recharge","speed_class":"lccp","speeds":"5.5kW","bays":1,"bay_types":"LCCP","dedicated":false,"status":"installed","ward":"Pimlico South","cp_ids":"607834"}},{"type":"Feature","id":430,"geometry":{"type":"Point","coordinates":[-0.138928,51.486213]},"properties":{"site":"Churchill Gardens Road","location":"Opposite Keats House","lamp_column":"16","operator":"Shell Recharge","speed_class":"lccp","speeds":"5.5kW","bays":1,"bay_types":"LCCP","dedicated":false,"status":"installed","ward":"Pimlico South","cp_ids":"607832"}},{"type":"Feature","id":431,"geometry":{"type":"Point","coordinates":[-0.142757,51.486145]},"properties":{"site":"Churchill Gardens Road","location":"Opposite Ripley House","lamp_column":"7","operator":"Shell Recharge","speed_class":"lccp","speeds":"5.5kW","bays":1,"bay_types":"LCCP","dedicated":false,"status":"installed","ward":"Pimlico South","cp_ids":"607984"}},{"type":"Feature","id":432,"geometry":{"type":"Point","coordinates":[-0.141079,51.485873]},"properties":{"site":"Churchill Gardens Road","location":"Side Of Chaucer House","lamp_column":"11","operator":"Shell Recharge","speed_class":"lccp","speeds":"5.5kW","bays":1,"bay_types":"LCCP","dedicated":false,"status":"installed","ward":"Pimlico South","cp_ids":"805302"}},{"type":"Feature","id":433,"geometry":{"type":"Point","coordinates":[-0.143195,51.486294]},"properties":{"site":"Churchill Gardens Road","location":"Side Of Front Of Lutyens House","lamp_column":"6","operator":"Shell Recharge","speed_class":"lccp","speeds":"5.5kW","bays":1,"bay_types":"LCCP","dedicated":false,"status":"installed","ward":"Pimlico South","cp_ids":"607986"}},{"type":"Feature","id":434,"geometry":{"type":"Point","coordinates":[-0.139758,51.486117]},"properties":{"site":"Churchill Gardens Road","location":"Side Of Keats House","lamp_column":"14","operator":"Shell Recharge","speed_class":"lccp","speeds":"5.5kW","bays":1,"bay_types":"LCCP","dedicated":false,"status":"installed","ward":"Pimlico South","cp_ids":"607981"}},{"type":"Feature","id":435,"geometry":{"type":"Point","coordinates":[-0.175785,51.530936]},"properties":{"site":"Circus Road","location":"At Or Outside 1-30 Grove Court","lamp_column":"23","operator":"Shell Recharge","speed_class":"lccp","speeds":"5.5kW","bays":1,"bay_types":"LCCP","dedicated":false,"status":"installed","ward":"Abbey Road","cp_ids":"602510"}},{"type":"Feature","id":436,"geometry":{"type":"Point","coordinates":[-0.17496,51.531612]},"properties":{"site":"Circus Road","location":"At Or Outside 41","lamp_column":"20","operator":"Shell Recharge","speed_class":"lccp","speeds":"5.5kW","bays":1,"bay_types":"LCCP","dedicated":false,"status":"installed","ward":"Abbey Road","cp_ids":"602508"}},{"type":"Feature","id":437,"geometry":{"type":"Point","coordinates":[-0.175392,51.531206]},"properties":{"site":"Circus Road","location":"At Or Outside Circus Lodge","lamp_column":"22","operator":"Shell Recharge","speed_class":"lccp","speeds":"5.5kW","bays":1,"bay_types":"LCCP - Dedicated","dedicated":true,"status":"installed","ward":"Abbey Road","cp_ids":"602509"}},{"type":"Feature","id":438,"geometry":{"type":"Point","coordinates":[-0.176274,51.530719]},"properties":{"site":"Circus Road","location":"At Or Outside Grove Court","lamp_column":"24","operator":"Shell Recharge","speed_class":"lccp","speeds":"5.5kW","bays":1,"bay_types":"LCCP","dedicated":false,"status":"installed","ward":"Abbey Road","cp_ids":"602511"}},{"type":"Feature","id":439,"geometry":{"type":"Point","coordinates":[-0.172355,51.533632]},"properties":{"site":"Circus Road","location":"Outside 20 Circus Road","lamp_column":null,"operator":"TotalEnergies","speed_class":"fast","speeds":"22kW","bays":2,"bay_types":"EV Bay","dedicated":true,"status":"installed","ward":"Regent's Park","cp_ids":null}},{"type":"Feature","id":440,"geometry":{"type":"Point","coordinates":[-0.180855,51.524009]},"properties":{"site":"Clarendon Gardens","location":"At Or Outside 1","lamp_column":"2","operator":"Shell Recharge","speed_class":"lccp","speeds":"5.5kW","bays":1,"bay_types":"LCCP - Dedicated","dedicated":true,"status":"installed","ward":"Little Venice","cp_ids":"605231"}},{"type":"Feature","id":441,"geometry":{"type":"Point","coordinates":[-0.180291,51.524293]},"properties":{"site":"Clarendon Gardens","location":"At Or Outside 11","lamp_column":"4","operator":"Shell Recharge","speed_class":"lccp","speeds":"5.5kW","bays":1,"bay_types":"LCCP","dedicated":false,"status":"installed","ward":"Little Venice","cp_ids":"605232"}},{"type":"Feature","id":442,"geometry":{"type":"Point","coordinates":[-0.180044,51.524414]},"properties":{"site":"Clarendon Gardens","location":"At Or Outside 15","lamp_column":"5","operator":"Shell Recharge","speed_class":"lccp","speeds":"5.5kW","bays":1,"bay_types":"LCCP","dedicated":false,"status":"installed","ward":"Little Venice","cp_ids":"605233"}},{"type":"Feature","id":443,"geometry":{"type":"Point","coordinates":[-0.180692,51.524201]},"properties":{"site":"Clarendon Gardens","location":"At Or Outside 29","lamp_column":"3","operator":"Shell Recharge","speed_class":"lccp","speeds":"5.5kW","bays":1,"bay_types":"LCCP","dedicated":false,"status":"installed","ward":"Little Venice","cp_ids":"807989"}},{"type":"Feature","id":444,"geometry":{"type":"Point","coordinates":[-0.17965,51.524614]},"properties":{"site":"Clarendon Gardens","location":"At Or Outside Co 15 Randolph Avenue","lamp_column":"6","operator":"Shell Recharge","speed_class":"lccp","speeds":"5.5kW","bays":1,"bay_types":"LCCP","dedicated":false,"status":"installed","ward":"Little Venice","cp_ids":"605234"}},{"type":"Feature","id":445,"geometry":{"type":"Point","coordinates":[-0.181284,51.523911]},"properties":{"site":"Clarendon Gardens","location":"At Or Outside Randolph Road","lamp_column":"1","operator":"Shell Recharge","speed_class":"lccp","speeds":"5.5kW","bays":1,"bay_types":"LCCP","dedicated":false,"status":"installed","ward":"Little Venice","cp_ids":"807988"}},{"type":"Feature","id":446,"geometry":{"type":"Point","coordinates":[-0.169147,51.513245]},"properties":{"site":"Clarendon Place","location":"At Or Outsdie No.9","lamp_column":"3","operator":"Shell Recharge","speed_class":"lccp","speeds":"5.5kW","bays":1,"bay_types":"LCCP","dedicated":false,"status":"installed","ward":"Hyde Park","cp_ids":"809314"}},{"type":"Feature","id":447,"geometry":{"type":"Point","coordinates":[-0.168847,51.51279]},"properties":{"site":"Clarendon Place","location":"At Or Outside Chester House","lamp_column":"5","operator":"Shell Recharge","speed_class":"lccp","speeds":"5.5kW","bays":1,"bay_types":"LCCP - Dedicated","dedicated":true,"status":"installed","ward":"Hyde Park","cp_ids":"809316"}},{"type":"Feature","id":448,"geometry":{"type":"Point","coordinates":[-0.168938,51.512569]},"properties":{"site":"Clarendon Place","location":"At Or Outside Falmouth House","lamp_column":"6","operator":"Shell Recharge","speed_class":"lccp","speeds":"5.5kW","bays":1,"bay_types":"LCCP","dedicated":false,"status":"installed","ward":"Hyde Park","cp_ids":"809317"}},{"type":"Feature","id":449,"geometry":{"type":"Point","coordinates":[-0.169051,51.513002]},"properties":{"site":"Clarendon Place","location":"At Or Outside No.12","lamp_column":"4","operator":"Shell Recharge","speed_class":"lccp","speeds":"5.5kW","bays":1,"bay_types":"LCCP - Dedicated","dedicated":true,"status":"installed","ward":"Hyde Park","cp_ids":"809315"}},{"type":"Feature","id":450,"geometry":{"type":"Point","coordinates":[-0.169093,51.513647]},"properties":{"site":"Clarendon Place","location":"Side Of No.38 Hyde Park Square","lamp_column":"1","operator":"Shell Recharge","speed_class":"lccp","speeds":"5.5kW","bays":1,"bay_types":"LCCP","dedicated":false,"status":"installed","ward":"Hyde Park","cp_ids":"809312"}},{"type":"Feature","id":451,"geometry":{"type":"Point","coordinates":[-0.169178,51.513436]},"properties":{"site":"Clarendon Place","location":"Side Of No.48 Hyde Park Gardens Mews","lamp_column":"2","operator":"Shell Recharge","speed_class":"lccp","speeds":"5.5kW","bays":1,"bay_types":"LCCP","dedicated":false,"status":"installed","ward":"Hyde Park","cp_ids":"809313"}},{"type":"Feature","id":452,"geometry":{"type":"Point","coordinates":[-0.145682,51.48845]},"properties":{"site":"Clarendon Street","location":"At Or Outside 14","lamp_column":"7","operator":"Shell Recharge","speed_class":"lccp","speeds":"5.5kW","bays":1,"bay_types":"LCCP","dedicated":false,"status":"installed","ward":"Pimlico South","cp_ids":"806674"}},{"type":"Feature","id":453,"geometry":{"type":"Point","coordinates":[-0.145039,51.48887]},"properties":{"site":"Clarendon Street","location":"Clarendon Street O/S 26 Cumberland Street (Sign)","lamp_column":"S6","operator":"Shell Recharge","speed_class":"lccp","speeds":"5.5kW","bays":1,"bay_types":"LCCP","dedicated":false,"status":"installed","ward":"Pimlico South","cp_ids":"807585"}},{"type":"Feature","id":454,"geometry":{"type":"Point","coordinates":[-0.178513,51.525261]},"properties":{"site":"Clarendon Terrace","location":"At Or Outside 6","lamp_column":"1","operator":"Shell Recharge","speed_class":"lccp","speeds":"5.5kW","bays":1,"bay_types":"LCCP","dedicated":false,"status":"installed","ward":"Little Venice","cp_ids":"807434"}},{"type":"Feature","id":455,"geometry":{"type":"Point","coordinates":[-0.138305,51.487395]},"properties":{"site":"Claverton Street","location":"At Or Outside 19","lamp_column":"5","operator":"Shell Recharge","speed_class":"lccp","speeds":"5.5kW","bays":1,"bay_types":"LCCP","dedicated":false,"status":"installed","ward":"Pimlico South","cp_ids":"602515"}},{"type":"Feature","id":456,"geometry":{"type":"Point","coordinates":[-0.138472,51.48781]},"properties":{"site":"Claverton Street","location":"At Or Outside 3","lamp_column":"3","operator":"Shell Recharge","speed_class":"lccp","speeds":"5.5kW","bays":1,"bay_types":"LCCP - Dedicated","dedicated":true,"status":"installed","ward":"Pimlico South","cp_ids":"602366"}},{"type":"Feature","id":457,"geometry":{"type":"Point","coordinates":[-0.137933,51.487018]},"properties":{"site":"Claverton Street","location":"At Or Outside 30","lamp_column":"8","operator":"Shell Recharge","speed_class":"lccp","speeds":"5.5kW","bays":1,"bay_types":"LCCP","dedicated":false,"status":"installed","ward":"Pimlico South","cp_ids":"806643"}},{"type":"Feature","id":458,"geometry":{"type":"Point","coordinates":[-0.137787,51.486654]},"properties":{"site":"Claverton Street","location":"At Or Outside 42","lamp_column":"10","operator":"Shell Recharge","speed_class":"lccp","speeds":"5.5kW","bays":1,"bay_types":"LCCP - Dedicated","dedicated":true,"status":"installed","ward":"Pimlico South","cp_ids":"602235"}},{"type":"Feature","id":459,"geometry":{"type":"Point","coordinates":[-0.137665,51.486357]},"properties":{"site":"Claverton Street","location":"At Or Outside 54-56","lamp_column":"12","operator":"Shell Recharge","speed_class":"lccp","speeds":"5.5kW","bays":1,"bay_types":"LCCP - Dedicated","dedicated":true,"status":"installed","ward":"Pimlico South","cp_ids":"602369"}},{"type":"Feature","id":460,"geometry":{"type":"Point","coordinates":[-0.137555,51.486071]},"properties":{"site":"Claverton Street","location":"At Or Outside 66-68","lamp_column":"14","operator":"Shell Recharge","speed_class":"lccp","speeds":"5.5kW","bays":1,"bay_types":"LCCP","dedicated":false,"status":"installed","ward":"Pimlico South","cp_ids":"801869"}},{"type":"Feature","id":461,"geometry":{"type":"Point","coordinates":[-0.138201,51.487135]},"properties":{"site":"Claverton Street","location":"Opposite  Chichester Street","lamp_column":"7","operator":"Shell Recharge","speed_class":"lccp","speeds":"5.5kW","bays":1,"bay_types":"LCCP","dedicated":false,"status":"installed","ward":"Pimlico South","cp_ids":"808333"}},{"type":"Feature","id":462,"geometry":{"type":"Point","coordinates":[-0.138154,51.487564]},"properties":{"site":"Claverton Street","location":"Opposite 13","lamp_column":"4","operator":"Shell Recharge","speed_class":"lccp","speeds":"5.5kW","bays":1,"bay_types":"LCCP","dedicated":false,"status":"installed","ward":"Pimlico South","cp_ids":"806645"}},{"type":"Feature","id":463,"geometry":{"type":"Point","coordinates":[-0.13803,51.48679]},"properties":{"site":"Claverton Street","location":"Opposite 34","lamp_column":"9","operator":"Shell Recharge","speed_class":"lccp","speeds":"5.5kW","bays":1,"bay_types":"LCCP","dedicated":false,"status":"installed","ward":"Pimlico South","cp_ids":"801917"}},{"type":"Feature","id":464,"geometry":{"type":"Point","coordinates":[-0.137793,51.486124]},"properties":{"site":"Claverton Street","location":"Opposite 60-62","lamp_column":"13","operator":"Shell Recharge","speed_class":"lccp","speeds":"5.5kW","bays":1,"bay_types":"LCCP","dedicated":false,"status":"installed","ward":"Pimlico South","cp_ids":"602368"}},{"type":"Feature","id":465,"geometry":{"type":"Point","coordinates":[-0.137659,51.485797]},"properties":{"site":"Claverton Street","location":"Opposite 76/78","lamp_column":"15","operator":"Shell Recharge","speed_class":"lccp","speeds":"5.5kW","bays":1,"bay_types":"LCCP","dedicated":false,"status":"installed","ward":"Pimlico South","cp_ids":"806646"}},{"type":"Feature","id":466,"geometry":{"type":"Point","coordinates":[-0.183323,51.51552]},"properties":{"site":"Cleveland Gardens","location":"6m From Col.3","lamp_column":"4","operator":"Shell Recharge","speed_class":"lccp","speeds":"5.5kW","bays":1,"bay_types":"LCCP","dedicated":false,"status":"installed","ward":"Lancaster Gate","cp_ids":"807457"}},{"type":"Feature","id":467,"geometry":{"type":"Point","coordinates":[-0.183366,51.514923]},"properties":{"site":"Cleveland Gardens","location":"At Or Outside 29-28","lamp_column":"13","operator":"Shell Recharge","speed_class":"lccp","speeds":"5.5kW","bays":1,"bay_types":"LCCP","dedicated":false,"status":"installed","ward":"Lancaster Gate","cp_ids":"807359"}},{"type":"Feature","id":468,"geometry":{"type":"Point","coordinates":[-0.1827,51.515613]},"properties":{"site":"Cleveland Gardens","location":"At Or Outside 7","lamp_column":"8","operator":"Shell Recharge","speed_class":"lccp","speeds":"5.5kW","bays":1,"bay_types":"LCCP","dedicated":false,"status":"installed","ward":"Lancaster Gate","cp_ids":"809627"}},{"type":"Feature","id":469,"geometry":{"type":"Point","coordinates":[-0.182745,51.515708]},"properties":{"site":"Cleveland Gardens","location":"At Or Outside 8","lamp_column":"7","operator":"Shell Recharge","speed_class":"lccp","speeds":"5.5kW","bays":1,"bay_types":"LCCP","dedicated":false,"status":"installed","ward":"Lancaster Gate","cp_ids":"807355"}},{"type":"Feature","id":470,"geometry":{"type":"Point","coordinates":[-0.183794,51.515148]},"properties":{"site":"Cleveland Gardens","location":"Side Of No.25","lamp_column":"1","operator":"Shell Recharge","speed_class":"lccp","speeds":"5.5kW","bays":1,"bay_types":"LCCP","dedicated":false,"status":"installed","ward":"Lancaster Gate","cp_ids":"801860"}},{"type":"Feature","id":471,"geometry":{"type":"Point","coordinates":[-0.183548,51.5152]},"properties":{"site":"Cleveland Gardens","location":"Side Of No.25","lamp_column":"2","operator":"Shell Recharge","speed_class":"lccp","speeds":"5.5kW","bays":1,"bay_types":"LCCP","dedicated":false,"status":"installed","ward":"Lancaster Gate","cp_ids":"807351"}},{"type":"Feature","id":472,"geometry":{"type":"Point","coordinates":[-0.18111,51.514679]},"properties":{"site":"Cleveland Square","location":"At Or Outside 1","lamp_column":"12","operator":"Shell Recharge","speed_class":"lccp","speeds":"5.5kW","bays":1,"bay_types":"LCCP","dedicated":false,"status":"installed","ward":"Lancaster Gate","cp_ids":"807350"}},{"type":"Feature","id":473,"geometry":{"type":"Point","coordinates":[-0.183254,51.514653]},"properties":{"site":"Cleveland Square","location":"At Or Outside 26","lamp_column":"1","operator":"Shell Recharge","speed_class":"lccp","speeds":"5.5kW","bays":1,"bay_types":"LCCP","dedicated":false,"status":"installed","ward":"Lancaster Gate","cp_ids":"801862"}},{"type":"Feature","id":474,"geometry":{"type":"Point","coordinates":[-0.182915,51.514063]},"properties":{"site":"Cleveland Square","location":"At Or Outside 43","lamp_column":"6","operator":"Shell Recharge","speed_class":"lccp","speeds":"5.5kW","bays":1,"bay_types":"LCCP","dedicated":false,"status":"installed","ward":"Lancaster Gate","cp_ids":"801127"}},{"type":"Feature","id":475,"geometry":{"type":"Point","coordinates":[-0.181896,51.514387]},"properties":{"site":"Cleveland Square","location":"At Or Outside 55","lamp_column":"9","operator":"Shell Recharge","speed_class":"lccp","speeds":"5.5kW","bays":1,"bay_types":"LCCP","dedicated":false,"status":"installed","ward":"Lancaster Gate","cp_ids":"801125"}},{"type":"Feature","id":476,"geometry":{"type":"Point","coordinates":[-0.181762,51.51492]},"properties":{"site":"Cleveland Square","location":"At Or Outside 7","lamp_column":"14","operator":"Shell Recharge","speed_class":"lccp","speeds":"5.5kW","bays":1,"bay_types":"LCCP","dedicated":false,"status":"installed","ward":"Lancaster Gate","cp_ids":"801123"}},{"type":"Feature","id":477,"geometry":{"type":"Point","coordinates":[-0.181188,51.514547]},"properties":{"site":"Cleveland Square","location":"Opposite Chilworth Street","lamp_column":"11","operator":"Shell Recharge","speed_class":"lccp","speeds":"5.5kW","bays":1,"bay_types":"LCCP","dedicated":false,"status":"installed","ward":"Lancaster Gate","cp_ids":"807352"}},{"type":"Feature","id":478,"geometry":{"type":"Point","coordinates":[-0.180488,51.516963]},"properties":{"site":"Cleveland Terrace","location":"J/W Eastbourne Mews","lamp_column":"10","operator":"Shell Recharge","speed_class":"lccp","speeds":"5.5kW","bays":1,"bay_types":"LCCP - Dedicated","dedicated":true,"status":"installed","ward":"Lancaster Gate","cp_ids":"605303"}},{"type":"Feature","id":479,"geometry":{"type":"Point","coordinates":[-0.180716,51.516961]},"properties":{"site":"Cleveland Terrace","location":"Opposite 119 Westbourne Terrace","lamp_column":"9","operator":"Shell Recharge","speed_class":"lccp","speeds":"5.5kW","bays":1,"bay_types":"LCCP - Dedicated","dedicated":true,"status":"installed","ward":"Lancaster Gate","cp_ids":"605304"}},{"type":"Feature","id":480,"geometry":{"type":"Point","coordinates":[-0.181403,51.516579]},"properties":{"site":"Cleveland Terrace","location":"Opposite 19","lamp_column":"6","operator":"Shell Recharge","speed_class":"lccp","speeds":"5.5kW","bays":1,"bay_types":"LCCP","dedicated":false,"status":"installed","ward":"Lancaster Gate","cp_ids":"801982"}},{"type":"Feature","id":481,"geometry":{"type":"Point","coordinates":[-0.140898,51.511212]},"properties":{"site":"Clifford Street","location":"Side Of 30 Savile Row","lamp_column":"7","operator":"Shell Recharge","speed_class":"lccp","speeds":"5.5kW","bays":1,"bay_types":"LCCP","dedicated":false,"status":"installed","ward":"West End","cp_ids":"801642"}},{"type":"Feature","id":482,"geometry":{"type":"Point","coordinates":[-0.182858,51.523883]},"properties":{"site":"Clifton Gardens","location":"At Or Outside 13 Connaught House","lamp_column":"9","operator":"Shell Recharge","speed_class":"lccp","speeds":"5.5kW","bays":1,"bay_types":"LCCP - Dedicated","dedicated":true,"status":"installed","ward":"Little Venice","cp_ids":"602459"}},{"type":"Feature","id":483,"geometry":{"type":"Point","coordinates":[-0.181586,51.524485]},"properties":{"site":"Clifton Gardens","location":"At Or Outside 21","lamp_column":"5","operator":"Shell Recharge","speed_class":"lccp","speeds":"5.5kW","bays":1,"bay_types":"LCCP","dedicated":false,"status":"installed","ward":"Little Venice","cp_ids":"602460"}},{"type":"Feature","id":484,"geometry":{"type":"Point","coordinates":[-0.18142,51.524727]},"properties":{"site":"Clifton Gardens","location":"At Or Outside 29","lamp_column":"4","operator":"Shell Recharge","speed_class":"lccp","speeds":"5.5kW","bays":1,"bay_types":"LCCP","dedicated":false,"status":"installed","ward":"Little Venice","cp_ids":"807986"}},{"type":"Feature","id":485,"geometry":{"type":"Point","coordinates":[-0.183252,51.523849]},"properties":{"site":"Clifton Gardens","location":"At Or Outside 4 Connaught House","lamp_column":"10","operator":"Shell Recharge","speed_class":"lccp","speeds":"5.5kW","bays":1,"bay_types":"LCCP","dedicated":false,"status":"installed","ward":"Little Venice","cp_ids":"602458"}},{"type":"Feature","id":486,"geometry":{"type":"Point","coordinates":[-0.180325,51.525091]},"properties":{"site":"Clifton Gardens","location":"At Or Outside 53","lamp_column":"1","operator":"Shell Recharge","speed_class":"lccp","speeds":"5.5kW","bays":1,"bay_types":"LCCP - Dedicated","dedicated":true,"status":"installed","ward":"Little Venice","cp_ids":"606728"}},{"type":"Feature","id":487,"geometry":{"type":"Point","coordinates":[-0.182649,51.524138]},"properties":{"site":"Clifton Gardens","location":"At Or Outside Connaught House","lamp_column":"8","operator":"Shell Recharge","speed_class":"lccp","speeds":"5.5kW","bays":1,"bay_types":"LCCP","dedicated":false,"status":"installed","ward":"Little Venice","cp_ids":"606727"}},{"type":"Feature","id":488,"geometry":{"type":"Point","coordinates":[-0.185409,51.535541]},"properties":{"site":"Clifton Hill","location":"At Or Outside 101","lamp_column":"5","operator":"Shell Recharge","speed_class":"lccp","speeds":"5.5kW","bays":1,"bay_types":"LCCP","dedicated":false,"status":"installed","ward":"Abbey Road","cp_ids":"801639"}},{"type":"Feature","id":489,"geometry":{"type":"Point","coordinates":[-0.186136,51.535177]},"properties":{"site":"Clifton Hill","location":"At Or Outside 109","lamp_column":"2","operator":"Shell Recharge","speed_class":"lccp","speeds":"5.5kW","bays":1,"bay_types":"LCCP - Dedicated","dedicated":true,"status":"installed","ward":"Abbey Road","cp_ids":"606826"}},{"type":"Feature","id":490,"geometry":{"type":"Point","coordinates":[-0.180196,51.537916]},"properties":{"site":"Clifton Hill","location":"At Or Outside 22","lamp_column":"22","operator":"Shell Recharge","speed_class":"lccp","speeds":"5.5kW","bays":1,"bay_types":"LCCP","dedicated":false,"status":"installed","ward":"Abbey Road","cp_ids":"602180"}},{"type":"Feature","id":491,"geometry":{"type":"Point","coordinates":[-0.180497,51.537704]},"properties":{"site":"Clifton Hill","location":"At Or Outside 23","lamp_column":"21","operator":"Shell Recharge","speed_class":"lccp","speeds":"5.5kW","bays":1,"bay_types":"LCCP - Dedicated","dedicated":true,"status":"installed","ward":"Abbey Road","cp_ids":"602179"}},{"type":"Feature","id":492,"geometry":{"type":"Point","coordinates":[-0.182248,51.537153]},"properties":{"site":"Clifton Hill","location":"At Or Outside 52","lamp_column":"16","operator":"Shell Recharge","speed_class":"lccp","speeds":"5.5kW","bays":1,"bay_types":"LCCP","dedicated":false,"status":"installed","ward":"Abbey Road","cp_ids":"801637"}},{"type":"Feature","id":493,"geometry":{"type":"Point","coordinates":[-0.183552,51.536559]},"properties":{"site":"Clifton Hill","location":"At Or Outside 66","lamp_column":"12","operator":"Shell Recharge","speed_class":"lccp","speeds":"5.5kW","bays":1,"bay_types":"LCCP","dedicated":false,"status":"installed","ward":"Abbey Road","cp_ids":"806236"}},{"type":"Feature","id":494,"geometry":{"type":"Point","coordinates":[-0.184253,51.536117]},"properties":{"site":"Clifton Hill","location":"At Or Outside 73","lamp_column":"9","operator":"Shell Recharge","speed_class":"lccp","speeds":"5.5kW","bays":1,"bay_types":"LCCP","dedicated":false,"status":"installed","ward":"Abbey Road","cp_ids":"806234"}},{"type":"Feature","id":495,"geometry":{"type":"Point","coordinates":[-0.184699,51.53601]},"properties":{"site":"Clifton Hill","location":"At Or Outside 88","lamp_column":"8","operator":"Shell Recharge","speed_class":"lccp","speeds":"5.5kW","bays":1,"bay_types":"LCCP","dedicated":false,"status":"installed","ward":"Abbey Road","cp_ids":"801636"}},{"type":"Feature","id":496,"geometry":{"type":"Point","coordinates":[-0.179704,51.538004]},"properties":{"site":"Clifton Hill","location":"At Or Outside 9","lamp_column":"23","operator":"Shell Recharge","speed_class":"lccp","speeds":"5.5kW","bays":1,"bay_types":"LCCP","dedicated":false,"status":"installed","ward":"Abbey Road","cp_ids":"602181"}},{"type":"Feature","id":497,"geometry":{"type":"Point","coordinates":[-0.18488,51.535807]},"properties":{"site":"Clifton Hill","location":"At Or Outside 91","lamp_column":"7","operator":"Shell Recharge","speed_class":"lccp","speeds":"5.5kW","bays":1,"bay_types":"LCCP - Dedicated","dedicated":true,"status":"installed","ward":"Abbey Road","cp_ids":"606827"}},{"type":"Feature","id":498,"geometry":{"type":"Point","coordinates":[-0.182701,51.536901]},"properties":{"site":"Clifton Hill","location":"Outside 53 Clifton Hill","lamp_column":null,"operator":"TotalEnergies","speed_class":"fast","speeds":"22kW","bays":2,"bay_types":"EV Bay","dedicated":true,"status":"installed","ward":"Abbey Road","cp_ids":null}},{"type":"Feature","id":499,"geometry":{"type":"Point","coordinates":[-0.184711,51.523045]},"properties":{"site":"Clifton Villas","location":"At Or Outside 16","lamp_column":"7","operator":"Shell Recharge","speed_class":"lccp","speeds":"5.5kW","bays":1,"bay_types":"LCCP","dedicated":false,"status":"installed","ward":"Little Venice","cp_ids":"601653"}},{"type":"Feature","id":500,"geometry":{"type":"Point","coordinates":[-0.185262,51.522273]},"properties":{"site":"Clifton Villas","location":"At Or Outside 2","lamp_column":"2","operator":"Shell Recharge","speed_class":"lccp","speeds":"5.5kW","bays":1,"bay_types":"LCCP","dedicated":false,"status":"installed","ward":"Little Venice","cp_ids":"601656"}},{"type":"Feature","id":501,"geometry":{"type":"Point","coordinates":[-0.184763,51.522751]},"properties":{"site":"Clifton Villas","location":"At Or Outside 8","lamp_column":"6","operator":"Shell Recharge","speed_class":"lccp","speeds":"5.5kW","bays":1,"bay_types":"LCCP - Dedicated","dedicated":true,"status":"installed","ward":"Little Venice","cp_ids":"601654"}},{"type":"Feature","id":502,"geometry":{"type":"Point","coordinates":[-0.185355,51.522436]},"properties":{"site":"Clifton Villas","location":"Outside 23-24 Clifton Villas","lamp_column":null,"operator":"TotalEnergies","speed_class":"fast","speeds":"22kW","bays":2,"bay_types":"EV Bay","dedicated":true,"status":"installed","ward":"Little Venice","cp_ids":null}},{"type":"Feature","id":503,"geometry":{"type":"Point","coordinates":[-0.142509,51.520846]},"properties":{"site":"Clipstone Street","location":"At Or Outside 152-156","lamp_column":"3","operator":"Shell Recharge","speed_class":"lccp","speeds":"5.5kW","bays":1,"bay_types":"LCCP","dedicated":false,"status":"installed","ward":"West End","cp_ids":"807226"}},{"type":"Feature","id":504,"geometry":{"type":"Point","coordinates":[-0.141095,51.521112]},"properties":{"site":"Clipstone Street","location":"At Or Outside 4m From Hanson Street","lamp_column":"10","operator":"Shell Recharge","speed_class":"lccp","speeds":"5.5kW","bays":1,"bay_types":"LCCP","dedicated":false,"status":"installed","ward":"West End","cp_ids":"801754"}},{"type":"Feature","id":505,"geometry":{"type":"Point","coordinates":[-0.141504,51.521112]},"properties":{"site":"Clipstone Street","location":"At Or Outside Holcrest Court Entrance E","lamp_column":"7","operator":"Shell Recharge","speed_class":"lccp","speeds":"5.5kW","bays":1,"bay_types":"LCCP","dedicated":false,"status":"installed","ward":"West End","cp_ids":"801704"}},{"type":"Feature","id":506,"geometry":{"type":"Point","coordinates":[-0.141366,51.521101]},"properties":{"site":"Clipstone Street","location":"Between Gt Titchfield St And Clipstone St Alongside Collingwood House","lamp_column":null,"operator":"To be confirmed","speed_class":"rapid","speeds":"50-100kW","bays":1,"bay_types":"EV Bay","dedicated":true,"status":"planned","ward":"West End","cp_ids":null}},{"type":"Feature","id":507,"geometry":{"type":"Point","coordinates":[-0.141361,51.521104]},"properties":{"site":"Clipstone Street","location":"Between Gt Titchfield St And Clipstone St Alongside Collingwood House","lamp_column":null,"operator":"To be confirmed","speed_class":"rapid","speeds":"50kW","bays":1,"bay_types":"EV Bay","dedicated":true,"status":"planned","ward":"West End","cp_ids":"TBC"}},{"type":"Feature","id":508,"geometry":{"type":"Point","coordinates":[-0.171309,51.532892]},"properties":{"site":"Cochrane Street","location":"At Or Outside Cochrane House","lamp_column":"4","operator":"Shell Recharge","speed_class":"lccp","speeds":"5.5kW","bays":1,"bay_types":"LCCP - Dedicated","dedicated":true,"status":"installed","ward":"Regent's Park","cp_ids":"606953"}},{"type":"Feature","id":509,"geometry":{"type":"Point","coordinates":[-0.170366,51.532238]},"properties":{"site":"Cochrane Street","location":"At Or Outside Lebus House","lamp_column":"7","operator":"Shell Recharge","speed_class":"lccp","speeds":"5.5kW","bays":1,"bay_types":"LCCP","dedicated":false,"status":"installed","ward":"Regent's Park","cp_ids":"801928"}},{"type":"Feature","id":510,"geometry":{"type":"Point","coordinates":[-0.170921,51.532692]},"properties":{"site":"Cochrane Street","location":"Opposite Densham House","lamp_column":"5","operator":"Shell Recharge","speed_class":"lccp","speeds":"5.5kW","bays":1,"bay_types":"LCCP","dedicated":false,"status":"installed","ward":"Regent's Park","cp_ids":"806265"}},{"type":"Feature","id":511,"geometry":{"type":"Point","coordinates":[-0.163597,51.514572]},"properties":{"site":"Connaught Square","location":"At Or Outside 11/12","lamp_column":"2","operator":"Shell Recharge","speed_class":"lccp","speeds":"5.5kW","bays":1,"bay_types":"LCCP","dedicated":false,"status":"installed","ward":"Hyde Park","cp_ids":"801733"}},{"type":"Feature","id":512,"geometry":{"type":"Point","coordinates":[-0.164028,51.513877]},"properties":{"site":"Connaught Square","location":"At Or Outside 36","lamp_column":"8","operator":"Shell Recharge","speed_class":"lccp","speeds":"5.5kW","bays":1,"bay_types":"LCCP","dedicated":false,"status":"installed","ward":"Hyde Park","cp_ids":"801780"}},{"type":"Feature","id":513,"geometry":{"type":"Point","coordinates":[-0.163726,51.513813]},"properties":{"site":"Connaught Square","location":"At Or Outside 41/42","lamp_column":"7","operator":"Shell Recharge","speed_class":"lccp","speeds":"5.5kW","bays":1,"bay_types":"LCCP","dedicated":false,"status":"installed","ward":"Hyde Park","cp_ids":"805009"}},{"type":"Feature","id":514,"geometry":{"type":"Point","coordinates":[-0.16372,51.514775]},"properties":{"site":"Connaught Square","location":"Opposite Connaught Street","lamp_column":"1","operator":"Shell Recharge","speed_class":"lccp","speeds":"5.5kW","bays":1,"bay_types":"LCCP","dedicated":false,"status":"installed","ward":"Hyde Park","cp_ids":"801731"}},{"type":"Feature","id":515,"geometry":{"type":"Point","coordinates":[-0.164348,51.51443]},"properties":{"site":"Connaught Square","location":"Outside 27","lamp_column":"11","operator":"Shell Recharge","speed_class":"lccp","speeds":"5.5kW","bays":1,"bay_types":"LCCP","dedicated":false,"status":"installed","ward":"Hyde Park","cp_ids":"801739"}},{"type":"Feature","id":516,"geometry":{"type":"Point","coordinates":[-0.167754,51.51423]},"properties":{"site":"Connaught Street","location":"50 Connaught Street","lamp_column":null,"operator":"TotalEnergies","speed_class":"fast","speeds":"22kW","bays":2,"bay_types":"EV Bay","dedicated":true,"status":"installed","ward":"Hyde Park","cp_ids":null}},{"type":"Feature","id":517,"geometry":{"type":"Point","coordinates":[-0.203964,51.527193]},"properties":{"site":"Coomassie Road","location":"Side Of 50b Portnall Road","lamp_column":"1","operator":"Shell Recharge","speed_class":"lccp","speeds":"5.5kW","bays":1,"bay_types":"LCCP","dedicated":false,"status":"installed","ward":"Queen's Park","cp_ids":null}},{"type":"Feature","id":518,"geometry":{"type":"Point","coordinates":[-0.169943,51.520745]},"properties":{"site":"Corlett Street","location":"Opposite Bell Street","lamp_column":"S1","operator":"Shell Recharge","speed_class":"lccp","speeds":"5.5kW","bays":1,"bay_types":"LCCP","dedicated":false,"status":"installed","ward":"Church Street","cp_ids":"806569"}},{"type":"Feature","id":519,"geometry":{"type":"Point","coordinates":[-0.165596,51.521006]},"properties":{"site":"Cosway Street","location":"At Junction With Marylebone Road, Opp Church Army Building","lamp_column":null,"operator":"To be confirmed","speed_class":"rapid","speeds":"50-100kW","bays":1,"bay_types":"EV Bay","dedicated":true,"status":"planned","ward":"Church Street","cp_ids":null}},{"type":"Feature","id":520,"geometry":{"type":"Point","coordinates":[-0.165704,51.521254]},"properties":{"site":"Cosway Street","location":"At Or Outside 7","lamp_column":"3","operator":"Shell Recharge","speed_class":"lccp","speeds":"5.5kW","bays":1,"bay_types":"LCCP - Dedicated","dedicated":true,"status":"installed","ward":"Church Street","cp_ids":"605423"}},{"type":"Feature","id":521,"geometry":{"type":"Point","coordinates":[-0.165741,51.521055]},"properties":{"site":"Cosway Street","location":"At Or Outside Hunstanton House","lamp_column":"2","operator":"Shell Recharge","speed_class":"lccp","speeds":"5.5kW","bays":1,"bay_types":"LCCP","dedicated":false,"status":"installed","ward":"Church Street","cp_ids":"809485"}},{"type":"Feature","id":522,"geometry":{"type":"Point","coordinates":[-0.198829,51.515922]},"properties":{"site":"Courtnell Street","location":"At Or Outside 13","lamp_column":"5","operator":"Shell Recharge","speed_class":"lccp","speeds":"5.5kW","bays":1,"bay_types":"LCCP - Dedicated","dedicated":true,"status":"installed","ward":"Bayswater","cp_ids":"602444"}},{"type":"Feature","id":523,"geometry":{"type":"Point","coordinates":[-0.19878,51.516171]},"properties":{"site":"Courtnell Street","location":"At Or Outside 18","lamp_column":"4","operator":"Shell Recharge","speed_class":"lccp","speeds":"5.5kW","bays":1,"bay_types":"LCCP","dedicated":false,"status":"installed","ward":"Bayswater","cp_ids":"606580"}},{"type":"Feature","id":524,"geometry":{"type":"Point","coordinates":[-0.198974,51.51639]},"properties":{"site":"Courtnell Street","location":"At Or Outside 33","lamp_column":"3","operator":"Shell Recharge","speed_class":"lccp","speeds":"5.5kW","bays":1,"bay_types":"LCCP - Dedicated","dedicated":true,"status":"installed","ward":"Bayswater","cp_ids":"602442"}},{"type":"Feature","id":525,"geometry":{"type":"Point","coordinates":[-0.198921,51.516635]},"properties":{"site":"Courtnell Street","location":"At Or Outside 38","lamp_column":"2","operator":"Shell Recharge","speed_class":"lccp","speeds":"5.5kW","bays":1,"bay_types":"LCCP","dedicated":false,"status":"installed","ward":"Bayswater","cp_ids":"602443"}},{"type":"Feature","id":526,"geometry":{"type":"Point","coordinates":[-0.198609,51.51565]},"properties":{"site":"Courtnell Street","location":"At Or Outside 4","lamp_column":"6","operator":"Shell Recharge","speed_class":"lccp","speeds":"5.5kW","bays":1,"bay_types":"LCCP","dedicated":false,"status":"installed","ward":"Bayswater","cp_ids":"808030"}},{"type":"Feature","id":527,"geometry":{"type":"Point","coordinates":[-0.199109,51.516836]},"properties":{"site":"Courtnell Street","location":"Side Of 87 Talbot Road","lamp_column":"1","operator":"Shell Recharge","speed_class":"lccp","speeds":"5.5kW","bays":1,"bay_types":"LCCP","dedicated":false,"status":"installed","ward":"Bayswater","cp_ids":"807418"}},{"type":"Feature","id":528,"geometry":{"type":"Point","coordinates":[-0.180874,51.513057]},"properties":{"site":"Craven Hill","location":"At Or Outside 18","lamp_column":"5","operator":"Shell Recharge","speed_class":"lccp","speeds":"5.5kW","bays":1,"bay_types":"LCCP","dedicated":false,"status":"installed","ward":"Lancaster Gate","cp_ids":"602183"}},{"type":"Feature","id":529,"geometry":{"type":"Point","coordinates":[-0.182257,51.51249]},"properties":{"site":"Craven Hill","location":"At Or Outside 21","lamp_column":"1","operator":"Shell Recharge","speed_class":"lccp","speeds":"5.5kW","bays":1,"bay_types":"LCCP","dedicated":false,"status":"installed","ward":"Lancaster Gate","cp_ids":"807243"}},{"type":"Feature","id":530,"geometry":{"type":"Point","coordinates":[-0.181212,51.512942]},"properties":{"site":"Craven Hill","location":"At Or Outside 22","lamp_column":"4","operator":"Shell Recharge","speed_class":"lccp","speeds":"5.5kW","bays":1,"bay_types":"LCCP - Dedicated","dedicated":true,"status":"installed","ward":"Lancaster Gate","cp_ids":"602184"}},{"type":"Feature","id":531,"geometry":{"type":"Point","coordinates":[-0.180035,51.513337]},"properties":{"site":"Craven Hill","location":"At Or Outside 8","lamp_column":"7","operator":"Shell Recharge","speed_class":"lccp","speeds":"5.5kW","bays":1,"bay_types":"LCCP","dedicated":false,"status":"installed","ward":"Lancaster Gate","cp_ids":"602182"}},{"type":"Feature","id":532,"geometry":{"type":"Point","coordinates":[-0.180304,51.513143]},"properties":{"site":"Craven Hill","location":"At Or Outside Church","lamp_column":"6","operator":"Shell Recharge","speed_class":"lccp","speeds":"5.5kW","bays":1,"bay_types":"LCCP","dedicated":false,"status":"installed","ward":"Lancaster Gate","cp_ids":"807251"}},{"type":"Feature","id":533,"geometry":{"type":"Point","coordinates":[-0.181823,51.512741]},"properties":{"site":"Craven Hill","location":"Opposite Craven Lodge","lamp_column":"2","operator":"Shell Recharge","speed_class":"lccp","speeds":"5.5kW","bays":1,"bay_types":"LCCP","dedicated":false,"status":"installed","ward":"Lancaster Gate","cp_ids":"807253"}},{"type":"Feature","id":534,"geometry":{"type":"Point","coordinates":[-0.183038,51.511858]},"properties":{"site":"Craven Hill Gardens","location":"At Or Outside 11","lamp_column":"15","operator":"Shell Recharge","speed_class":"lccp","speeds":"5.5kW","bays":1,"bay_types":"LCCP","dedicated":false,"status":"installed","ward":"Lancaster Gate","cp_ids":"801986"}},{"type":"Feature","id":535,"geometry":{"type":"Point","coordinates":[-0.181623,51.512904]},"properties":{"site":"Craven Hill Gardens","location":"At Or Outside 1st From Craven Hill","lamp_column":"6","operator":"Shell Recharge","speed_class":"lccp","speeds":"5.5kW","bays":1,"bay_types":"LCCP","dedicated":false,"status":"installed","ward":"Lancaster Gate","cp_ids":"807319"}},{"type":"Feature","id":536,"geometry":{"type":"Point","coordinates":[-0.182631,51.512494]},"properties":{"site":"Craven Hill Gardens","location":"At Or Outside 21 Comfort Inn","lamp_column":"7","operator":"Shell Recharge","speed_class":"lccp","speeds":"5.5kW","bays":1,"bay_types":"LCCP","dedicated":false,"status":"installed","ward":"Lancaster Gate","cp_ids":"807240"}},{"type":"Feature","id":537,"geometry":{"type":"Point","coordinates":[-0.182812,51.512854]},"properties":{"site":"Craven Hill Gardens","location":"At Or Outside 27","lamp_column":"2","operator":"Shell Recharge","speed_class":"lccp","speeds":"5.5kW","bays":1,"bay_types":"LCCP","dedicated":false,"status":"installed","ward":"Lancaster Gate","cp_ids":"807247"}},{"type":"Feature","id":538,"geometry":{"type":"Point","coordinates":[-0.182065,51.513049]},"properties":{"site":"Craven Hill Gardens","location":"At Or Outside 35","lamp_column":"4","operator":"Shell Recharge","speed_class":"lccp","speeds":"5.5kW","bays":1,"bay_types":"LCCP","dedicated":false,"status":"installed","ward":"Lancaster Gate","cp_ids":"602218"}},{"type":"Feature","id":539,"geometry":{"type":"Point","coordinates":[-0.181657,51.513161]},"properties":{"site":"Craven Hill Gardens","location":"At Or Outside 40","lamp_column":"5","operator":"Shell Recharge","speed_class":"lccp","speeds":"5.5kW","bays":1,"bay_types":"LCCP - Dedicated","dedicated":true,"status":"installed","ward":"Lancaster Gate","cp_ids":"602217"}},{"type":"Feature","id":540,"geometry":{"type":"Point","coordinates":[-0.183264,51.51273]},"properties":{"site":"Craven Hill Gardens","location":"Near Leinster Gardens","lamp_column":"1","operator":"Shell Recharge","speed_class":"lccp","speeds":"5.5kW","bays":1,"bay_types":"LCCP","dedicated":false,"status":"installed","ward":"Lancaster Gate","cp_ids":"807249"}},{"type":"Feature","id":541,"geometry":{"type":"Point","coordinates":[-0.183007,51.512308]},"properties":{"site":"Craven Hill Gardens","location":"Opposite 21","lamp_column":"8","operator":"Shell Recharge","speed_class":"lccp","speeds":"5.5kW","bays":1,"bay_types":"LCCP - Dedicated","dedicated":true,"status":"installed","ward":"Lancaster Gate","cp_ids":"602219"}},{"type":"Feature","id":542,"geometry":{"type":"Point","coordinates":[-0.179012,51.513788]},"properties":{"site":"Craven Road","location":"At Or Outside 34","lamp_column":"3","operator":"Shell Recharge","speed_class":"lccp","speeds":"5.5kW","bays":1,"bay_types":"LCCP","dedicated":false,"status":"installed","ward":"Lancaster Gate","cp_ids":"807406"}},{"type":"Feature","id":543,"geometry":{"type":"Point","coordinates":[-0.162131,51.519369]},"properties":{"site":"Crawford Street","location":"At Or Outside 40","lamp_column":"8","operator":"Shell Recharge","speed_class":"lccp","speeds":"5.5kW","bays":1,"bay_types":"LCCP","dedicated":false,"status":"installed","ward":"Marylebone","cp_ids":"807479"}},{"type":"Feature","id":544,"geometry":{"type":"Point","coordinates":[-0.163197,51.519061]},"properties":{"site":"Crawford Street","location":"Junct With Seymour Place","lamp_column":"5","operator":"Shell Recharge","speed_class":"lccp","speeds":"5.5kW","bays":1,"bay_types":"LCCP","dedicated":false,"status":"installed","ward":"Marylebone","cp_ids":"809622"}},{"type":"Feature","id":545,"geometry":{"type":"Point","coordinates":[-0.163615,51.519095]},"properties":{"site":"Crawford Street","location":"Opposite 56","lamp_column":"4","operator":"Shell Recharge","speed_class":"lccp","speeds":"5.5kW","bays":1,"bay_types":"LCCP","dedicated":false,"status":"installed","ward":"Marylebone","cp_ids":"809623"}},{"type":"Feature","id":546,"geometry":{"type":"Point","coordinates":[-0.16254,51.519189]},"properties":{"site":"Crawford Street","location":"Opposite Clarewood Court","lamp_column":"7","operator":"Shell Recharge","speed_class":"lccp","speeds":"5.5kW","bays":1,"bay_types":"LCCP","dedicated":false,"status":"installed","ward":"Marylebone","cp_ids":"807477"}},{"type":"Feature","id":547,"geometry":{"type":"Point","coordinates":[-0.201118,51.529813]},"properties":{"site":"Croxley Road","location":"At Or Outside 2","lamp_column":"2","operator":"Shell Recharge","speed_class":"lccp","speeds":"5.5kW","bays":1,"bay_types":"LCCP","dedicated":false,"status":"installed","ward":"Harrow Road","cp_ids":"806231"}},{"type":"Feature","id":548,"geometry":{"type":"Point","coordinates":[-0.20034,51.529652]},"properties":{"site":"Croxley Road","location":"At Or Outside 20","lamp_column":"4","operator":"Shell Recharge","speed_class":"lccp","speeds":"5.5kW","bays":1,"bay_types":"LCCP","dedicated":false,"status":"installed","ward":"Harrow Road","cp_ids":"806233"}},{"type":"Feature","id":549,"geometry":{"type":"Point","coordinates":[-0.200118,51.529531]},"properties":{"site":"Croxley Road","location":"At Or Outside 23","lamp_column":"5","operator":"Shell Recharge","speed_class":"lccp","speeds":"5.5kW","bays":1,"bay_types":"LCCP","dedicated":false,"status":"installed","ward":"Harrow Road","cp_ids":"806237"}},{"type":"Feature","id":550,"geometry":{"type":"Point","coordinates":[-0.199739,51.52953]},"properties":{"site":"Croxley Road","location":"At Or Outside 36/38a","lamp_column":"6","operator":"Shell Recharge","speed_class":"lccp","speeds":"5.5kW","bays":1,"bay_types":"LCCP","dedicated":false,"status":"installed","ward":"Harrow Road","cp_ids":"806232"}},{"type":"Feature","id":551,"geometry":{"type":"Point","coordinates":[-0.200775,51.529667]},"properties":{"site":"Croxley Road","location":"At Or Outside 5","lamp_column":"3","operator":"Shell Recharge","speed_class":"lccp","speeds":"5.5kW","bays":1,"bay_types":"LCCP","dedicated":false,"status":"installed","ward":"Harrow Road","cp_ids":"806235"}},{"type":"Feature","id":552,"geometry":{"type":"Point","coordinates":[-0.199013,51.529304]},"properties":{"site":"Croxley Road","location":"At Or Outside 51","lamp_column":"9","operator":"Shell Recharge","speed_class":"lccp","speeds":"5.5kW","bays":1,"bay_types":"LCCP","dedicated":false,"status":"installed","ward":"Harrow Road","cp_ids":"606529"}},{"type":"Feature","id":553,"geometry":{"type":"Point","coordinates":[-0.199289,51.529436]},"properties":{"site":"Croxley Road","location":"Opposite 43","lamp_column":"8","operator":"Shell Recharge","speed_class":"lccp","speeds":"5.5kW","bays":1,"bay_types":"LCCP","dedicated":false,"status":"installed","ward":"Harrow Road","cp_ids":"806238"}},{"type":"Feature","id":554,"geometry":{"type":"Point","coordinates":[-0.201483,51.529732]},"properties":{"site":"Croxley Road","location":"Side Of Methodist Church Fernhead Rd","lamp_column":"1","operator":"Shell Recharge","speed_class":"lccp","speeds":"5.5kW","bays":1,"bay_types":"LCCP","dedicated":false,"status":"installed","ward":"Harrow Road","cp_ids":"809496"}},{"type":"Feature","id":555,"geometry":{"type":"Point","coordinates":[-0.153958,51.510984]},"properties":{"site":"Culross Street","location":"At Or Outside 1a","lamp_column":"9","operator":"Shell Recharge","speed_class":"lccp","speeds":"5.5kW","bays":1,"bay_types":"LCCP","dedicated":false,"status":"installed","ward":"West End","cp_ids":"805194"}},{"type":"Feature","id":556,"geometry":{"type":"Point","coordinates":[-0.167223,51.533105]},"properties":{"site":"Culworth Street","location":"Opposite Oslo Court","lamp_column":"1","operator":"Shell Recharge","speed_class":"lccp","speeds":"5.5kW","bays":1,"bay_types":"LCCP","dedicated":false,"status":"installed","ward":"Regent's Park","cp_ids":"606963"}},{"type":"Feature","id":557,"geometry":{"type":"Point","coordinates":[-0.166947,51.532949]},"properties":{"site":"Culworth Street","location":"Opposite Tibet House","lamp_column":"2","operator":"Shell Recharge","speed_class":"lccp","speeds":"5.5kW","bays":1,"bay_types":"LCCP - Dedicated","dedicated":true,"status":"installed","ward":"Regent's Park","cp_ids":"606962"}},{"type":"Feature","id":558,"geometry":{"type":"Point","coordinates":[-0.143204,51.488141]},"properties":{"site":"Cumberland Street","location":"Opposite No.70","lamp_column":"7","operator":"Shell Recharge","speed_class":"lccp","speeds":"5.5kW","bays":1,"bay_types":"LCCP","dedicated":false,"status":"installed","ward":"Pimlico South","cp_ids":"801833"}},{"type":"Feature","id":559,"geometry":{"type":"Point","coordinates":[-0.145506,51.489131]},"properties":{"site":"Cumberland Street","location":"Outside 12/14","lamp_column":"3","operator":"Shell Recharge","speed_class":"lccp","speeds":"5.5kW","bays":1,"bay_types":"LCCP","dedicated":false,"status":"installed","ward":"Pimlico South","cp_ids":null}},{"type":"Feature","id":560,"geometry":{"type":"Point","coordinates":[-0.174591,51.525884]},"properties":{"site":"Cunningham Place","location":"At Or Outside Elmton Court Flats","lamp_column":"4","operator":"Shell Recharge","speed_class":"lccp","speeds":"5.5kW","bays":1,"bay_types":"LCCP - Dedicated","dedicated":true,"status":"installed","ward":"Abbey Road","cp_ids":"602147"}},{"type":"Feature","id":561,"geometry":{"type":"Point","coordinates":[-0.130632,51.490685]},"properties":{"site":"Cureton Street","location":"J/W Herrick Street","lamp_column":"2","operator":"Shell Recharge","speed_class":"lccp","speeds":"5.5kW","bays":1,"bay_types":"LCCP","dedicated":false,"status":"installed","ward":"Vincent Square","cp_ids":"807581"}},{"type":"Feature","id":562,"geometry":{"type":"Point","coordinates":[-0.130382,51.490607]},"properties":{"site":"Cureton Street","location":"Outside Lawrence House","lamp_column":"3","operator":"Shell Recharge","speed_class":"lccp","speeds":"5.5kW","bays":1,"bay_types":"LCCP","dedicated":false,"status":"installed","ward":"Vincent Square","cp_ids":"807134"}},{"type":"Feature","id":563,"geometry":{"type":"Point","coordinates":[-0.13013,51.490526]},"properties":{"site":"Cureton Street","location":"Outside Lawrence House","lamp_column":"4","operator":"Shell Recharge","speed_class":"lccp","speeds":"5.5kW","bays":1,"bay_types":"LCCP","dedicated":false,"status":"installed","ward":"Vincent Square","cp_ids":"801327"}},{"type":"Feature","id":564,"geometry":{"type":"Point","coordinates":[-0.130841,51.490582]},"properties":{"site":"Cureton Street","location":"Outside Marysmith House","lamp_column":"1","operator":"Shell Recharge","speed_class":"lccp","speeds":"5.5kW","bays":1,"bay_types":"LCCP","dedicated":false,"status":"installed","ward":"Vincent Square","cp_ids":"801324"}},{"type":"Feature","id":565,"geometry":{"type":"Point","coordinates":[-0.129951,51.490382]},"properties":{"site":"Cureton Street","location":"Outside Wilkie House","lamp_column":"5","operator":"Shell Recharge","speed_class":"lccp","speeds":"5.5kW","bays":1,"bay_types":"LCCP","dedicated":false,"status":"installed","ward":"Vincent Square","cp_ids":"801329"}},{"type":"Feature","id":566,"geometry":{"type":"Point","coordinates":[-0.14996,51.506429]},"properties":{"site":"Curzon Street","location":"Outside Leconfield House Opposite Derby Street","lamp_column":null,"operator":"TotalEnergies","speed_class":"fast","speeds":"22kW","bays":2,"bay_types":"EV Bay","dedicated":true,"status":"installed","ward":"West End","cp_ids":null}},{"type":"Feature","id":567,"geometry":{"type":"Point","coordinates":[-0.150483,51.506315]},"properties":{"site":"Curzon Street","location":"Outside No. 19","lamp_column":"18","operator":"Shell Recharge","speed_class":"lccp","speeds":"5.5kW","bays":1,"bay_types":"LCCP - Dedicated","dedicated":true,"status":"installed","ward":"West End","cp_ids":"605379"}},{"type":"Feature","id":568,"geometry":{"type":"Point","coordinates":[-0.175044,51.522841]},"properties":{"site":"Cuthbert Street","location":"Opposite Adpar Street","lamp_column":"2","operator":"Shell Recharge","speed_class":"lccp","speeds":"5.5kW","bays":1,"bay_types":"LCCP","dedicated":false,"status":"installed","ward":"Little Venice","cp_ids":"807430"}},{"type":"Feature","id":569,"geometry":{"type":"Point","coordinates":[-0.175283,51.522714]},"properties":{"site":"Cuthbert Street","location":"Opposite Cuthbert House","lamp_column":"3","operator":"Shell Recharge","speed_class":"lccp","speeds":"5.5kW","bays":1,"bay_types":"LCCP","dedicated":false,"status":"installed","ward":"Little Venice","cp_ids":"807431"}},{"type":"Feature","id":570,"geometry":{"type":"Point","coordinates":[-0.205483,51.530861]},"properties":{"site":"Dart Street","location":"At Or Outside 1","lamp_column":"12","operator":"Shell Recharge","speed_class":"lccp","speeds":"5.5kW","bays":1,"bay_types":"LCCP","dedicated":false,"status":"installed","ward":"Queen's Park","cp_ids":"806704"}},{"type":"Feature","id":571,"geometry":{"type":"Point","coordinates":[-0.206226,51.530742]},"properties":{"site":"Dart Street","location":"At Or Outside Edf Sub Station (30080)","lamp_column":"7","operator":"Shell Recharge","speed_class":"lccp","speeds":"5.5kW","bays":1,"bay_types":"LCCP","dedicated":false,"status":"installed","ward":"Queen's Park","cp_ids":"806700"}},{"type":"Feature","id":572,"geometry":{"type":"Point","coordinates":[-0.207568,51.530482]},"properties":{"site":"Dart Street","location":"At Or Outside Health Centre","lamp_column":"2","operator":"Shell Recharge","speed_class":"lccp","speeds":"5.5kW","bays":1,"bay_types":"LCCP","dedicated":false,"status":"installed","ward":"Queen's Park","cp_ids":"807086"}},{"type":"Feature","id":573,"geometry":{"type":"Point","coordinates":[-0.206762,51.530642]},"properties":{"site":"Dart Street","location":"Opposite John Fearon Walk","lamp_column":"5","operator":"Shell Recharge","speed_class":"lccp","speeds":"5.5kW","bays":1,"bay_types":"LCCP","dedicated":false,"status":"installed","ward":"Queen's Park","cp_ids":"807082"}},{"type":"Feature","id":574,"geometry":{"type":"Point","coordinates":[-0.206586,51.530571]},"properties":{"site":"Dart Street","location":"Side Of Bruckner Street","lamp_column":"6","operator":"Shell Recharge","speed_class":"lccp","speeds":"5.5kW","bays":1,"bay_types":"LCCP","dedicated":false,"status":"installed","ward":"Queen's Park","cp_ids":"807080"}},{"type":"Feature","id":575,"geometry":{"type":"Point","coordinates":[-0.16697,51.521235]},"properties":{"site":"Daventry Street","location":"Side Of Sheringham House","lamp_column":"7","operator":"Shell Recharge","speed_class":"lccp","speeds":"5.5kW","bays":1,"bay_types":"LCCP","dedicated":false,"status":"installed","ward":"Church Street","cp_ids":"805108"}},{"type":"Feature","id":576,"geometry":{"type":"Point","coordinates":[-0.149976,51.519305]},"properties":{"site":"De Walden Street","location":"Outside 31, Jct With Westmoreland Street (Sign)","lamp_column":"S6","operator":"Shell Recharge","speed_class":"lccp","speeds":"5.5kW","bays":1,"bay_types":"LCCP","dedicated":false,"status":"installed","ward":"Marylebone","cp_ids":"806565"}},{"type":"Feature","id":577,"geometry":{"type":"Point","coordinates":[-0.126942,51.494569]},"properties":{"site":"Dean Ryle Street","location":"At Or Outside 8 Dean Ryle Street","lamp_column":"2","operator":"Shell Recharge","speed_class":"lccp","speeds":"5.5kW","bays":1,"bay_types":"LCCP - Dedicated","dedicated":true,"status":"installed","ward":"Vincent Square","cp_ids":"606695"}},{"type":"Feature","id":578,"geometry":{"type":"Point","coordinates":[-0.131778,51.512579]},"properties":{"site":"Dean Street","location":"In End Bay O/S No 56","lamp_column":null,"operator":"To be confirmed","speed_class":"rapid","speeds":"50kW","bays":1,"bay_types":"EV Bay","dedicated":true,"status":"planned","ward":"West End","cp_ids":"TBC"}},{"type":"Feature","id":579,"geometry":{"type":"Point","coordinates":[-0.184396,51.521144]},"properties":{"site":"Delamere Terrace","location":"At Or Outside 1","lamp_column":"12","operator":"Shell Recharge","speed_class":"lccp","speeds":"5.5kW","bays":1,"bay_types":"LCCP","dedicated":false,"status":"installed","ward":"Westbourne","cp_ids":"807453"}},{"type":"Feature","id":580,"geometry":{"type":"Point","coordinates":[-0.185604,51.521543]},"properties":{"site":"Delamere Terrace","location":"At Or Outside 24 Capworth Court","lamp_column":"8","operator":"Shell Recharge","speed_class":"lccp","speeds":"5.5kW","bays":1,"bay_types":"LCCP","dedicated":false,"status":"installed","ward":"Westbourne","cp_ids":"806917"}},{"type":"Feature","id":581,"geometry":{"type":"Point","coordinates":[-0.185335,51.521452]},"properties":{"site":"Delamere Terrace","location":"At Or Outside 32 Capworth Court","lamp_column":"9","operator":"Shell Recharge","speed_class":"lccp","speeds":"5.5kW","bays":1,"bay_types":"LCCP","dedicated":false,"status":"installed","ward":"Westbourne","cp_ids":"806918"}},{"type":"Feature","id":582,"geometry":{"type":"Point","coordinates":[-0.185052,51.521357]},"properties":{"site":"Delamere Terrace","location":"At Or Outside 40 Capworth Court","lamp_column":"10","operator":"Shell Recharge","speed_class":"lccp","speeds":"5.5kW","bays":1,"bay_types":"LCCP","dedicated":false,"status":"installed","ward":"Westbourne","cp_ids":"806921"}},{"type":"Feature","id":583,"geometry":{"type":"Point","coordinates":[-0.186572,51.521865]},"properties":{"site":"Delamere Terrace","location":"At Or Outside 81 Atherstone","lamp_column":"5","operator":"Shell Recharge","speed_class":"lccp","speeds":"5.5kW","bays":1,"bay_types":"LCCP","dedicated":false,"status":"installed","ward":"Westbourne","cp_ids":"806919"}},{"type":"Feature","id":584,"geometry":{"type":"Point","coordinates":[-0.191034,51.526403]},"properties":{"site":"Delaware Road","location":"At Or Outside 123-132","lamp_column":"5","operator":"Shell Recharge","speed_class":"lccp","speeds":"5.5kW","bays":1,"bay_types":"LCCP","dedicated":false,"status":"installed","ward":"Maida Vale","cp_ids":"605161"}},{"type":"Feature","id":585,"geometry":{"type":"Point","coordinates":[-0.18982,51.525864]},"properties":{"site":"Delaware Road","location":"At Or Outside 41-48","lamp_column":"9","operator":"Shell Recharge","speed_class":"lccp","speeds":"5.5kW","bays":1,"bay_types":"LCCP","dedicated":false,"status":"installed","ward":"Maida Vale","cp_ids":"807022"}},{"type":"Feature","id":586,"geometry":{"type":"Point","coordinates":[-0.190418,51.526129]},"properties":{"site":"Delaware Road","location":"At Or Outside 73-82","lamp_column":"7","operator":"Shell Recharge","speed_class":"lccp","speeds":"5.5kW","bays":1,"bay_types":"LCCP","dedicated":false,"status":"installed","ward":"Maida Vale","cp_ids":null}},{"type":"Feature","id":587,"geometry":{"type":"Point","coordinates":[-0.18934,51.525648]},"properties":{"site":"Delaware Road","location":"At Or Outside 9-16","lamp_column":"11","operator":"Shell Recharge","speed_class":"lccp","speeds":"5.5kW","bays":1,"bay_types":"LCCP","dedicated":false,"status":"installed","ward":"Maida Vale","cp_ids":"807026"}},{"type":"Feature","id":588,"geometry":{"type":"Point","coordinates":[-0.191413,51.526427]},"properties":{"site":"Delaware Road","location":"Opposite 143-152","lamp_column":"4","operator":"Shell Recharge","speed_class":"lccp","speeds":"5.5kW","bays":1,"bay_types":"LCCP","dedicated":false,"status":"installed","ward":"Maida Vale","cp_ids":"807020"}},{"type":"Feature","id":589,"geometry":{"type":"Point","coordinates":[-0.189622,51.525637]},"properties":{"site":"Delaware Road","location":"Opposite 25-32","lamp_column":"10","operator":"Shell Recharge","speed_class":"lccp","speeds":"5.5kW","bays":1,"bay_types":"LCCP","dedicated":false,"status":"installed","ward":"Maida Vale","cp_ids":null}},{"type":"Feature","id":590,"geometry":{"type":"Point","coordinates":[-0.190037,51.52585]},"properties":{"site":"Delaware Road","location":"Opposite 41 - 48 Delaware Mansions","lamp_column":null,"operator":"TotalEnergies","speed_class":"fast","speeds":"22kW","bays":2,"bay_types":"EV Bay","dedicated":true,"status":"installed","ward":"Maida Vale","cp_ids":null}},{"type":"Feature","id":591,"geometry":{"type":"Point","coordinates":[-0.190688,51.526109]},"properties":{"site":"Delaware Road","location":"Opposite 93-102","lamp_column":"6","operator":"Shell Recharge","speed_class":"lccp","speeds":"5.5kW","bays":1,"bay_types":"LCCP","dedicated":false,"status":"installed","ward":"Maida Vale","cp_ids":"807439"}},{"type":"Feature","id":592,"geometry":{"type":"Point","coordinates":[-0.188926,51.525447]},"properties":{"site":"Delaware Road","location":"Opposite So 104 Sutherland Ave","lamp_column":"13","operator":"Shell Recharge","speed_class":"lccp","speeds":"5.5kW","bays":1,"bay_types":"LCCP","dedicated":false,"status":"installed","ward":"Maida Vale","cp_ids":"602609"}},{"type":"Feature","id":593,"geometry":{"type":"Point","coordinates":[-0.191696,51.526553]},"properties":{"site":"Delaware Road","location":"Outside Oak Tree House","lamp_column":"3","operator":"Shell Recharge","speed_class":"lccp","speeds":"5.5kW","bays":1,"bay_types":"LCCP","dedicated":false,"status":"installed","ward":"Maida Vale","cp_ids":"807021"}},{"type":"Feature","id":594,"geometry":{"type":"Point","coordinates":[-0.18899,51.525356]},"properties":{"site":"Delaware Road","location":"Side Of 104 Sutherland Avenue","lamp_column":null,"operator":"TotalEnergies","speed_class":"fast","speeds":"7kW","bays":3,"bay_types":"EV Bay","dedicated":true,"status":"installed","ward":"Little Venice","cp_ids":"9860001239, 9860001243, 9860001255"}},{"type":"Feature","id":595,"geometry":{"type":"Point","coordinates":[-0.139383,51.490193]},"properties":{"site":"Denbigh Place","location":"At Or Outside 19","lamp_column":"1","operator":"Shell Recharge","speed_class":"lccp","speeds":"5.5kW","bays":1,"bay_types":"LCCP","dedicated":false,"status":"installed","ward":"Pimlico North","cp_ids":"806662"}},{"type":"Feature","id":596,"geometry":{"type":"Point","coordinates":[-0.139385,51.490439]},"properties":{"site":"Denbigh Street","location":"O/S 33","lamp_column":"8","operator":"Shell Recharge","speed_class":"lccp","speeds":"5.5kW","bays":1,"bay_types":"LCCP - Dedicated","dedicated":true,"status":"installed","ward":"Pimlico North","cp_ids":"805245"}},{"type":"Feature","id":597,"geometry":{"type":"Point","coordinates":[-0.1392,51.489965]},"properties":{"site":"Denbigh Street","location":"O/S 43a","lamp_column":"10","operator":"Shell Recharge","speed_class":"lccp","speeds":"5.5kW","bays":1,"bay_types":"LCCP","dedicated":false,"status":"installed","ward":"Pimlico North","cp_ids":"810042"}},{"type":"Feature","id":598,"geometry":{"type":"Point","coordinates":[-0.139149,51.490213]},"properties":{"site":"Denbigh Street","location":"O/S 58","lamp_column":"9","operator":"Shell Recharge","speed_class":"lccp","speeds":"5.5kW","bays":1,"bay_types":"LCCP - Dedicated","dedicated":true,"status":"installed","ward":"Pimlico North","cp_ids":"805246"}},{"type":"Feature","id":599,"geometry":{"type":"Point","coordinates":[-0.138928,51.489629]},"properties":{"site":"Denbigh Street","location":"O/S 62","lamp_column":"12","operator":"Shell Recharge","speed_class":"lccp","speeds":"5.5kW","bays":1,"bay_types":"LCCP - Dedicated","dedicated":true,"status":"installed","ward":"Pimlico North","cp_ids":"805247"}},{"type":"Feature","id":600,"geometry":{"type":"Point","coordinates":[-0.138744,51.488838]},"properties":{"site":"Denbigh Street","location":"O/S 75","lamp_column":"15","operator":"Shell Recharge","speed_class":"lccp","speeds":"5.5kW","bays":1,"bay_types":"LCCP","dedicated":false,"status":"installed","ward":"Pimlico North","cp_ids":"810045"}},{"type":"Feature","id":601,"geometry":{"type":"Point","coordinates":[-0.138697,51.48908]},"properties":{"site":"Denbigh Street","location":"O/S 86a","lamp_column":"14","operator":"Shell Recharge","speed_class":"lccp","speeds":"5.5kW","bays":1,"bay_types":"LCCP","dedicated":false,"status":"installed","ward":"Pimlico North","cp_ids":"810044"}},{"type":"Feature","id":602,"geometry":{"type":"Point","coordinates":[-0.200881,51.530393]},"properties":{"site":"Denholme Road","location":"At Or Outside 12","lamp_column":"4","operator":"Shell Recharge","speed_class":"lccp","speeds":"5.5kW","bays":1,"bay_types":"LCCP","dedicated":false,"status":"installed","ward":"Harrow Road","cp_ids":"806216"}},{"type":"Feature","id":603,"geometry":{"type":"Point","coordinates":[-0.200094,51.530649]},"properties":{"site":"Denholme Road","location":"At Or Outside 29/31","lamp_column":"7","operator":"Shell Recharge","speed_class":"lccp","speeds":"5.5kW","bays":1,"bay_types":"LCCP","dedicated":false,"status":"installed","ward":"Harrow Road","cp_ids":"806223"}},{"type":"Feature","id":604,"geometry":{"type":"Point","coordinates":[-0.201336,51.530138]},"properties":{"site":"Denholme Road","location":"At Or Outside 7","lamp_column":"2","operator":"Shell Recharge","speed_class":"lccp","speeds":"5.5kW","bays":1,"bay_types":"LCCP","dedicated":false,"status":"installed","ward":"Harrow Road","cp_ids":"807462"}},{"type":"Feature","id":605,"geometry":{"type":"Point","coordinates":[-0.200508,51.530469]},"properties":{"site":"Denholme Road","location":"At Or Outside Flats 7-12 Macroom House","lamp_column":"5","operator":"Shell Recharge","speed_class":"lccp","speeds":"5.5kW","bays":1,"bay_types":"LCCP","dedicated":false,"status":"installed","ward":"Harrow Road","cp_ids":"806222"}},{"type":"Feature","id":606,"geometry":{"type":"Point","coordinates":[-0.201693,51.530147]},"properties":{"site":"Denholme Road","location":"Side Of 107 Fernhead Rd","lamp_column":"1","operator":"Shell Recharge","speed_class":"lccp","speeds":"5.5kW","bays":1,"bay_types":"LCCP","dedicated":false,"status":"installed","ward":"Harrow Road","cp_ids":"806219"}},{"type":"Feature","id":607,"geometry":{"type":"Point","coordinates":[-0.150104,51.522437]},"properties":{"site":"Devonshire Place","location":"At Or Outside 14","lamp_column":"5","operator":"Shell Recharge","speed_class":"lccp","speeds":"5.5kW","bays":1,"bay_types":"LCCP - Dedicated","dedicated":true,"status":"installed","ward":"Marylebone","cp_ids":"602078"}},{"type":"Feature","id":608,"geometry":{"type":"Point","coordinates":[-0.150295,51.522409]},"properties":{"site":"Devonshire Place","location":"At Or Outside 28","lamp_column":"6","operator":"Shell Recharge","speed_class":"lccp","speeds":"5.5kW","bays":1,"bay_types":"LCCP - Dedicated","dedicated":true,"status":"installed","ward":"Marylebone","cp_ids":"603316"}},{"type":"Feature","id":609,"geometry":{"type":"Point","coordinates":[-0.149858,51.521895]},"properties":{"site":"Devonshire Place","location":"At Or Outside 5-6","lamp_column":"9","operator":"Shell Recharge","speed_class":"lccp","speeds":"5.5kW","bays":1,"bay_types":"LCCP","dedicated":false,"status":"installed","ward":"Marylebone","cp_ids":"603315"}},{"type":"Feature","id":610,"geometry":{"type":"Point","coordinates":[-0.149963,51.522123]},"properties":{"site":"Devonshire Place","location":"Opposite 33","lamp_column":"7","operator":"Shell Recharge","speed_class":"lccp","speeds":"5.5kW","bays":1,"bay_types":"LCCP","dedicated":false,"status":"installed","ward":"Marylebone","cp_ids":"602077"}},{"type":"Feature","id":611,"geometry":{"type":"Point","coordinates":[-0.150071,51.521899]},"properties":{"site":"Devonshire Place","location":"Opposite 6","lamp_column":"10","operator":"Shell Recharge","speed_class":"lccp","speeds":"5.5kW","bays":1,"bay_types":"LCCP","dedicated":false,"status":"installed","ward":"Marylebone","cp_ids":"602076"}},{"type":"Feature","id":612,"geometry":{"type":"Point","coordinates":[-0.147656,51.521806]},"properties":{"site":"Devonshire Street","location":"At Or Outside 114a Harley Street","lamp_column":"10","operator":"Shell Recharge","speed_class":"lccp","speeds":"5.5kW","bays":1,"bay_types":"LCCP","dedicated":false,"status":"installed","ward":"Marylebone","cp_ids":"809196"}},{"type":"Feature","id":613,"geometry":{"type":"Point","coordinates":[-0.147119,51.521786]},"properties":{"site":"Devonshire Street","location":"At Or Outside 42","lamp_column":"11","operator":"Shell Recharge","speed_class":"lccp","speeds":"5.5kW","bays":1,"bay_types":"LCCP - Dedicated","dedicated":true,"status":"installed","ward":"Marylebone","cp_ids":"809199"}},{"type":"Feature","id":614,"geometry":{"type":"Point","coordinates":[-0.14507,51.522133]},"properties":{"site":"Devonshire Street","location":"At Or Outside 82z Portland Place","lamp_column":"15","operator":"Shell Recharge","speed_class":"lccp","speeds":"5.5kW","bays":1,"bay_types":"LCCP - Dedicated","dedicated":true,"status":"installed","ward":"West End","cp_ids":"809200"}},{"type":"Feature","id":615,"geometry":{"type":"Point","coordinates":[-0.151577,51.521142]},"properties":{"site":"Devonshire Street","location":"Opposite 30","lamp_column":"2","operator":"Shell Recharge","speed_class":"lccp","speeds":"5.5kW","bays":1,"bay_types":"LCCP - Dedicated","dedicated":true,"status":"installed","ward":"Marylebone","cp_ids":"606596"}},{"type":"Feature","id":616,"geometry":{"type":"Point","coordinates":[-0.146553,51.521994]},"properties":{"site":"Devonshire Street","location":"Outside No. 12 (Opposite 47)","lamp_column":"12","operator":"Shell Recharge","speed_class":"lccp","speeds":"5.5kW","bays":1,"bay_types":"LCCP","dedicated":false,"status":"installed","ward":"Marylebone","cp_ids":"809198"}},{"type":"Feature","id":617,"geometry":{"type":"Point","coordinates":[-0.179791,51.513656]},"properties":{"site":"Devonshire Terrace","location":"At Or Outside 1","lamp_column":"8","operator":"Shell Recharge","speed_class":"lccp","speeds":"5.5kW","bays":1,"bay_types":"LCCP","dedicated":false,"status":"installed","ward":"Lancaster Gate","cp_ids":"807255"}},{"type":"Feature","id":618,"geometry":{"type":"Point","coordinates":[-0.180394,51.514139]},"properties":{"site":"Devonshire Terrace","location":"At Or Outside 12","lamp_column":"4","operator":"Shell Recharge","speed_class":"lccp","speeds":"5.5kW","bays":1,"bay_types":"LCCP","dedicated":false,"status":"installed","ward":"Lancaster Gate","cp_ids":"605300"}},{"type":"Feature","id":619,"geometry":{"type":"Point","coordinates":[-0.180606,51.514313]},"properties":{"site":"Devonshire Terrace","location":"At Or Outside 17/18","lamp_column":"3","operator":"Shell Recharge","speed_class":"lccp","speeds":"5.5kW","bays":1,"bay_types":"LCCP","dedicated":false,"status":"installed","ward":"Lancaster Gate","cp_ids":"807257"}},{"type":"Feature","id":620,"geometry":{"type":"Point","coordinates":[-0.180914,51.514562]},"properties":{"site":"Devonshire Terrace","location":"At Or Outside 21","lamp_column":"1","operator":"Shell Recharge","speed_class":"lccp","speeds":"5.5kW","bays":1,"bay_types":"LCCP","dedicated":false,"status":"installed","ward":"Lancaster Gate","cp_ids":"605298"}},{"type":"Feature","id":621,"geometry":{"type":"Point","coordinates":[-0.179978,51.513804]},"properties":{"site":"Devonshire Terrace","location":"At Or Outside 4","lamp_column":"7","operator":"Shell Recharge","speed_class":"lccp","speeds":"5.5kW","bays":1,"bay_types":"LCCP","dedicated":false,"status":"installed","ward":"Lancaster Gate","cp_ids":"807259"}},{"type":"Feature","id":622,"geometry":{"type":"Point","coordinates":[-0.180905,51.514415]},"properties":{"site":"Devonshire Terrace","location":"Opposite 20","lamp_column":"2","operator":"Shell Recharge","speed_class":"lccp","speeds":"5.5kW","bays":1,"bay_types":"LCCP - Dedicated","dedicated":true,"status":"installed","ward":"Lancaster Gate","cp_ids":"605297"}},{"type":"Feature","id":623,"geometry":{"type":"Point","coordinates":[-0.15478,51.519762]},"properties":{"site":"Dorset Street","location":"At Or Outside 2","lamp_column":"14","operator":"Shell Recharge","speed_class":"lccp","speeds":"5.5kW","bays":1,"bay_types":"LCCP","dedicated":false,"status":"installed","ward":"Marylebone","cp_ids":"801699"}},{"type":"Feature","id":624,"geometry":{"type":"Point","coordinates":[-0.156667,51.519411]},"properties":{"site":"Dorset Street","location":"End Pbp Bay At J/W Baker Street","lamp_column":null,"operator":"To be confirmed","speed_class":"rapid","speeds":"50-100kW","bays":1,"bay_types":"EV Bay","dedicated":true,"status":"planned","ward":"Marylebone","cp_ids":null}},{"type":"Feature","id":625,"geometry":{"type":"Point","coordinates":[-0.156665,51.519412]},"properties":{"site":"Dorset Street","location":"End Pbp Bay At J/W Baker Street","lamp_column":null,"operator":"To be confirmed","speed_class":"rapid","speeds":"50kW","bays":1,"bay_types":"EV Bay","dedicated":true,"status":"planned","ward":"Marylebone","cp_ids":"TBC"}},{"type":"Feature","id":626,"geometry":{"type":"Point","coordinates":[-0.132514,51.490822]},"properties":{"site":"Douglas Street","location":"At Or Outside 1 Orleans Court","lamp_column":"9","operator":"Shell Recharge","speed_class":"lccp","speeds":"5.5kW","bays":1,"bay_types":"LCCP","dedicated":false,"status":"installed","ward":"Vincent Square","cp_ids":"807139"}},{"type":"Feature","id":627,"geometry":{"type":"Point","coordinates":[-0.13327,51.491213]},"properties":{"site":"Douglas Street","location":"Opposite 1","lamp_column":"6","operator":"Shell Recharge","speed_class":"lccp","speeds":"5.5kW","bays":1,"bay_types":"LCCP","dedicated":false,"status":"installed","ward":"Vincent Square","cp_ids":"801146"}},{"type":"Feature","id":628,"geometry":{"type":"Point","coordinates":[-0.206461,51.53111]},"properties":{"site":"Dowland Street","location":"At Or Outside 16","lamp_column":"10","operator":"Shell Recharge","speed_class":"lccp","speeds":"5.5kW","bays":1,"bay_types":"LCCP","dedicated":false,"status":"installed","ward":"Queen's Park","cp_ids":null}},{"type":"Feature","id":629,"geometry":{"type":"Point","coordinates":[-0.206858,51.532122]},"properties":{"site":"Dowland Street","location":"Opposite 52","lamp_column":"1","operator":"Shell Recharge","speed_class":"lccp","speeds":"5.5kW","bays":1,"bay_types":"LCCP","dedicated":false,"status":"installed","ward":"Queen's Park","cp_ids":"807081"}},{"type":"Feature","id":630,"geometry":{"type":"Point","coordinates":[-0.214271,51.528256]},"properties":{"site":"Droop Street","location":"Opposite 106","lamp_column":"1","operator":"Shell Recharge","speed_class":"lccp","speeds":"5.5kW","bays":1,"bay_types":"LCCP","dedicated":false,"status":"installed","ward":"Queen's Park","cp_ids":"809490"}},{"type":"Feature","id":631,"geometry":{"type":"Point","coordinates":[-0.208081,51.527165]},"properties":{"site":"Droop Street","location":"Opposite Queen's Park Primary School Near Third Avenue","lamp_column":"19","operator":"Shell Recharge","speed_class":"lccp","speeds":"5.5kW","bays":1,"bay_types":"LCCP","dedicated":false,"status":"installed","ward":"Queen's Park","cp_ids":"808116"}},{"type":"Feature","id":632,"geometry":{"type":"Point","coordinates":[-0.209679,51.527415]},"properties":{"site":"Droop Street","location":"Outside 28/30","lamp_column":"15","operator":"Shell Recharge","speed_class":"lccp","speeds":"5.5kW","bays":1,"bay_types":"LCCP","dedicated":false,"status":"installed","ward":"Queen's Park","cp_ids":"808118"}},{"type":"Feature","id":633,"geometry":{"type":"Point","coordinates":[-0.210081,51.527459]},"properties":{"site":"Droop Street","location":"Outside 40","lamp_column":"14","operator":"Shell Recharge","speed_class":"lccp","speeds":"5.5kW","bays":1,"bay_types":"LCCP","dedicated":false,"status":"installed","ward":"Queen's Park","cp_ids":"808097"}},{"type":"Feature","id":634,"geometry":{"type":"Point","coordinates":[-0.213307,51.5278]},"properties":{"site":"Droop Street","location":"Outside 78/80","lamp_column":"7","operator":"Shell Recharge","speed_class":"lccp","speeds":"5.5kW","bays":1,"bay_types":"LCCP","dedicated":false,"status":"installed","ward":"Queen's Park","cp_ids":"808106"}},{"type":"Feature","id":635,"geometry":{"type":"Point","coordinates":[-0.21393,51.527898]},"properties":{"site":"Droop Street","location":"Outside 90","lamp_column":"5","operator":"Shell Recharge","speed_class":"lccp","speeds":"5.5kW","bays":1,"bay_types":"LCCP","dedicated":false,"status":"installed","ward":"Queen's Park","cp_ids":"809491"}},{"type":"Feature","id":636,"geometry":{"type":"Point","coordinates":[-0.121274,51.514149]},"properties":{"site":"Drury Lane","location":"Side Of 10m From Martlett Court","lamp_column":"5","operator":"Shell Recharge","speed_class":"lccp","speeds":"5.5kW","bays":1,"bay_types":"LCCP","dedicated":false,"status":"installed","ward":"St James's","cp_ids":"809370"}},{"type":"Feature","id":637,"geometry":{"type":"Point","coordinates":[-0.143751,51.519377]},"properties":{"site":"Duchess Street","location":"Opposite Bbc","lamp_column":"6","operator":"Shell Recharge","speed_class":"lccp","speeds":"5.5kW","bays":1,"bay_types":"LCCP","dedicated":false,"status":"installed","ward":"West End","cp_ids":"801205"}},{"type":"Feature","id":638,"geometry":{"type":"Point","coordinates":[-0.152361,51.516332]},"properties":{"site":"Duke Street","location":"At Or Outside 1","lamp_column":"19","operator":"Shell Recharge","speed_class":"lccp","speeds":"5.5kW","bays":1,"bay_types":"LCCP","dedicated":false,"status":"installed","ward":"Marylebone","cp_ids":"807522"}},{"type":"Feature","id":639,"geometry":{"type":"Point","coordinates":[-0.157295,51.512731]},"properties":{"site":"Dunraven Street","location":"Outside 19","lamp_column":null,"operator":"TotalEnergies","speed_class":"fast","speeds":"7kW","bays":2,"bay_types":"EV Bay","dedicated":true,"status":"installed","ward":"West End","cp_ids":"9860001218, 9860001387"}},{"type":"Feature","id":640,"geometry":{"type":"Point","coordinates":[-0.192443,51.517672]},"properties":{"site":"Durham Terrace","location":"At Or Outside 14","lamp_column":"1","operator":"Shell Recharge","speed_class":"lccp","speeds":"5.5kW","bays":1,"bay_types":"LCCP","dedicated":false,"status":"installed","ward":"Bayswater","cp_ids":"808172"}},{"type":"Feature","id":641,"geometry":{"type":"Point","coordinates":[-0.191983,51.517521]},"properties":{"site":"Durham Terrace","location":"At Or Outside 18","lamp_column":"2","operator":"Shell Recharge","speed_class":"lccp","speeds":"5.5kW","bays":1,"bay_types":"LCCP","dedicated":false,"status":"installed","ward":"Bayswater","cp_ids":"808169"}},{"type":"Feature","id":642,"geometry":{"type":"Point","coordinates":[-0.191413,51.517428]},"properties":{"site":"Durham Terrace","location":"At Or Outside 25","lamp_column":"4","operator":"Shell Recharge","speed_class":"lccp","speeds":"5.5kW","bays":1,"bay_types":"LCCP","dedicated":false,"status":"installed","ward":"Bayswater","cp_ids":"808161"}},{"type":"Feature","id":643,"geometry":{"type":"Point","coordinates":[-0.191652,51.517543]},"properties":{"site":"Durham Terrace","location":"At Or Outside 4","lamp_column":"3","operator":"Shell Recharge","speed_class":"lccp","speeds":"5.5kW","bays":1,"bay_types":"LCCP","dedicated":false,"status":"installed","ward":"Bayswater","cp_ids":"808167"}},{"type":"Feature","id":644,"geometry":{"type":"Point","coordinates":[-0.166701,51.53425]},"properties":{"site":"Eamont Street","location":"At Or Outside 1-10 Eamont Court","lamp_column":"4","operator":"Shell Recharge","speed_class":"lccp","speeds":"5.5kW","bays":1,"bay_types":"LCCP","dedicated":false,"status":"installed","ward":"Regent's Park","cp_ids":"606858"}},{"type":"Feature","id":645,"geometry":{"type":"Point","coordinates":[-0.167204,51.534561]},"properties":{"site":"Eamont Street","location":"At Or Outside 32-41 Eamont Court","lamp_column":"6","operator":"Shell Recharge","speed_class":"lccp","speeds":"5.5kW","bays":1,"bay_types":"LCCP","dedicated":false,"status":"installed","ward":"Regent's Park","cp_ids":"606839"}},{"type":"Feature","id":646,"geometry":{"type":"Point","coordinates":[-0.138049,51.516671]},"properties":{"site":"Eastcastle Street","location":"At Or Outside 22","lamp_column":"4","operator":"Shell Recharge","speed_class":"lccp","speeds":"5.5kW","bays":1,"bay_types":"LCCP","dedicated":false,"status":"installed","ward":"West End","cp_ids":"809625"}},{"type":"Feature","id":647,"geometry":{"type":"Point","coordinates":[-0.137557,51.516681]},"properties":{"site":"Eastcastle Street","location":"At Or Outside 62","lamp_column":"5","operator":"Shell Recharge","speed_class":"lccp","speeds":"5.5kW","bays":1,"bay_types":"LCCP","dedicated":false,"status":"installed","ward":"West End","cp_ids":"807544"}},{"type":"Feature","id":648,"geometry":{"type":"Point","coordinates":[-0.150834,51.498188]},"properties":{"site":"Eaton Place","location":"At Or Outside 2","lamp_column":"1","operator":"Shell Recharge","speed_class":"lccp","speeds":"5.5kW","bays":1,"bay_types":"LCCP","dedicated":false,"status":"installed","ward":"Knightsbridge & Belgravia","cp_ids":"801113"}},{"type":"Feature","id":649,"geometry":{"type":"Point","coordinates":[-0.153695,51.496565]},"properties":{"site":"Eaton Place","location":"At Or Outside 51","lamp_column":"9","operator":"Shell Recharge","speed_class":"lccp","speeds":"5.5kW","bays":1,"bay_types":"LCCP","dedicated":false,"status":"installed","ward":"Knightsbridge & Belgravia","cp_ids":"806784"}},{"type":"Feature","id":650,"geometry":{"type":"Point","coordinates":[-0.153975,51.496239]},"properties":{"site":"Eaton Place","location":"At Or Outside 72","lamp_column":"10","operator":"Shell Recharge","speed_class":"lccp","speeds":"5.5kW","bays":1,"bay_types":"LCCP","dedicated":false,"status":"installed","ward":"Knightsbridge & Belgravia","cp_ids":"806786"}},{"type":"Feature","id":651,"geometry":{"type":"Point","coordinates":[-0.154942,51.495641]},"properties":{"site":"Eaton Place","location":"At Or Outside 92","lamp_column":"12","operator":"Shell Recharge","speed_class":"lccp","speeds":"5.5kW","bays":1,"bay_types":"LCCP","dedicated":false,"status":"installed","ward":"Knightsbridge & Belgravia","cp_ids":null}},{"type":"Feature","id":652,"geometry":{"type":"Point","coordinates":[-0.149359,51.496675]},"properties":{"site":"Eaton Square","location":"At Or Outside 12a","lamp_column":"35","operator":"Shell Recharge","speed_class":"lccp","speeds":"5.5kW","bays":1,"bay_types":"LCCP","dedicated":false,"status":"installed","ward":"Knightsbridge & Belgravia","cp_ids":"805119"}},{"type":"Feature","id":653,"geometry":{"type":"Point","coordinates":[-0.15095,51.495685]},"properties":{"site":"Eaton Square","location":"At Or Outside 30","lamp_column":"38","operator":"Shell Recharge","speed_class":"lccp","speeds":"5.5kW","bays":1,"bay_types":"LCCP","dedicated":false,"status":"installed","ward":"Knightsbridge & Belgravia","cp_ids":"805118"}},{"type":"Feature","id":654,"geometry":{"type":"Point","coordinates":[-0.151928,51.495079]},"properties":{"site":"Eaton Square","location":"At Or Outside 43","lamp_column":"40","operator":"Shell Recharge","speed_class":"lccp","speeds":"5.5kW","bays":1,"bay_types":"LCCP","dedicated":false,"status":"installed","ward":"Knightsbridge & Belgravia","cp_ids":"805121"}},{"type":"Feature","id":655,"geometry":{"type":"Point","coordinates":[-0.152478,51.496062]},"properties":{"site":"Eaton Square","location":"At Or Outside 93","lamp_column":"48","operator":"Shell Recharge","speed_class":"lccp","speeds":"5.5kW","bays":1,"bay_types":"LCCP - Dedicated","dedicated":true,"status":"installed","ward":"Knightsbridge & Belgravia","cp_ids":"603346"}},{"type":"Feature","id":656,"geometry":{"type":"Point","coordinates":[-0.151963,51.496375]},"properties":{"site":"Eaton Square","location":"At Or Outside 98","lamp_column":"49","operator":"Shell Recharge","speed_class":"lccp","speeds":"5.5kW","bays":1,"bay_types":"LCCP - Dedicated","dedicated":true,"status":"installed","ward":"Knightsbridge & Belgravia","cp_ids":"603345"}},{"type":"Feature","id":657,"geometry":{"type":"Point","coordinates":[-0.148729,51.497122]},"properties":{"site":"Eaton Square","location":"Eaton Square 6 (Sign)","lamp_column":"S2","operator":"Shell Recharge","speed_class":"lccp","speeds":"5.5kW","bays":1,"bay_types":"LCCP","dedicated":false,"status":"installed","ward":"Knightsbridge & Belgravia","cp_ids":"807583"}},{"type":"Feature","id":658,"geometry":{"type":"Point","coordinates":[-0.149428,51.497598]},"properties":{"site":"Eaton Square","location":"Opposite 104","lamp_column":null,"operator":"TotalEnergies","speed_class":"fast","speeds":"22kW","bays":2,"bay_types":"EV Bay","dedicated":true,"status":"installed","ward":"Knightsbridge & Belgravia","cp_ids":"TBC"}},{"type":"Feature","id":659,"geometry":{"type":"Point","coordinates":[-0.15038,51.496794]},"properties":{"site":"Eaton Square","location":"Opposite 107","lamp_column":"23","operator":"Shell Recharge","speed_class":"lccp","speeds":"5.5kW","bays":1,"bay_types":"LCCP","dedicated":false,"status":"installed","ward":"Knightsbridge & Belgravia","cp_ids":"807390"}},{"type":"Feature","id":660,"geometry":{"type":"Point","coordinates":[-0.151371,51.495984]},"properties":{"site":"Eaton Square","location":"Opposite 30","lamp_column":"18","operator":"Shell Recharge","speed_class":"lccp","speeds":"5.5kW","bays":1,"bay_types":"LCCP","dedicated":false,"status":"installed","ward":"Knightsbridge & Belgravia","cp_ids":"805116"}},{"type":"Feature","id":661,"geometry":{"type":"Point","coordinates":[-0.152275,51.495618]},"properties":{"site":"Eaton Square","location":"Opposite 40","lamp_column":"13","operator":"Shell Recharge","speed_class":"lccp","speeds":"5.5kW","bays":1,"bay_types":"LCCP","dedicated":false,"status":"installed","ward":"Knightsbridge & Belgravia","cp_ids":"602176"}},{"type":"Feature","id":662,"geometry":{"type":"Point","coordinates":[-0.15244,51.495322]},"properties":{"site":"Eaton Square","location":"Opposite 44","lamp_column":"12","operator":"Shell Recharge","speed_class":"lccp","speeds":"5.5kW","bays":1,"bay_types":"LCCP","dedicated":false,"status":"installed","ward":"Knightsbridge & Belgravia","cp_ids":"807615"}},{"type":"Feature","id":663,"geometry":{"type":"Point","coordinates":[-0.152105,51.495528]},"properties":{"site":"Eaton Square","location":"Opposite 50","lamp_column":"14","operator":"Shell Recharge","speed_class":"lccp","speeds":"5.5kW","bays":1,"bay_types":"LCCP","dedicated":false,"status":"installed","ward":"Knightsbridge & Belgravia","cp_ids":"606678"}},{"type":"Feature","id":664,"geometry":{"type":"Point","coordinates":[-0.152603,51.495418]},"properties":{"site":"Eaton Square","location":"Opposite 86","lamp_column":"11","operator":"Shell Recharge","speed_class":"lccp","speeds":"5.5kW","bays":1,"bay_types":"LCCP - Dedicated","dedicated":true,"status":"installed","ward":"Knightsbridge & Belgravia","cp_ids":"602177"}},{"type":"Feature","id":665,"geometry":{"type":"Point","coordinates":[-0.15191,51.495848]},"properties":{"site":"Eaton Square","location":"Opposite 95","lamp_column":"15","operator":"Shell Recharge","speed_class":"lccp","speeds":"5.5kW","bays":1,"bay_types":"LCCP - Dedicated","dedicated":true,"status":"installed","ward":"Knightsbridge & Belgravia","cp_ids":"602178"}},{"type":"Feature","id":666,"geometry":{"type":"Point","coordinates":[-0.151746,51.495751]},"properties":{"site":"Eaton Square","location":"Opposite No. 36 On Other Side Of Green","lamp_column":"16","operator":"Shell Recharge","speed_class":"lccp","speeds":"5.5kW","bays":1,"bay_types":"LCCP","dedicated":false,"status":"installed","ward":"Knightsbridge & Belgravia","cp_ids":"805117"}},{"type":"Feature","id":667,"geometry":{"type":"Point","coordinates":[-0.149475,51.49758]},"properties":{"site":"Eaton Square","location":"Outside 119 Eaton Square London Sw1w 9al","lamp_column":null,"operator":"TotalEnergies","speed_class":"fast","speeds":"22kW","bays":2,"bay_types":"EV Bay","dedicated":true,"status":"installed","ward":"Knightsbridge & Belgravia","cp_ids":null}},{"type":"Feature","id":668,"geometry":{"type":"Point","coordinates":[-0.153941,51.493315]},"properties":{"site":"Eaton Terrace","location":"At Or Outside 47","lamp_column":"6","operator":"Shell Recharge","speed_class":"lccp","speeds":"5.5kW","bays":1,"bay_types":"LCCP","dedicated":false,"status":"installed","ward":"Knightsbridge & Belgravia","cp_ids":null}},{"type":"Feature","id":669,"geometry":{"type":"Point","coordinates":[-0.150274,51.489954]},"properties":{"site":"Ebury Bridge Road","location":"At Or Outside 34","lamp_column":"9","operator":"Shell Recharge","speed_class":"lccp","speeds":"5.5kW","bays":1,"bay_types":"LCCP - Dedicated","dedicated":true,"status":"installed","ward":"Knightsbridge & Belgravia","cp_ids":"805228"}},{"type":"Feature","id":670,"geometry":{"type":"Point","coordinates":[-0.150101,51.490441]},"properties":{"site":"Ebury Bridge Road","location":"Outside 10 , Closest To Junction With Pimlico Road","lamp_column":null,"operator":"To be confirmed","speed_class":"rapid","speeds":"50-100kW","bays":1,"bay_types":"EV Bay","dedicated":true,"status":"planned","ward":"Knightsbridge & Belgravia","cp_ids":null}},{"type":"Feature","id":671,"geometry":{"type":"Point","coordinates":[-0.150449,51.491366]},"properties":{"site":"Ebury Square","location":"At Or Outside Laxford House","lamp_column":"4","operator":"Shell Recharge","speed_class":"lccp","speeds":"5.5kW","bays":1,"bay_types":"LCCP - Dedicated","dedicated":true,"status":"installed","ward":"Knightsbridge & Belgravia","cp_ids":"606977"}},{"type":"Feature","id":672,"geometry":{"type":"Point","coordinates":[-0.147011,51.49637]},"properties":{"site":"Ebury Street","location":"Opposite 21","lamp_column":"4","operator":"Shell Recharge","speed_class":"lccp","speeds":"5.5kW","bays":1,"bay_types":"LCCP - Dedicated","dedicated":true,"status":"installed","ward":"Knightsbridge & Belgravia","cp_ids":"606562"}},{"type":"Feature","id":673,"geometry":{"type":"Point","coordinates":[-0.147889,51.493624]},"properties":{"site":"Eccleston Place","location":"Opposite 17a","lamp_column":null,"operator":"To be confirmed","speed_class":"rapid","speeds":"50-100kW","bays":1,"bay_types":"EV Bay","dedicated":true,"status":"planned","ward":"Knightsbridge & Belgravia","cp_ids":null}},{"type":"Feature","id":674,"geometry":{"type":"Point","coordinates":[-0.145224,51.491381]},"properties":{"site":"Eccleston Square","location":"At Or Outside 32 Eccleston Square","lamp_column":"13","operator":"Shell Recharge","speed_class":"lccp","speeds":"5.5kW","bays":1,"bay_types":"LCCP","dedicated":false,"status":"installed","ward":"Pimlico North","cp_ids":"807617"}},{"type":"Feature","id":675,"geometry":{"type":"Point","coordinates":[-0.144897,51.491227]},"properties":{"site":"Eccleston Square","location":"At Or Outside 37 Eccleston Square","lamp_column":"11","operator":"Shell Recharge","speed_class":"lccp","speeds":"5.5kW","bays":1,"bay_types":"LCCP","dedicated":false,"status":"installed","ward":"Pimlico North","cp_ids":"807613"}},{"type":"Feature","id":676,"geometry":{"type":"Point","coordinates":[-0.144057,51.491572]},"properties":{"site":"Eccleston Square","location":"At Or Outside 57-58","lamp_column":"7","operator":"Shell Recharge","speed_class":"lccp","speeds":"5.5kW","bays":1,"bay_types":"LCCP","dedicated":false,"status":"installed","ward":"Pimlico North","cp_ids":"801841"}},{"type":"Feature","id":677,"geometry":{"type":"Point","coordinates":[-0.14365,51.491894]},"properties":{"site":"Eccleston Square","location":"At Or Outside 64","lamp_column":"6","operator":"Shell Recharge","speed_class":"lccp","speeds":"5.5kW","bays":1,"bay_types":"LCCP","dedicated":false,"status":"installed","ward":"Pimlico North","cp_ids":"801134"}},{"type":"Feature","id":678,"geometry":{"type":"Point","coordinates":[-0.144162,51.492651]},"properties":{"site":"Eccleston Square","location":"At Or Outside 7","lamp_column":"4","operator":"Shell Recharge","speed_class":"lccp","speeds":"5.5kW","bays":1,"bay_types":"LCCP","dedicated":false,"status":"installed","ward":"Pimlico North","cp_ids":"805304"}},{"type":"Feature","id":679,"geometry":{"type":"Point","coordinates":[-0.143221,51.492251]},"properties":{"site":"Eccleston Square","location":"At Or Outside 71","lamp_column":"5","operator":"Shell Recharge","speed_class":"lccp","speeds":"5.5kW","bays":1,"bay_types":"LCCP","dedicated":false,"status":"installed","ward":"Pimlico North","cp_ids":"801843"}},{"type":"Feature","id":680,"geometry":{"type":"Point","coordinates":[-0.151251,51.496707]},"properties":{"site":"Eccleston Street","location":"At Or Outside Eaton Square Gardens","lamp_column":null,"operator":"ESB","speed_class":"rapid","speeds":"50kW","bays":1,"bay_types":"EV Bay","dedicated":true,"status":"installed","ward":"Knightsbridge & Belgravia","cp_ids":"UT06TP"}},{"type":"Feature","id":681,"geometry":{"type":"Point","coordinates":[-0.194794,51.524504]},"properties":{"site":"Edbrooke Road","location":"At Or Outside 14/16","lamp_column":"7","operator":"Shell Recharge","speed_class":"lccp","speeds":"5.5kW","bays":1,"bay_types":"LCCP","dedicated":false,"status":"installed","ward":"Harrow Road","cp_ids":"806965"}},{"type":"Feature","id":682,"geometry":{"type":"Point","coordinates":[-0.194562,51.524297]},"properties":{"site":"Edbrooke Road","location":"At Or Outside 3","lamp_column":"8","operator":"Shell Recharge","speed_class":"lccp","speeds":"5.5kW","bays":1,"bay_types":"LCCP","dedicated":false,"status":"installed","ward":"Harrow Road","cp_ids":"806953"}},{"type":"Feature","id":683,"geometry":{"type":"Point","coordinates":[-0.199571,51.524809]},"properties":{"site":"Elgin Avenue","location":"0","lamp_column":"9","operator":"Shell Recharge","speed_class":"lccp","speeds":"5.5kW","bays":1,"bay_types":"LCCP","dedicated":false,"status":"installed","ward":"Harrow Road","cp_ids":"602823"}},{"type":"Feature","id":684,"geometry":{"type":"Point","coordinates":[-0.197212,51.525396]},"properties":{"site":"Elgin Avenue","location":"At 0r Outside No.59","lamp_column":"19","operator":"Shell Recharge","speed_class":"lccp","speeds":"5.5kW","bays":1,"bay_types":"LCCP - Dedicated","dedicated":true,"status":"installed","ward":"Maida Vale","cp_ids":"606985"}},{"type":"Feature","id":685,"geometry":{"type":"Point","coordinates":[-0.196857,51.525337]},"properties":{"site":"Elgin Avenue","location":"At 0r Outside No.60","lamp_column":"20","operator":"Shell Recharge","speed_class":"lccp","speeds":"5.5kW","bays":1,"bay_types":"LCCP - Dedicated","dedicated":true,"status":"installed","ward":"Harrow Road","cp_ids":"602826"}},{"type":"Feature","id":686,"geometry":{"type":"Point","coordinates":[-0.199169,51.524901]},"properties":{"site":"Elgin Avenue","location":"At Or Outside 1-76 Marble House","lamp_column":"11","operator":"Shell Recharge","speed_class":"lccp","speeds":"5.5kW","bays":1,"bay_types":"LCCP - Dedicated","dedicated":true,"status":"installed","ward":"Harrow Road","cp_ids":"602824"}},{"type":"Feature","id":687,"geometry":{"type":"Point","coordinates":[-0.198894,51.524962]},"properties":{"site":"Elgin Avenue","location":"At Or Outside 1-76 Marble House","lamp_column":"13","operator":"Shell Recharge","speed_class":"lccp","speeds":"5.5kW","bays":1,"bay_types":"LCCP","dedicated":false,"status":"installed","ward":"Harrow Road","cp_ids":"602825"}},{"type":"Feature","id":688,"geometry":{"type":"Point","coordinates":[-0.192965,51.526804]},"properties":{"site":"Elgin Avenue","location":"At Or Outside 107","lamp_column":"37","operator":"Shell Recharge","speed_class":"lccp","speeds":"5.5kW","bays":1,"bay_types":"LCCP","dedicated":false,"status":"installed","ward":"Maida Vale","cp_ids":"602827"}},{"type":"Feature","id":689,"geometry":{"type":"Point","coordinates":[-0.18992,51.528045]},"properties":{"site":"Elgin Avenue","location":"At Or Outside 118-127 Biddulph Mansions","lamp_column":"52","operator":"Shell Recharge","speed_class":"lccp","speeds":"5.5kW","bays":1,"bay_types":"LCCP","dedicated":false,"status":"installed","ward":"Maida Vale","cp_ids":"602833"}},{"type":"Feature","id":690,"geometry":{"type":"Point","coordinates":[-0.19204,51.527229]},"properties":{"site":"Elgin Avenue","location":"At Or Outside 125","lamp_column":"42","operator":"Shell Recharge","speed_class":"lccp","speeds":"5.5kW","bays":1,"bay_types":"LCCP","dedicated":false,"status":"installed","ward":"Maida Vale","cp_ids":"807061"}},{"type":"Feature","id":691,"geometry":{"type":"Point","coordinates":[-0.19277,51.52673]},"properties":{"site":"Elgin Avenue","location":"At Or Outside 134","lamp_column":"38","operator":"Shell Recharge","speed_class":"lccp","speeds":"5.5kW","bays":1,"bay_types":"LCCP - Dedicated","dedicated":true,"status":"installed","ward":"Maida Vale","cp_ids":"602828"}},{"type":"Feature","id":692,"geometry":{"type":"Point","coordinates":[-0.191914,51.527119]},"properties":{"site":"Elgin Avenue","location":"At Or Outside 150","lamp_column":"41","operator":"Shell Recharge","speed_class":"lccp","speeds":"5.5kW","bays":1,"bay_types":"LCCP - Dedicated","dedicated":true,"status":"installed","ward":"Maida Vale","cp_ids":"606980"}},{"type":"Feature","id":693,"geometry":{"type":"Point","coordinates":[-0.191631,51.527253]},"properties":{"site":"Elgin Avenue","location":"At Or Outside 158","lamp_column":"43","operator":"Shell Recharge","speed_class":"lccp","speeds":"5.5kW","bays":1,"bay_types":"LCCP","dedicated":false,"status":"installed","ward":"Maida Vale","cp_ids":"807065"}},{"type":"Feature","id":694,"geometry":{"type":"Point","coordinates":[-0.191436,51.527343]},"properties":{"site":"Elgin Avenue","location":"At Or Outside 164","lamp_column":"45","operator":"Shell Recharge","speed_class":"lccp","speeds":"5.5kW","bays":1,"bay_types":"LCCP","dedicated":false,"status":"installed","ward":"Maida Vale","cp_ids":"602830"}},{"type":"Feature","id":695,"geometry":{"type":"Point","coordinates":[-0.187047,51.529547]},"properties":{"site":"Elgin Avenue","location":"At Or Outside 215","lamp_column":"67","operator":"Shell Recharge","speed_class":"lccp","speeds":"5.5kW","bays":1,"bay_types":"LCCP","dedicated":false,"status":"installed","ward":"Maida Vale","cp_ids":"807070"}},{"type":"Feature","id":696,"geometry":{"type":"Point","coordinates":[-0.186495,51.529625]},"properties":{"site":"Elgin Avenue","location":"At Or Outside 278","lamp_column":"70","operator":"Shell Recharge","speed_class":"lccp","speeds":"5.5kW","bays":1,"bay_types":"LCCP","dedicated":false,"status":"installed","ward":"Maida Vale","cp_ids":"807072"}},{"type":"Feature","id":697,"geometry":{"type":"Point","coordinates":[-0.188045,51.529084]},"properties":{"site":"Elgin Avenue","location":"At Or Outside 29-37 Ashworth Mansions","lamp_column":"63","operator":"Shell Recharge","speed_class":"lccp","speeds":"5.5kW","bays":1,"bay_types":"LCCP - Dedicated","dedicated":true,"status":"installed","ward":"Maida Vale","cp_ids":"602230"}},{"type":"Feature","id":698,"geometry":{"type":"Point","coordinates":[-0.184974,51.530336]},"properties":{"site":"Elgin Avenue","location":"At Or Outside 306","lamp_column":"77","operator":"Shell Recharge","speed_class":"lccp","speeds":"5.5kW","bays":1,"bay_types":"LCCP","dedicated":false,"status":"installed","ward":"Maida Vale","cp_ids":"807438"}},{"type":"Feature","id":699,"geometry":{"type":"Point","coordinates":[-0.189771,51.528278]},"properties":{"site":"Elgin Avenue","location":"At Or Outside 49-56 Elgin Mansions","lamp_column":"55","operator":"Shell Recharge","speed_class":"lccp","speeds":"5.5kW","bays":1,"bay_types":"LCCP","dedicated":false,"status":"installed","ward":"Maida Vale","cp_ids":"602836"}},{"type":"Feature","id":700,"geometry":{"type":"Point","coordinates":[-0.19005,51.528148]},"properties":{"site":"Elgin Avenue","location":"At Or Outside 65-72 Elgin Mansions","lamp_column":"53","operator":"Shell Recharge","speed_class":"lccp","speeds":"5.5kW","bays":1,"bay_types":"LCCP","dedicated":false,"status":"installed","ward":"Maida Vale","cp_ids":"602834"}},{"type":"Feature","id":701,"geometry":{"type":"Point","coordinates":[-0.190419,51.527978]},"properties":{"site":"Elgin Avenue","location":"At Or Outside 81-88 Elgin Mansions","lamp_column":"51","operator":"Shell Recharge","speed_class":"lccp","speeds":"5.5kW","bays":1,"bay_types":"LCCP","dedicated":false,"status":"installed","ward":"Maida Vale","cp_ids":"602832"}},{"type":"Feature","id":702,"geometry":{"type":"Point","coordinates":[-0.188958,51.528654]},"properties":{"site":"Elgin Avenue","location":"At Or Outside 9-16 Elgin Mansions","lamp_column":"59","operator":"Shell Recharge","speed_class":"lccp","speeds":"5.5kW","bays":1,"bay_types":"LCCP","dedicated":false,"status":"installed","ward":"Maida Vale","cp_ids":"807060"}},{"type":"Feature","id":703,"geometry":{"type":"Point","coordinates":[-0.189618,51.528187]},"properties":{"site":"Elgin Avenue","location":"At Or Outside 99-107 Biddulph Mansions","lamp_column":"54","operator":"Shell Recharge","speed_class":"lccp","speeds":"5.5kW","bays":1,"bay_types":"LCCP - Dedicated","dedicated":true,"status":"installed","ward":"Maida Vale","cp_ids":"602835"}},{"type":"Feature","id":704,"geometry":{"type":"Point","coordinates":[-0.187909,51.528971]},"properties":{"site":"Elgin Avenue","location":"At Or Outside Biddulph Mansions","lamp_column":"62","operator":"Shell Recharge","speed_class":"lccp","speeds":"5.5kW","bays":1,"bay_types":"LCCP","dedicated":false,"status":"installed","ward":"Maida Vale","cp_ids":"807077"}},{"type":"Feature","id":705,"geometry":{"type":"Point","coordinates":[-0.188768,51.528577]},"properties":{"site":"Elgin Avenue","location":"At Or Outside Biddulph Mansions 50-59","lamp_column":"58","operator":"Shell Recharge","speed_class":"lccp","speeds":"5.5kW","bays":1,"bay_types":"LCCP","dedicated":false,"status":"installed","ward":"Maida Vale","cp_ids":"606981"}},{"type":"Feature","id":706,"geometry":{"type":"Point","coordinates":[-0.196334,51.525572]},"properties":{"site":"Elgin Avenue","location":"O/S 61 Ernest Harris House","lamp_column":null,"operator":"To be confirmed","speed_class":"rapid","speeds":"50-100kW","bays":1,"bay_types":"EV Bay","dedicated":true,"status":"planned","ward":"Maida Vale","cp_ids":null}},{"type":"Feature","id":707,"geometry":{"type":"Point","coordinates":[-0.196334,51.525577]},"properties":{"site":"Elgin Avenue","location":"O/S 61 Ernest Harris House","lamp_column":null,"operator":"To be confirmed","speed_class":"rapid","speeds":"50kW","bays":1,"bay_types":"EV Bay","dedicated":true,"status":"planned","ward":"Maida Vale","cp_ids":"TBC"}},{"type":"Feature","id":708,"geometry":{"type":"Point","coordinates":[-0.184609,51.530544]},"properties":{"site":"Elgin Avenue","location":"O/S Former Barclays Bank Near J/W A5 Maida Vale","lamp_column":null,"operator":"To be confirmed","speed_class":"rapid","speeds":"50-100kW","bays":1,"bay_types":"EV Bay","dedicated":true,"status":"planned","ward":"Maida Vale","cp_ids":null}},{"type":"Feature","id":709,"geometry":{"type":"Point","coordinates":[-0.184603,51.530548]},"properties":{"site":"Elgin Avenue","location":"O/S Former Barclays Bank Near J/W A5 Maida Vale","lamp_column":null,"operator":"To be confirmed","speed_class":"rapid","speeds":"50kW","bays":1,"bay_types":"EV Bay","dedicated":true,"status":"planned","ward":"Maida Vale","cp_ids":"TBC"}},{"type":"Feature","id":710,"geometry":{"type":"Point","coordinates":[-0.193985,51.526388]},"properties":{"site":"Elgin Avenue","location":"O/S No. 97","lamp_column":"32","operator":"Shell Recharge","speed_class":"lccp","speeds":"5.5kW","bays":1,"bay_types":"LCCP","dedicated":false,"status":"installed","ward":"Maida Vale","cp_ids":"807437"}},{"type":"Feature","id":711,"geometry":{"type":"Point","coordinates":[-0.19433,51.526112]},"properties":{"site":"Elgin Avenue","location":"O/S No.110","lamp_column":"31","operator":"Shell Recharge","speed_class":"lccp","speeds":"5.5kW","bays":1,"bay_types":"LCCP","dedicated":false,"status":"installed","ward":"Harrow Road","cp_ids":"807062"}},{"type":"Feature","id":712,"geometry":{"type":"Point","coordinates":[-0.198816,51.524826]},"properties":{"site":"Elgin Avenue","location":"Opposite 1-76 Marble House","lamp_column":"14","operator":"Shell Recharge","speed_class":"lccp","speeds":"5.5kW","bays":1,"bay_types":"LCCP","dedicated":false,"status":"installed","ward":"Harrow Road","cp_ids":"807045"}},{"type":"Feature","id":713,"geometry":{"type":"Point","coordinates":[-0.191632,51.527416]},"properties":{"site":"Elgin Avenue","location":"Opposite 164","lamp_column":"44","operator":"Shell Recharge","speed_class":"lccp","speeds":"5.5kW","bays":1,"bay_types":"LCCP","dedicated":false,"status":"installed","ward":"Maida Vale","cp_ids":"602829"}},{"type":"Feature","id":714,"geometry":{"type":"Point","coordinates":[-0.187584,51.529118]},"properties":{"site":"Elgin Avenue","location":"Opposite 254","lamp_column":"64","operator":"Shell Recharge","speed_class":"lccp","speeds":"5.5kW","bays":1,"bay_types":"LCCP","dedicated":false,"status":"installed","ward":"Maida Vale","cp_ids":"807069"}},{"type":"Feature","id":715,"geometry":{"type":"Point","coordinates":[-0.199904,51.524734]},"properties":{"site":"Elgin Avenue","location":"Opposite 32 Chantry Close","lamp_column":"7","operator":"Shell Recharge","speed_class":"lccp","speeds":"5.5kW","bays":1,"bay_types":"LCCP","dedicated":false,"status":"installed","ward":"Harrow Road","cp_ids":"602822"}},{"type":"Feature","id":716,"geometry":{"type":"Point","coordinates":[-0.190286,51.527878]},"properties":{"site":"Elgin Avenue","location":"Opposite 81-88 Elgin Mansions","lamp_column":"50","operator":"Shell Recharge","speed_class":"lccp","speeds":"5.5kW","bays":1,"bay_types":"LCCP","dedicated":false,"status":"installed","ward":"Maida Vale","cp_ids":"807067"}},{"type":"Feature","id":717,"geometry":{"type":"Point","coordinates":[-0.199619,51.524673]},"properties":{"site":"Elgin Avenue","location":"Outside 36 Elgin Avenue","lamp_column":null,"operator":"TotalEnergies","speed_class":"fast","speeds":"22kW","bays":2,"bay_types":"EV Bay","dedicated":true,"status":"installed","ward":"Harrow Road","cp_ids":null}},{"type":"Feature","id":718,"geometry":{"type":"Point","coordinates":[-0.19456,51.526038]},"properties":{"site":"Elgin Avenue","location":"Outside No.106","lamp_column":"29","operator":"Shell Recharge","speed_class":"lccp","speeds":"5.5kW","bays":1,"bay_types":"LCCP - Dedicated","dedicated":true,"status":"installed","ward":"Harrow Road","cp_ids":"606841"}},{"type":"Feature","id":719,"geometry":{"type":"Point","coordinates":[-0.195697,51.525832]},"properties":{"site":"Elgin Avenue","location":"Outside No.69","lamp_column":"24","operator":"Shell Recharge","speed_class":"lccp","speeds":"5.5kW","bays":1,"bay_types":"LCCP - Dedicated","dedicated":true,"status":"installed","ward":"Maida Vale","cp_ids":"606984"}},{"type":"Feature","id":720,"geometry":{"type":"Point","coordinates":[-0.196321,51.52549]},"properties":{"site":"Elgin Avenue","location":"Outside No.70","lamp_column":"22","operator":"Shell Recharge","speed_class":"lccp","speeds":"5.5kW","bays":1,"bay_types":"LCCP - Dedicated","dedicated":true,"status":"installed","ward":"Harrow Road","cp_ids":"606983"}},{"type":"Feature","id":721,"geometry":{"type":"Point","coordinates":[-0.19542,51.525916]},"properties":{"site":"Elgin Avenue","location":"Outside No.75","lamp_column":"26","operator":"Shell Recharge","speed_class":"lccp","speeds":"5.5kW","bays":1,"bay_types":"LCCP","dedicated":false,"status":"installed","ward":"Maida Vale","cp_ids":"807068"}},{"type":"Feature","id":722,"geometry":{"type":"Point","coordinates":[-0.195982,51.525593]},"properties":{"site":"Elgin Avenue","location":"Outside No.78","lamp_column":"23","operator":"Shell Recharge","speed_class":"lccp","speeds":"5.5kW","bays":1,"bay_types":"LCCP","dedicated":false,"status":"installed","ward":"Harrow Road","cp_ids":"602228"}},{"type":"Feature","id":723,"geometry":{"type":"Point","coordinates":[-0.195362,51.525774]},"properties":{"site":"Elgin Avenue","location":"Outside No.86","lamp_column":"25","operator":"Shell Recharge","speed_class":"lccp","speeds":"5.5kW","bays":1,"bay_types":"LCCP","dedicated":false,"status":"installed","ward":"Harrow Road","cp_ids":"807063"}},{"type":"Feature","id":724,"geometry":{"type":"Point","coordinates":[-0.194744,51.526129]},"properties":{"site":"Elgin Avenue","location":"Outside No.89","lamp_column":"28","operator":"Shell Recharge","speed_class":"lccp","speeds":"5.5kW","bays":1,"bay_types":"LCCP - Dedicated","dedicated":true,"status":"installed","ward":"Maida Vale","cp_ids":"602229"}},{"type":"Feature","id":725,"geometry":{"type":"Point","coordinates":[-0.194437,51.526236]},"properties":{"site":"Elgin Avenue","location":"Outside No.93","lamp_column":"30","operator":"Shell Recharge","speed_class":"lccp","speeds":"5.5kW","bays":1,"bay_types":"LCCP","dedicated":false,"status":"installed","ward":"Maida Vale","cp_ids":"807066"}},{"type":"Feature","id":726,"geometry":{"type":"Point","coordinates":[-0.194967,51.5259]},"properties":{"site":"Elgin Avenue","location":"Outside No.96","lamp_column":"27","operator":"Shell Recharge","speed_class":"lccp","speeds":"5.5kW","bays":1,"bay_types":"LCCP","dedicated":false,"status":"installed","ward":"Harrow Road","cp_ids":"807064"}},{"type":"Feature","id":727,"geometry":{"type":"Point","coordinates":[-0.152287,51.494475]},"properties":{"site":"Elizabeth Street","location":"At Or Outside 50a","lamp_column":"5","operator":"Shell Recharge","speed_class":"lccp","speeds":"5.5kW","bays":1,"bay_types":"LCCP - Dedicated","dedicated":true,"status":"installed","ward":"Knightsbridge & Belgravia","cp_ids":"605362"}},{"type":"Feature","id":728,"geometry":{"type":"Point","coordinates":[-0.175006,51.529934]},"properties":{"site":"Elm Tree Road","location":"At Or Outside 8","lamp_column":"10","operator":"Shell Recharge","speed_class":"lccp","speeds":"5.5kW","bays":1,"bay_types":"LCCP","dedicated":false,"status":"installed","ward":"Abbey Road","cp_ids":"801936"}},{"type":"Feature","id":729,"geometry":{"type":"Point","coordinates":[-0.137075,51.495153]},"properties":{"site":"Emery Hill Street","location":"At Or Outside 192 Ebury Hill Street","lamp_column":"3","operator":"Shell Recharge","speed_class":"lccp","speeds":"5.5kW","bays":1,"bay_types":"LCCP","dedicated":false,"status":"installed","ward":"Vincent Square","cp_ids":"801145"}},{"type":"Feature","id":730,"geometry":{"type":"Point","coordinates":[-0.137417,51.49527]},"properties":{"site":"Emery Hill Street","location":"Outside 160-169","lamp_column":"2","operator":"Shell Recharge","speed_class":"lccp","speeds":"5.5kW","bays":1,"bay_types":"LCCP","dedicated":false,"status":"installed","ward":"Vincent Square","cp_ids":"807155"}},{"type":"Feature","id":731,"geometry":{"type":"Point","coordinates":[-0.208647,51.52781]},"properties":{"site":"Enbrook Street","location":"At Or Outside 18","lamp_column":"6","operator":"Shell Recharge","speed_class":"lccp","speeds":"5.5kW","bays":1,"bay_types":"LCCP","dedicated":false,"status":"installed","ward":"Queen's Park","cp_ids":"808141"}},{"type":"Feature","id":732,"geometry":{"type":"Point","coordinates":[-0.209457,51.527812]},"properties":{"site":"Enbrook Street","location":"At Or Outside 25","lamp_column":"3","operator":"Shell Recharge","speed_class":"lccp","speeds":"5.5kW","bays":1,"bay_types":"LCCP","dedicated":false,"status":"installed","ward":"Queen's Park","cp_ids":"605129"}},{"type":"Feature","id":733,"geometry":{"type":"Point","coordinates":[-0.208981,51.527842]},"properties":{"site":"Enbrook Street","location":"At Or Outside 26","lamp_column":"5","operator":"Shell Recharge","speed_class":"lccp","speeds":"5.5kW","bays":1,"bay_types":"LCCP","dedicated":false,"status":"installed","ward":"Queen's Park","cp_ids":"605128"}},{"type":"Feature","id":734,"geometry":{"type":"Point","coordinates":[-0.209774,51.527846]},"properties":{"site":"Enbrook Street","location":"At Or Outside 35","lamp_column":"2","operator":"Shell Recharge","speed_class":"lccp","speeds":"5.5kW","bays":1,"bay_types":"LCCP - Dedicated","dedicated":true,"status":"installed","ward":"Queen's Park","cp_ids":"605130"}},{"type":"Feature","id":735,"geometry":{"type":"Point","coordinates":[-0.209237,51.52787]},"properties":{"site":"Enbrook Street","location":"At Or Outside 36","lamp_column":"4","operator":"Shell Recharge","speed_class":"lccp","speeds":"5.5kW","bays":1,"bay_types":"LCCP","dedicated":false,"status":"installed","ward":"Queen's Park","cp_ids":"605127"}},{"type":"Feature","id":736,"geometry":{"type":"Point","coordinates":[-0.210148,51.527965]},"properties":{"site":"Enbrook Street","location":"Side Of 26 Fourth Avenue","lamp_column":"1","operator":"Shell Recharge","speed_class":"lccp","speeds":"5.5kW","bays":1,"bay_types":"LCCP","dedicated":false,"status":"installed","ward":"Queen's Park","cp_ids":"809492"}},{"type":"Feature","id":737,"geometry":{"type":"Point","coordinates":[-0.12399,51.514119]},"properties":{"site":"Endell Street","location":null,"lamp_column":null,"operator":"To be confirmed","speed_class":"rapid","speeds":"50kW","bays":1,"bay_types":"EV Bay","dedicated":true,"status":"planned","ward":"St James's","cp_ids":"TBC"}},{"type":"Feature","id":738,"geometry":{"type":"Point","coordinates":[-0.123986,51.514122]},"properties":{"site":"Endell Street","location":null,"lamp_column":null,"operator":"To be confirmed","speed_class":"rapid","speeds":"50-100kW","bays":1,"bay_types":"EV Bay","dedicated":true,"status":"planned","ward":"St James's","cp_ids":null}},{"type":"Feature","id":739,"geometry":{"type":"Point","coordinates":[-0.170232,51.501121]},"properties":{"site":"Ennismore Gardens","location":"At Or Outside 2 Bolney Gate","lamp_column":"5","operator":"Shell Recharge","speed_class":"lccp","speeds":"5.5kW","bays":1,"bay_types":"LCCP - Dedicated","dedicated":true,"status":"installed","ward":"Knightsbridge & Belgravia","cp_ids":"602743"}},{"type":"Feature","id":740,"geometry":{"type":"Point","coordinates":[-0.170988,51.499085]},"properties":{"site":"Ennismore Gardens","location":"At Or Outside 22/23_x000d_\r\nGrade Ii Listed  List Entry Number: 1356999","lamp_column":"31","operator":"Shell Recharge","speed_class":"lccp","speeds":"5.5kW","bays":1,"bay_types":"LCCP - Dedicated","dedicated":true,"status":"installed","ward":"Knightsbridge & Belgravia","cp_ids":"606714"}},{"type":"Feature","id":741,"geometry":{"type":"Point","coordinates":[-0.169642,51.49927]},"properties":{"site":"Ennismore Gardens","location":"At Or Outside 44_x000d_\r\nGrade Ii Listed  List Entry Number:1289898","lamp_column":"22","operator":"Shell Recharge","speed_class":"lccp","speeds":"5.5kW","bays":1,"bay_types":"LCCP","dedicated":false,"status":"installed","ward":"Knightsbridge & Belgravia","cp_ids":"807009"}},{"type":"Feature","id":742,"geometry":{"type":"Point","coordinates":[-0.169802,51.499879]},"properties":{"site":"Ennismore Gardens","location":"At Or Outside 53/54_x000d_\r\nGrade Ii Listed  List Entry Number 1066813","lamp_column":"16","operator":"Shell Recharge","speed_class":"lccp","speeds":"5.5kW","bays":1,"bay_types":"LCCP - Dedicated","dedicated":true,"status":"installed","ward":"Knightsbridge & Belgravia","cp_ids":"606765"}},{"type":"Feature","id":743,"geometry":{"type":"Point","coordinates":[-0.171427,51.500117]},"properties":{"site":"Ennismore Gardens","location":"Opposite 10_x000d_\r\nGrade Ii Listed  List Entry Number: 1356998","lamp_column":"36","operator":"Shell Recharge","speed_class":"lccp","speeds":"5.5kW","bays":1,"bay_types":"LCCP","dedicated":false,"status":"installed","ward":"Knightsbridge & Belgravia","cp_ids":"801667"}},{"type":"Feature","id":744,"geometry":{"type":"Point","coordinates":[-0.170432,51.500218]},"properties":{"site":"Ennismore Gardens","location":"Opposite 3_x000d_\r\nGrade Ii Listed  List Entry Number: 1356997","lamp_column":"40","operator":"Shell Recharge","speed_class":"lccp","speeds":"5.5kW","bays":1,"bay_types":"LCCP - Dedicated","dedicated":true,"status":"installed","ward":"Knightsbridge & Belgravia","cp_ids":"606768"}},{"type":"Feature","id":745,"geometry":{"type":"Point","coordinates":[-0.170617,51.500161]},"properties":{"site":"Ennismore Gardens","location":"Opposite 5 To 6 Ennismore Gardens","lamp_column":null,"operator":"TotalEnergies","speed_class":"fast","speeds":"22kW","bays":2,"bay_types":"EV Bay","dedicated":true,"status":"installed","ward":"Knightsbridge & Belgravia","cp_ids":null}},{"type":"Feature","id":746,"geometry":{"type":"Point","coordinates":[-0.17106,51.500163]},"properties":{"site":"Ennismore Gardens","location":"Opposite 7_x000d_\r\nGrade Ii Listed  List Entry Number: 1211597","lamp_column":"38","operator":"Shell Recharge","speed_class":"lccp","speeds":"5.5kW","bays":1,"bay_types":"LCCP - Dedicated","dedicated":true,"status":"installed","ward":"Knightsbridge & Belgravia","cp_ids":"606991"}},{"type":"Feature","id":747,"geometry":{"type":"Point","coordinates":[-0.169563,51.498963]},"properties":{"site":"Ennismore Gardens","location":"Outside 39 He Listed 1289934","lamp_column":"24a","operator":"Shell Recharge","speed_class":"lccp","speeds":"5.5kW","bays":1,"bay_types":"LCCP - Dedicated","dedicated":true,"status":"installed","ward":"Knightsbridge & Belgravia","cp_ids":"606766"}},{"type":"Feature","id":748,"geometry":{"type":"Point","coordinates":[-0.130315,51.491219]},"properties":{"site":"Erasmus Street","location":"At Or Outside Stubbs House","lamp_column":"8","operator":"Shell Recharge","speed_class":"lccp","speeds":"5.5kW","bays":1,"bay_types":"LCCP","dedicated":false,"status":"installed","ward":"Vincent Square","cp_ids":"806376"}},{"type":"Feature","id":749,"geometry":{"type":"Point","coordinates":[-0.200947,51.525767]},"properties":{"site":"Errington Road","location":"At Or Outside 11b","lamp_column":"2","operator":"Shell Recharge","speed_class":"lccp","speeds":"5.5kW","bays":1,"bay_types":"LCCP","dedicated":false,"status":"installed","ward":"Harrow Road","cp_ids":"807178"}},{"type":"Feature","id":750,"geometry":{"type":"Point","coordinates":[-0.200407,51.525525]},"properties":{"site":"Errington Road","location":"Side Of 26b Walterton Rd","lamp_column":"4","operator":"Shell Recharge","speed_class":"lccp","speeds":"5.5kW","bays":1,"bay_types":"LCCP","dedicated":false,"status":"installed","ward":"Harrow Road","cp_ids":"807179"}},{"type":"Feature","id":751,"geometry":{"type":"Point","coordinates":[-0.194927,51.527588]},"properties":{"site":"Essendine Road","location":"At Or Outside 3","lamp_column":"9","operator":"Shell Recharge","speed_class":"lccp","speeds":"5.5kW","bays":1,"bay_types":"LCCP - Dedicated","dedicated":true,"status":"installed","ward":"Maida Vale","cp_ids":"602416"}},{"type":"Feature","id":752,"geometry":{"type":"Point","coordinates":[-0.194027,51.528922]},"properties":{"site":"Essendine Road","location":"At Or Outside 60","lamp_column":"3","operator":"Shell Recharge","speed_class":"lccp","speeds":"5.5kW","bays":1,"bay_types":"LCCP","dedicated":false,"status":"installed","ward":"Maida Vale","cp_ids":"807036"}},{"type":"Feature","id":753,"geometry":{"type":"Point","coordinates":[-0.193842,51.529145]},"properties":{"site":"Essendine Road","location":"At Or Outside 80","lamp_column":"2","operator":"Shell Recharge","speed_class":"lccp","speeds":"5.5kW","bays":1,"bay_types":"LCCP - Dedicated","dedicated":true,"status":"installed","ward":"Maida Vale","cp_ids":"602414"}},{"type":"Feature","id":754,"geometry":{"type":"Point","coordinates":[-0.19527,51.527383]},"properties":{"site":"Essendine Road","location":"J/W Shirland Road","lamp_column":"10","operator":"Shell Recharge","speed_class":"lccp","speeds":"5.5kW","bays":1,"bay_types":"LCCP","dedicated":false,"status":"installed","ward":"Maida Vale","cp_ids":"807037"}},{"type":"Feature","id":755,"geometry":{"type":"Point","coordinates":[-0.194716,51.528093]},"properties":{"site":"Essendine Road","location":"Opposite 15","lamp_column":"7","operator":"Shell Recharge","speed_class":"lccp","speeds":"5.5kW","bays":1,"bay_types":"LCCP","dedicated":false,"status":"installed","ward":"Maida Vale","cp_ids":"602415"}},{"type":"Feature","id":756,"geometry":{"type":"Point","coordinates":[-0.132924,51.49203]},"properties":{"site":"Esterbrooke Street","location":"Junction With Chapter Street","lamp_column":"3","operator":"Shell Recharge","speed_class":"lccp","speeds":"5.5kW","bays":1,"bay_types":"LCCP","dedicated":false,"status":"installed","ward":"Vincent Square","cp_ids":"806377"}},{"type":"Feature","id":757,"geometry":{"type":"Point","coordinates":[-0.13343,51.492177]},"properties":{"site":"Esterbrooke Street","location":"Opposite No. 1-16 The Regency","lamp_column":"1","operator":"Shell Recharge","speed_class":"lccp","speeds":"5.5kW","bays":1,"bay_types":"LCCP","dedicated":false,"status":"installed","ward":"Vincent Square","cp_ids":"801323"}},{"type":"Feature","id":758,"geometry":{"type":"Point","coordinates":[-0.133187,51.492107]},"properties":{"site":"Esterbrooke Street","location":"Opposite No. 8","lamp_column":"2","operator":"Shell Recharge","speed_class":"lccp","speeds":"5.5kW","bays":1,"bay_types":"LCCP","dedicated":false,"status":"installed","ward":"Vincent Square","cp_ids":"806375"}},{"type":"Feature","id":759,"geometry":{"type":"Point","coordinates":[-0.167733,51.498594]},"properties":{"site":"Fairholt Street","location":"At Or Outside 6 Rutland Street","lamp_column":"2","operator":"Shell Recharge","speed_class":"lccp","speeds":"5.5kW","bays":1,"bay_types":"LCCP","dedicated":false,"status":"installed","ward":"Knightsbridge & Belgravia","cp_ids":"801362"}},{"type":"Feature","id":760,"geometry":{"type":"Point","coordinates":[-0.148924,51.509238]},"properties":{"site":"Farm Street","location":"Opposite 20","lamp_column":"4","operator":"Shell Recharge","speed_class":"lccp","speeds":"5.5kW","bays":1,"bay_types":"LCCP","dedicated":false,"status":"installed","ward":"West End","cp_ids":"805180"}},{"type":"Feature","id":761,"geometry":{"type":"Point","coordinates":[-0.202426,51.523936]},"properties":{"site":"Fermoy Road","location":"At Or Outside 10","lamp_column":"10","operator":"Shell Recharge","speed_class":"lccp","speeds":"5.5kW","bays":1,"bay_types":"LCCP","dedicated":false,"status":"installed","ward":"Harrow Road","cp_ids":"807465"}},{"type":"Feature","id":762,"geometry":{"type":"Point","coordinates":[-0.203108,51.524249]},"properties":{"site":"Fermoy Road","location":"At Or Outside 30","lamp_column":"8","operator":"Shell Recharge","speed_class":"lccp","speeds":"5.5kW","bays":1,"bay_types":"LCCP","dedicated":false,"status":"installed","ward":"Harrow Road","cp_ids":"809489"}},{"type":"Feature","id":763,"geometry":{"type":"Point","coordinates":[-0.2022,51.523741]},"properties":{"site":"Fermoy Road","location":"At Or Outside Fermoy House","lamp_column":"11","operator":"Shell Recharge","speed_class":"lccp","speeds":"5.5kW","bays":1,"bay_types":"LCCP","dedicated":false,"status":"installed","ward":"Harrow Road","cp_ids":"606649"}},{"type":"Feature","id":764,"geometry":{"type":"Point","coordinates":[-0.203683,51.524526]},"properties":{"site":"Fermoy Road","location":"At Or Outside Sanctuary House 1 -6","lamp_column":"6","operator":"Shell Recharge","speed_class":"lccp","speeds":"5.5kW","bays":1,"bay_types":"LCCP - Dedicated","dedicated":true,"status":"installed","ward":"Harrow Road","cp_ids":"606648"}},{"type":"Feature","id":765,"geometry":{"type":"Point","coordinates":[-0.201876,51.530389]},"properties":{"site":"Fernhead Road","location":"At Or Outside 113/115","lamp_column":"12","operator":"Shell Recharge","speed_class":"lccp","speeds":"5.5kW","bays":1,"bay_types":"LCCP","dedicated":false,"status":"installed","ward":"Harrow Road","cp_ids":"805518"}},{"type":"Feature","id":766,"geometry":{"type":"Point","coordinates":[-0.202047,51.530822]},"properties":{"site":"Fernhead Road","location":"At Or Outside 123/125","lamp_column":"10","operator":"Shell Recharge","speed_class":"lccp","speeds":"5.5kW","bays":1,"bay_types":"LCCP","dedicated":false,"status":"installed","ward":"Harrow Road","cp_ids":"807595"}},{"type":"Feature","id":767,"geometry":{"type":"Point","coordinates":[-0.201635,51.529105]},"properties":{"site":"Fernhead Road","location":"At Or Outside 124/126","lamp_column":"17","operator":"Shell Recharge","speed_class":"lccp","speeds":"5.5kW","bays":1,"bay_types":"LCCP - Dedicated","dedicated":true,"status":"installed","ward":"Queen's Park","cp_ids":"802223"}},{"type":"Feature","id":768,"geometry":{"type":"Point","coordinates":[-0.202307,51.531342]},"properties":{"site":"Fernhead Road","location":"At Or Outside 143/145","lamp_column":"8","operator":"Shell Recharge","speed_class":"lccp","speeds":"5.5kW","bays":1,"bay_types":"LCCP","dedicated":false,"status":"installed","ward":"Harrow Road","cp_ids":"805517"}},{"type":"Feature","id":769,"geometry":{"type":"Point","coordinates":[-0.201552,51.525933]},"properties":{"site":"Fernhead Road","location":"At Or Outside 16","lamp_column":"32","operator":"Shell Recharge","speed_class":"lccp","speeds":"5.5kW","bays":1,"bay_types":"LCCP","dedicated":false,"status":"installed","ward":"Harrow Road","cp_ids":"802230"}},{"type":"Feature","id":770,"geometry":{"type":"Point","coordinates":[-0.201909,51.530057]},"properties":{"site":"Fernhead Road","location":"At Or Outside 160","lamp_column":"13","operator":"Shell Recharge","speed_class":"lccp","speeds":"5.5kW","bays":1,"bay_types":"LCCP","dedicated":false,"status":"installed","ward":"Queen's Park","cp_ids":"802227"}},{"type":"Feature","id":771,"geometry":{"type":"Point","coordinates":[-0.202084,51.530568]},"properties":{"site":"Fernhead Road","location":"At Or Outside 180","lamp_column":"11","operator":"Shell Recharge","speed_class":"lccp","speeds":"5.5kW","bays":1,"bay_types":"LCCP","dedicated":false,"status":"installed","ward":"Queen's Park","cp_ids":"805519"}},{"type":"Feature","id":772,"geometry":{"type":"Point","coordinates":[-0.20227,51.530995]},"properties":{"site":"Fernhead Road","location":"At Or Outside 196","lamp_column":"9","operator":"Shell Recharge","speed_class":"lccp","speeds":"5.5kW","bays":1,"bay_types":"LCCP","dedicated":false,"status":"installed","ward":"Queen's Park","cp_ids":"809347"}},{"type":"Feature","id":773,"geometry":{"type":"Point","coordinates":[-0.201318,51.527267]},"properties":{"site":"Fernhead Road","location":"At Or Outside 39","lamp_column":"27","operator":"Shell Recharge","speed_class":"lccp","speeds":"5.5kW","bays":1,"bay_types":"LCCP - Dedicated","dedicated":true,"status":"installed","ward":"Harrow Road","cp_ids":"802218"}},{"type":"Feature","id":774,"geometry":{"type":"Point","coordinates":[-0.201323,51.528364]},"properties":{"site":"Fernhead Road","location":"At Or Outside 71","lamp_column":"23","operator":"Shell Recharge","speed_class":"lccp","speeds":"5.5kW","bays":1,"bay_types":"LCCP","dedicated":false,"status":"installed","ward":"Harrow Road","cp_ids":"802220"}},{"type":"Feature","id":775,"geometry":{"type":"Point","coordinates":[-0.201551,51.529323]},"properties":{"site":"Fernhead Road","location":"At Or Outside 95","lamp_column":"16","operator":"Shell Recharge","speed_class":"lccp","speeds":"5.5kW","bays":1,"bay_types":"LCCP","dedicated":false,"status":"installed","ward":"Harrow Road","cp_ids":"802224"}},{"type":"Feature","id":776,"geometry":{"type":"Point","coordinates":[-0.201764,51.529575]},"properties":{"site":"Fernhead Road","location":"O/S 144","lamp_column":"15","operator":"Shell Recharge","speed_class":"lccp","speeds":"5.5kW","bays":1,"bay_types":"LCCP - Dedicated","dedicated":true,"status":"installed","ward":"Queen's Park","cp_ids":"802222"}},{"type":"Feature","id":777,"geometry":{"type":"Point","coordinates":[-0.201582,51.525458]},"properties":{"site":"Fernhead Road","location":"Opposite 21","lamp_column":"34","operator":"Shell Recharge","speed_class":"lccp","speeds":"5.5kW","bays":1,"bay_types":"LCCP","dedicated":false,"status":"installed","ward":"Harrow Road","cp_ids":"802233"}},{"type":"Feature","id":778,"geometry":{"type":"Point","coordinates":[-0.201517,51.526409]},"properties":{"site":"Fernhead Road","location":"Opposite Barnsdale Rd","lamp_column":"30","operator":"Shell Recharge","speed_class":"lccp","speeds":"5.5kW","bays":1,"bay_types":"LCCP - Dedicated","dedicated":true,"status":"installed","ward":"Harrow Road","cp_ids":"802231"}},{"type":"Feature","id":779,"geometry":{"type":"Point","coordinates":[-0.201433,51.527593]},"properties":{"site":"Fernhead Road","location":"Opposite Lydford Rd","lamp_column":"26","operator":"Shell Recharge","speed_class":"lccp","speeds":"5.5kW","bays":1,"bay_types":"LCCP","dedicated":false,"status":"installed","ward":"Harrow Road","cp_ids":"802219"}},{"type":"Feature","id":780,"geometry":{"type":"Point","coordinates":[-0.201442,51.528043]},"properties":{"site":"Fernhead Road","location":"Opposite Shirland Mews","lamp_column":"24","operator":"Shell Recharge","speed_class":"lccp","speeds":"5.5kW","bays":1,"bay_types":"LCCP","dedicated":false,"status":"installed","ward":"Harrow Road","cp_ids":"807452"}},{"type":"Feature","id":781,"geometry":{"type":"Point","coordinates":[-0.202892,51.532513]},"properties":{"site":"Fernhead Road","location":"Opposite St Luke's Church Centre","lamp_column":null,"operator":"ESB","speed_class":"rapid","speeds":"50kW","bays":1,"bay_types":"EV Bay","dedicated":true,"status":"installed","ward":"Harrow Road","cp_ids":"UT02P2"}},{"type":"Feature","id":782,"geometry":{"type":"Point","coordinates":[-0.201472,51.527028]},"properties":{"site":"Fernhead Road","location":"Opposite Warlock Rd","lamp_column":"28","operator":"Shell Recharge","speed_class":"lccp","speeds":"5.5kW","bays":1,"bay_types":"LCCP","dedicated":false,"status":"installed","ward":"Harrow Road","cp_ids":"807708"}},{"type":"Feature","id":783,"geometry":{"type":"Point","coordinates":[-0.211416,51.53016]},"properties":{"site":"Fifth Avenue","location":"At Or Outside 101","lamp_column":"9","operator":"Shell Recharge","speed_class":"lccp","speeds":"5.5kW","bays":1,"bay_types":"LCCP","dedicated":false,"status":"installed","ward":"Queen's Park","cp_ids":"806253"}},{"type":"Feature","id":784,"geometry":{"type":"Point","coordinates":[-0.211193,51.530355]},"properties":{"site":"Fifth Avenue","location":"At Or Outside 112","lamp_column":"8","operator":"Shell Recharge","speed_class":"lccp","speeds":"5.5kW","bays":1,"bay_types":"LCCP","dedicated":false,"status":"installed","ward":"Queen's Park","cp_ids":"605126"}},{"type":"Feature","id":785,"geometry":{"type":"Point","coordinates":[-0.211292,51.530628]},"properties":{"site":"Fifth Avenue","location":"At Or Outside 119","lamp_column":"7","operator":"Shell Recharge","speed_class":"lccp","speeds":"5.5kW","bays":1,"bay_types":"LCCP","dedicated":false,"status":"installed","ward":"Queen's Park","cp_ids":"605123"}},{"type":"Feature","id":786,"geometry":{"type":"Point","coordinates":[-0.211083,51.530786]},"properties":{"site":"Fifth Avenue","location":"At Or Outside 126/128","lamp_column":"6","operator":"Shell Recharge","speed_class":"lccp","speeds":"5.5kW","bays":1,"bay_types":"LCCP - Dedicated","dedicated":true,"status":"installed","ward":"Queen's Park","cp_ids":"805237"}},{"type":"Feature","id":787,"geometry":{"type":"Point","coordinates":[-0.211165,51.531009]},"properties":{"site":"Fifth Avenue","location":"At Or Outside 133","lamp_column":"5","operator":"Shell Recharge","speed_class":"lccp","speeds":"5.5kW","bays":1,"bay_types":"LCCP","dedicated":false,"status":"installed","ward":"Queen's Park","cp_ids":null}},{"type":"Feature","id":788,"geometry":{"type":"Point","coordinates":[-0.210935,51.531341]},"properties":{"site":"Fifth Avenue","location":"At Or Outside 150/152","lamp_column":"3","operator":"Shell Recharge","speed_class":"lccp","speeds":"5.5kW","bays":1,"bay_types":"LCCP","dedicated":false,"status":"installed","ward":"Queen's Park","cp_ids":"605125"}},{"type":"Feature","id":789,"geometry":{"type":"Point","coordinates":[-0.211822,51.527945]},"properties":{"site":"Fifth Avenue","location":"At Or Outside 20/22","lamp_column":"18","operator":"Shell Recharge","speed_class":"lccp","speeds":"5.5kW","bays":1,"bay_types":"LCCP","dedicated":false,"status":"installed","ward":"Queen's Park","cp_ids":"806242"}},{"type":"Feature","id":790,"geometry":{"type":"Point","coordinates":[-0.211921,51.528235]},"properties":{"site":"Fifth Avenue","location":"At Or Outside 29","lamp_column":"17","operator":"Shell Recharge","speed_class":"lccp","speeds":"5.5kW","bays":1,"bay_types":"LCCP","dedicated":false,"status":"installed","ward":"Queen's Park","cp_ids":"806244"}},{"type":"Feature","id":791,"geometry":{"type":"Point","coordinates":[-0.211691,51.528449]},"properties":{"site":"Fifth Avenue","location":"At Or Outside 44","lamp_column":"16","operator":"Shell Recharge","speed_class":"lccp","speeds":"5.5kW","bays":1,"bay_types":"LCCP","dedicated":false,"status":"installed","ward":"Queen's Park","cp_ids":"605120"}},{"type":"Feature","id":792,"geometry":{"type":"Point","coordinates":[-0.211776,51.528794]},"properties":{"site":"Fifth Avenue","location":"At Or Outside 55","lamp_column":"15","operator":"Shell Recharge","speed_class":"lccp","speeds":"5.5kW","bays":1,"bay_types":"LCCP","dedicated":false,"status":"installed","ward":"Queen's Park","cp_ids":"806241"}},{"type":"Feature","id":793,"geometry":{"type":"Point","coordinates":[-0.211552,51.528959]},"properties":{"site":"Fifth Avenue","location":"At Or Outside 64/66","lamp_column":"14","operator":"Shell Recharge","speed_class":"lccp","speeds":"5.5kW","bays":1,"bay_types":"LCCP","dedicated":false,"status":"installed","ward":"Queen's Park","cp_ids":"806240"}},{"type":"Feature","id":794,"geometry":{"type":"Point","coordinates":[-0.211656,51.529233]},"properties":{"site":"Fifth Avenue","location":"At Or Outside 69","lamp_column":"13","operator":"Shell Recharge","speed_class":"lccp","speeds":"5.5kW","bays":1,"bay_types":"LCCP","dedicated":false,"status":"installed","ward":"Queen's Park","cp_ids":"806250"}},{"type":"Feature","id":795,"geometry":{"type":"Point","coordinates":[-0.211432,51.529453]},"properties":{"site":"Fifth Avenue","location":"At Or Outside 80","lamp_column":"12","operator":"Shell Recharge","speed_class":"lccp","speeds":"5.5kW","bays":1,"bay_types":"LCCP - Dedicated","dedicated":true,"status":"installed","ward":"Queen's Park","cp_ids":"605124"}},{"type":"Feature","id":796,"geometry":{"type":"Point","coordinates":[-0.211529,51.529696]},"properties":{"site":"Fifth Avenue","location":"At Or Outside 85","lamp_column":"11","operator":"Shell Recharge","speed_class":"lccp","speeds":"5.5kW","bays":1,"bay_types":"LCCP","dedicated":false,"status":"installed","ward":"Queen's Park","cp_ids":"806251"}},{"type":"Feature","id":797,"geometry":{"type":"Point","coordinates":[-0.21209,51.527453]},"properties":{"site":"Fifth Avenue","location":"Side Of Pine House","lamp_column":null,"operator":"TotalEnergies","speed_class":"fast","speeds":"22kW","bays":2,"bay_types":"EV Bay","dedicated":true,"status":"installed","ward":"Queen's Park","cp_ids":"TBC"}},{"type":"Feature","id":798,"geometry":{"type":"Point","coordinates":[-0.205652,51.527448]},"properties":{"site":"First Avenue","location":"At Or Outside 19/21","lamp_column":"4","operator":"Shell Recharge","speed_class":"lccp","speeds":"5.5kW","bays":1,"bay_types":"LCCP","dedicated":false,"status":"installed","ward":"Queen's Park","cp_ids":"808096"}},{"type":"Feature","id":799,"geometry":{"type":"Point","coordinates":[-0.205611,51.52712]},"properties":{"site":"First Avenue","location":"At Or Outside 28/30. Opp Num 7","lamp_column":"5","operator":"Shell Recharge","speed_class":"lccp","speeds":"5.5kW","bays":1,"bay_types":"LCCP","dedicated":false,"status":"installed","ward":"Queen's Park","cp_ids":"605082"}},{"type":"Feature","id":800,"geometry":{"type":"Point","coordinates":[-0.205561,51.527793]},"properties":{"site":"First Avenue","location":"At Or Outside 37","lamp_column":"2","operator":"Shell Recharge","speed_class":"lccp","speeds":"5.5kW","bays":1,"bay_types":"LCCP","dedicated":false,"status":"installed","ward":"Queen's Park","cp_ids":"605080"}},{"type":"Feature","id":801,"geometry":{"type":"Point","coordinates":[-0.20548,51.527616]},"properties":{"site":"First Avenue","location":"At Or Outside 54","lamp_column":"3","operator":"Shell Recharge","speed_class":"lccp","speeds":"5.5kW","bays":1,"bay_types":"LCCP","dedicated":false,"status":"installed","ward":"Queen's Park","cp_ids":"605081"}},{"type":"Feature","id":802,"geometry":{"type":"Point","coordinates":[-0.205905,51.52649]},"properties":{"site":"First Avenue","location":"Side Of 582 Harrow Road","lamp_column":"7","operator":"Shell Recharge","speed_class":"lccp","speeds":"5.5kW","bays":1,"bay_types":"LCCP","dedicated":false,"status":"installed","ward":"Queen's Park","cp_ids":null}},{"type":"Feature","id":803,"geometry":{"type":"Point","coordinates":[-0.17296,51.524916]},"properties":{"site":"Fisherton Street","location":"Opposite 22","lamp_column":"9","operator":"Shell Recharge","speed_class":"lccp","speeds":"5.5kW","bays":1,"bay_types":"LCCP - Dedicated","dedicated":true,"status":"installed","ward":"Church Street","cp_ids":"606725"}},{"type":"Feature","id":804,"geometry":{"type":"Point","coordinates":[-0.172299,51.524685]},"properties":{"site":"Fisherton Street","location":"Opposite Eastlake House","lamp_column":"11","operator":"Shell Recharge","speed_class":"lccp","speeds":"5.5kW","bays":1,"bay_types":"LCCP","dedicated":false,"status":"installed","ward":"Church Street","cp_ids":"606726"}},{"type":"Feature","id":805,"geometry":{"type":"Point","coordinates":[-0.171995,51.524525]},"properties":{"site":"Fisherton Street","location":"Side Of 1-16 Gibbon House (Opp Eastlake House)","lamp_column":"12","operator":"Shell Recharge","speed_class":"lccp","speeds":"5.5kW","bays":1,"bay_types":"LCCP","dedicated":false,"status":"installed","ward":"Church Street","cp_ids":"805013"}},{"type":"Feature","id":806,"geometry":{"type":"Point","coordinates":[-0.153432,51.516564]},"properties":{"site":"Fitzhardinge Street","location":"At Or Outside 18","lamp_column":"4","operator":"Shell Recharge","speed_class":"lccp","speeds":"5.5kW","bays":1,"bay_types":"LCCP","dedicated":false,"status":"installed","ward":"Marylebone","cp_ids":"809356"}},{"type":"Feature","id":807,"geometry":{"type":"Point","coordinates":[-0.153935,51.516589]},"properties":{"site":"Fitzhardinge Street","location":"At Or Outside 4","lamp_column":"3","operator":"Shell Recharge","speed_class":"lccp","speeds":"5.5kW","bays":1,"bay_types":"LCCP","dedicated":false,"status":"installed","ward":"Marylebone","cp_ids":"809358"}},{"type":"Feature","id":808,"geometry":{"type":"Point","coordinates":[-0.154233,51.51643]},"properties":{"site":"Fitzhardinge Street","location":"Opposite Bakers Mews","lamp_column":"2","operator":"Shell Recharge","speed_class":"lccp","speeds":"5.5kW","bays":1,"bay_types":"LCCP - Dedicated","dedicated":true,"status":"installed","ward":"Marylebone","cp_ids":"602389"}},{"type":"Feature","id":809,"geometry":{"type":"Point","coordinates":[-0.139185,51.519804]},"properties":{"site":"Foley Street","location":"At Or Outside 43-45","lamp_column":"8","operator":"Shell Recharge","speed_class":"lccp","speeds":"5.5kW","bays":1,"bay_types":"LCCP","dedicated":false,"status":"installed","ward":"West End","cp_ids":"805283"}},{"type":"Feature","id":810,"geometry":{"type":"Point","coordinates":[-0.138784,51.519978]},"properties":{"site":"Foley Street","location":"At Or Outside All Souls Church","lamp_column":"10","operator":"Shell Recharge","speed_class":"lccp","speeds":"5.5kW","bays":1,"bay_types":"LCCP","dedicated":false,"status":"installed","ward":"West End","cp_ids":"801816"}},{"type":"Feature","id":811,"geometry":{"type":"Point","coordinates":[-0.13937,51.519835]},"properties":{"site":"Foley Street","location":"John Astor House 3-15 Foley Street","lamp_column":null,"operator":"TotalEnergies","speed_class":"fast","speeds":"22kW","bays":2,"bay_types":"EV Bay","dedicated":true,"status":"installed","ward":"West End","cp_ids":null}},{"type":"Feature","id":812,"geometry":{"type":"Point","coordinates":[-0.199921,51.528885]},"properties":{"site":"Fordingley Road","location":"At Or Outside 29","lamp_column":"5","operator":"Shell Recharge","speed_class":"lccp","speeds":"5.5kW","bays":1,"bay_types":"LCCP","dedicated":false,"status":"installed","ward":"Harrow Road","cp_ids":"806227"}},{"type":"Feature","id":813,"geometry":{"type":"Point","coordinates":[-0.200266,51.529023]},"properties":{"site":"Fordingley Road","location":"At Or Outside 34","lamp_column":"4","operator":"Shell Recharge","speed_class":"lccp","speeds":"5.5kW","bays":1,"bay_types":"LCCP","dedicated":false,"status":"installed","ward":"Harrow Road","cp_ids":"806225"}},{"type":"Feature","id":814,"geometry":{"type":"Point","coordinates":[-0.200994,51.529155]},"properties":{"site":"Fordingley Road","location":"At Or Outside 52","lamp_column":"2","operator":"Shell Recharge","speed_class":"lccp","speeds":"5.5kW","bays":1,"bay_types":"LCCP","dedicated":false,"status":"installed","ward":"Harrow Road","cp_ids":"806229"}},{"type":"Feature","id":815,"geometry":{"type":"Point","coordinates":[-0.199124,51.528745]},"properties":{"site":"Fordingley Road","location":"At Or Outside 9","lamp_column":"7","operator":"Shell Recharge","speed_class":"lccp","speeds":"5.5kW","bays":1,"bay_types":"LCCP","dedicated":false,"status":"installed","ward":"Harrow Road","cp_ids":"806228"}},{"type":"Feature","id":816,"geometry":{"type":"Point","coordinates":[-0.199472,51.528881]},"properties":{"site":"Fordingley Road","location":"O/S14","lamp_column":"6","operator":"Shell Recharge","speed_class":"lccp","speeds":"5.5kW","bays":1,"bay_types":"LCCP","dedicated":false,"status":"installed","ward":"Harrow Road","cp_ids":"806226"}},{"type":"Feature","id":817,"geometry":{"type":"Point","coordinates":[-0.198771,51.528772]},"properties":{"site":"Fordingley Road","location":"Opposite 10c","lamp_column":"8","operator":"Shell Recharge","speed_class":"lccp","speeds":"5.5kW","bays":1,"bay_types":"LCCP","dedicated":false,"status":"installed","ward":"Harrow Road","cp_ids":"606662"}},{"type":"Feature","id":818,"geometry":{"type":"Point","coordinates":[-0.185053,51.524523]},"properties":{"site":"Formosa Street","location":"At Or Outside 16","lamp_column":"3","operator":"Shell Recharge","speed_class":"lccp","speeds":"5.5kW","bays":1,"bay_types":"LCCP","dedicated":false,"status":"installed","ward":"Little Venice","cp_ids":"807432"}},{"type":"Feature","id":819,"geometry":{"type":"Point","coordinates":[-0.185856,51.524148]},"properties":{"site":"Formosa Street","location":"At Or Outside 34","lamp_column":"6","operator":"Shell Recharge","speed_class":"lccp","speeds":"5.5kW","bays":1,"bay_types":"LCCP","dedicated":false,"status":"installed","ward":"Little Venice","cp_ids":"801200"}},{"type":"Feature","id":820,"geometry":{"type":"Point","coordinates":[-0.187544,51.522844]},"properties":{"site":"Formosa Street","location":"J/W Barnwood Close","lamp_column":"12","operator":"Shell Recharge","speed_class":"lccp","speeds":"5.5kW","bays":1,"bay_types":"LCCP","dedicated":false,"status":"installed","ward":"Westbourne","cp_ids":"805258"}},{"type":"Feature","id":821,"geometry":{"type":"Point","coordinates":[-0.185662,51.524148]},"properties":{"site":"Formosa Street","location":"Opposite 26","lamp_column":"5","operator":"Shell Recharge","speed_class":"lccp","speeds":"5.5kW","bays":1,"bay_types":"LCCP","dedicated":false,"status":"installed","ward":"Little Venice","cp_ids":"805206"}},{"type":"Feature","id":822,"geometry":{"type":"Point","coordinates":[-0.186222,51.523795]},"properties":{"site":"Formosa Street","location":"Opposite 65","lamp_column":"7","operator":"Shell Recharge","speed_class":"lccp","speeds":"5.5kW","bays":1,"bay_types":"LCCP - Dedicated","dedicated":true,"status":"installed","ward":"Little Venice","cp_ids":"602875"}},{"type":"Feature","id":823,"geometry":{"type":"Point","coordinates":[-0.210254,51.528073]},"properties":{"site":"Fourth Avenue","location":"At Or Outside 28/30","lamp_column":"4","operator":"Shell Recharge","speed_class":"lccp","speeds":"5.5kW","bays":1,"bay_types":"LCCP","dedicated":false,"status":"installed","ward":"Queen's Park","cp_ids":"605135"}},{"type":"Feature","id":824,"geometry":{"type":"Point","coordinates":[-0.21017,51.528396]},"properties":{"site":"Fourth Avenue","location":"Opposite 43","lamp_column":"3","operator":"Shell Recharge","speed_class":"lccp","speeds":"5.5kW","bays":1,"bay_types":"LCCP","dedicated":false,"status":"installed","ward":"Queen's Park","cp_ids":"605134"}},{"type":"Feature","id":825,"geometry":{"type":"Point","coordinates":[-0.210129,51.528549]},"properties":{"site":"Fourth Avenue","location":"Opposite 53","lamp_column":"2","operator":"Shell Recharge","speed_class":"lccp","speeds":"5.5kW","bays":1,"bay_types":"LCCP","dedicated":false,"status":"installed","ward":"Queen's Park","cp_ids":"808098"}},{"type":"Feature","id":826,"geometry":{"type":"Point","coordinates":[-0.210062,51.528798]},"properties":{"site":"Fourth Avenue","location":"Opposite St Judes","lamp_column":"1","operator":"Shell Recharge","speed_class":"lccp","speeds":"5.5kW","bays":1,"bay_types":"LCCP","dedicated":false,"status":"installed","ward":"Queen's Park","cp_ids":"808099"}},{"type":"Feature","id":827,"geometry":{"type":"Point","coordinates":[-0.17242,51.525139]},"properties":{"site":"Frampton Street","location":"At Or Outside 1-8 Landseer House","lamp_column":"14","operator":"Shell Recharge","speed_class":"lccp","speeds":"5.5kW","bays":1,"bay_types":"LCCP","dedicated":false,"status":"installed","ward":"Church Street","cp_ids":"805028"}},{"type":"Feature","id":828,"geometry":{"type":"Point","coordinates":[-0.172846,51.524794]},"properties":{"site":"Frampton Street","location":"At Or Outside Eastlake House","lamp_column":"12","operator":"Shell Recharge","speed_class":"lccp","speeds":"5.5kW","bays":1,"bay_types":"LCCP","dedicated":false,"status":"installed","ward":"Church Street","cp_ids":"602132"}},{"type":"Feature","id":829,"geometry":{"type":"Point","coordinates":[-0.172169,51.525508]},"properties":{"site":"Frampton Street","location":"At Or Outside Stanfield House","lamp_column":"15","operator":"Shell Recharge","speed_class":"lccp","speeds":"5.5kW","bays":1,"bay_types":"LCCP","dedicated":false,"status":"installed","ward":"Church Street","cp_ids":"801770"}},{"type":"Feature","id":830,"geometry":{"type":"Point","coordinates":[-0.173508,51.524238]},"properties":{"site":"Frampton Street","location":"At Or Outside Tadema House","lamp_column":"8","operator":"Shell Recharge","speed_class":"lccp","speeds":"5.5kW","bays":1,"bay_types":"LCCP - Dedicated","dedicated":true,"status":"installed","ward":"Church Street","cp_ids":"602131"}},{"type":"Feature","id":831,"geometry":{"type":"Point","coordinates":[-0.172543,51.525186]},"properties":{"site":"Frampton Street","location":"Opposite Landseer House","lamp_column":"13","operator":"Shell Recharge","speed_class":"lccp","speeds":"5.5kW","bays":1,"bay_types":"LCCP","dedicated":false,"status":"installed","ward":"Church Street","cp_ids":"808046"}},{"type":"Feature","id":832,"geometry":{"type":"Point","coordinates":[-0.17205,51.525453]},"properties":{"site":"Frampton Street","location":"Opposite Stanfield House","lamp_column":"16","operator":"Shell Recharge","speed_class":"lccp","speeds":"5.5kW","bays":1,"bay_types":"LCCP","dedicated":false,"status":"installed","ward":"Church Street","cp_ids":"808048"}},{"type":"Feature","id":833,"geometry":{"type":"Point","coordinates":[-0.171707,51.525787]},"properties":{"site":"Frampton Street","location":"Side Of Gateway Academy","lamp_column":null,"operator":"TotalEnergies","speed_class":"fast","speeds":"22kW","bays":2,"bay_types":"EV Bay","dedicated":true,"status":"installed","ward":"Church Street","cp_ids":null}},{"type":"Feature","id":834,"geometry":{"type":"Point","coordinates":[-0.139185,51.494577]},"properties":{"site":"Francis Street","location":"At Or Outside 46","lamp_column":"13","operator":"Shell Recharge","speed_class":"lccp","speeds":"5.5kW","bays":1,"bay_types":"LCCP","dedicated":false,"status":"installed","ward":"Vincent Square","cp_ids":"801661"}},{"type":"Feature","id":835,"geometry":{"type":"Point","coordinates":[-0.13883,51.494675]},"properties":{"site":"Francis Street","location":"Opposite 46","lamp_column":"12","operator":"Shell Recharge","speed_class":"lccp","speeds":"5.5kW","bays":1,"bay_types":"LCCP","dedicated":false,"status":"installed","ward":"Vincent Square","cp_ids":"801662"}},{"type":"Feature","id":836,"geometry":{"type":"Point","coordinates":[-0.137257,51.495974]},"properties":{"site":"Francis Street","location":"Opposite Greencoat House","lamp_column":null,"operator":"TotalEnergies","speed_class":"fast","speeds":"22kW","bays":2,"bay_types":"EV Bay","dedicated":true,"status":"installed","ward":"Vincent Square","cp_ids":"TBC"}},{"type":"Feature","id":837,"geometry":{"type":"Point","coordinates":[-0.137179,51.496065]},"properties":{"site":"Francis Street","location":"Opposite Greencoat House","lamp_column":null,"operator":"TotalEnergies","speed_class":"fast","speeds":"22kW","bays":2,"bay_types":"EV Bay","dedicated":true,"status":"installed","ward":"Vincent Square","cp_ids":null}},{"type":"Feature","id":838,"geometry":{"type":"Point","coordinates":[-0.132543,51.49367]},"properties":{"site":"Fynes Street","location":"At Or Outside 2","lamp_column":"1","operator":"Shell Recharge","speed_class":"lccp","speeds":"5.5kW","bays":1,"bay_types":"LCCP - Dedicated","dedicated":true,"status":"installed","ward":"Vincent Square","cp_ids":"606759"}},{"type":"Feature","id":839,"geometry":{"type":"Point","coordinates":[-0.211139,51.528097]},"properties":{"site":"Galton Street","location":"At Or Outside 15-17","lamp_column":"4","operator":"Shell Recharge","speed_class":"lccp","speeds":"5.5kW","bays":1,"bay_types":"LCCP","dedicated":false,"status":"installed","ward":"Queen's Park","cp_ids":"605138"}},{"type":"Feature","id":840,"geometry":{"type":"Point","coordinates":[-0.210936,51.528407]},"properties":{"site":"Galton Street","location":"At Or Outside 30-32","lamp_column":"3","operator":"Shell Recharge","speed_class":"lccp","speeds":"5.5kW","bays":1,"bay_types":"LCCP - Dedicated","dedicated":true,"status":"installed","ward":"Queen's Park","cp_ids":"606535"}},{"type":"Feature","id":841,"geometry":{"type":"Point","coordinates":[-0.210825,51.528834]},"properties":{"site":"Galton Street","location":"At Or Outside 79","lamp_column":"1","operator":"Shell Recharge","speed_class":"lccp","speeds":"5.5kW","bays":1,"bay_types":"LCCP","dedicated":false,"status":"installed","ward":"Queen's Park","cp_ids":"605136"}},{"type":"Feature","id":842,"geometry":{"type":"Point","coordinates":[-0.211059,51.527919]},"properties":{"site":"Galton Street","location":"At Or Outside 8-10","lamp_column":"5","operator":"Shell Recharge","speed_class":"lccp","speeds":"5.5kW","bays":1,"bay_types":"LCCP","dedicated":false,"status":"installed","ward":"Queen's Park","cp_ids":"808111"}},{"type":"Feature","id":843,"geometry":{"type":"Point","coordinates":[-0.211111,51.527722]},"properties":{"site":"Galton Street","location":"Opposite Edf Sub Station 30176","lamp_column":"6","operator":"Shell Recharge","speed_class":"lccp","speeds":"5.5kW","bays":1,"bay_types":"LCCP - Dedicated","dedicated":true,"status":"installed","ward":"Queen's Park","cp_ids":"605079"}},{"type":"Feature","id":844,"geometry":{"type":"Point","coordinates":[-0.177958,51.531349]},"properties":{"site":"Garden Road","location":"At Or Outside Abbey House","lamp_column":"2","operator":"Shell Recharge","speed_class":"lccp","speeds":"5.5kW","bays":1,"bay_types":"LCCP","dedicated":false,"status":"installed","ward":"Abbey Road","cp_ids":"807961"}},{"type":"Feature","id":845,"geometry":{"type":"Point","coordinates":[-0.177613,51.531513]},"properties":{"site":"Garden Road","location":"At Or Outside Abbey House","lamp_column":"3","operator":"Shell Recharge","speed_class":"lccp","speeds":"5.5kW","bays":1,"bay_types":"LCCP","dedicated":false,"status":"installed","ward":"Abbey Road","cp_ids":"805147"}},{"type":"Feature","id":846,"geometry":{"type":"Point","coordinates":[-0.19178,51.51487]},"properties":{"site":"Garway Road","location":"Opposite 10","lamp_column":"3","operator":"Shell Recharge","speed_class":"lccp","speeds":"5.5kW","bays":1,"bay_types":"LCCP","dedicated":false,"status":"installed","ward":"Bayswater","cp_ids":"807417"}},{"type":"Feature","id":847,"geometry":{"type":"Point","coordinates":[-0.191833,51.515097]},"properties":{"site":"Garway Road","location":"Opposite 17-19","lamp_column":"2","operator":"Shell Recharge","speed_class":"lccp","speeds":"5.5kW","bays":1,"bay_types":"LCCP","dedicated":false,"status":"installed","ward":"Bayswater","cp_ids":"807419"}},{"type":"Feature","id":848,"geometry":{"type":"Point","coordinates":[-0.156792,51.517173]},"properties":{"site":"George Street","location":"O/S 77_x000d_\r\n","lamp_column":"16","operator":"Shell Recharge","speed_class":"lccp","speeds":"5.5kW","bays":1,"bay_types":"LCCP - Dedicated","dedicated":true,"status":"installed","ward":"Marylebone","cp_ids":"606552"}},{"type":"Feature","id":849,"geometry":{"type":"Point","coordinates":[-0.156245,51.517347]},"properties":{"site":"George Street","location":"Opposite 65","lamp_column":"17","operator":"Shell Recharge","speed_class":"lccp","speeds":"5.5kW","bays":1,"bay_types":"LCCP - Dedicated","dedicated":true,"status":"installed","ward":"Marylebone","cp_ids":"602521"}},{"type":"Feature","id":850,"geometry":{"type":"Point","coordinates":[-0.154724,51.517561]},"properties":{"site":"George Street","location":"Outside 35","lamp_column":null,"operator":"TotalEnergies","speed_class":"fast","speeds":"22kW","bays":2,"bay_types":"EV Bay","dedicated":true,"status":"installed","ward":"Marylebone","cp_ids":null}},{"type":"Feature","id":851,"geometry":{"type":"Point","coordinates":[-0.157996,51.517039]},"properties":{"site":"George Street","location":"Outside Portman Towers","lamp_column":null,"operator":"ESB","speed_class":"rapid","speeds":"50kW","bays":1,"bay_types":"EV Bay","dedicated":true,"status":"installed","ward":"Marylebone","cp_ids":"UT01Q4"}},{"type":"Feature","id":852,"geometry":{"type":"Point","coordinates":[-0.162045,51.516287]},"properties":{"site":"George Street","location":"S/O 45 Seymour Place","lamp_column":"5","operator":"Shell Recharge","speed_class":"lccp","speeds":"5.5kW","bays":1,"bay_types":"LCCP","dedicated":false,"status":"installed","ward":"Marylebone","cp_ids":"801849"}},{"type":"Feature","id":853,"geometry":{"type":"Point","coordinates":[-0.151692,51.493441]},"properties":{"site":"Gerald Road","location":"At Or Outside 14","lamp_column":"2","operator":"Shell Recharge","speed_class":"lccp","speeds":"5.5kW","bays":1,"bay_types":"LCCP","dedicated":false,"status":"installed","ward":"Knightsbridge & Belgravia","cp_ids":"805319"}},{"type":"Feature","id":854,"geometry":{"type":"Point","coordinates":[-0.1427,51.493414]},"properties":{"site":"Gillingham Street","location":"At Or Outside 38-44","lamp_column":"3","operator":"Shell Recharge","speed_class":"lccp","speeds":"5.5kW","bays":1,"bay_types":"LCCP","dedicated":false,"status":"installed","ward":"Pimlico North","cp_ids":"807568"}},{"type":"Feature","id":855,"geometry":{"type":"Point","coordinates":[-0.141471,51.493996]},"properties":{"site":"Gillingham Street","location":"Opposite 15","lamp_column":"6","operator":"Shell Recharge","speed_class":"lccp","speeds":"5.5kW","bays":1,"bay_types":"LCCP","dedicated":false,"status":"installed","ward":"Pimlico North","cp_ids":"807569"}},{"type":"Feature","id":856,"geometry":{"type":"Point","coordinates":[-0.143093,51.493151]},"properties":{"site":"Gillingham Street","location":"Outside 46","lamp_column":null,"operator":"TotalEnergies","speed_class":"fast","speeds":"22kW","bays":2,"bay_types":"EV Bay","dedicated":true,"status":"installed","ward":"Pimlico North","cp_ids":null}},{"type":"Feature","id":857,"geometry":{"type":"Point","coordinates":[-0.142796,51.486326]},"properties":{"site":"Glasgow Terrace","location":"At Or Outside 1 Lutyens House","lamp_column":"42","operator":"Shell Recharge","speed_class":"lccp","speeds":"5.5kW","bays":1,"bay_types":"LCCP","dedicated":false,"status":"installed","ward":"Pimlico South","cp_ids":"809501"}},{"type":"Feature","id":858,"geometry":{"type":"Point","coordinates":[-0.142842,51.486522]},"properties":{"site":"Glasgow Terrace","location":"At Or Outside 5 Lutyens House","lamp_column":"43","operator":"Shell Recharge","speed_class":"lccp","speeds":"5.5kW","bays":1,"bay_types":"LCCP","dedicated":false,"status":"installed","ward":"Pimlico South","cp_ids":"809503"}},{"type":"Feature","id":859,"geometry":{"type":"Point","coordinates":[-0.142892,51.486745]},"properties":{"site":"Glasgow Terrace","location":"At Or Outside Lutyens House","lamp_column":"44","operator":"Shell Recharge","speed_class":"lccp","speeds":"5.5kW","bays":1,"bay_types":"LCCP","dedicated":false,"status":"installed","ward":"Pimlico South","cp_ids":"809502"}},{"type":"Feature","id":860,"geometry":{"type":"Point","coordinates":[-0.159392,51.523786]},"properties":{"site":"Glentworth Street","location":"At Or Outside 169-189","lamp_column":"4","operator":"Shell Recharge","speed_class":"lccp","speeds":"5.5kW","bays":1,"bay_types":"LCCP","dedicated":false,"status":"installed","ward":"Regent's Park","cp_ids":"801106"}},{"type":"Feature","id":861,"geometry":{"type":"Point","coordinates":[-0.159141,51.522975]},"properties":{"site":"Glentworth Street","location":"At Or Outside 85-105","lamp_column":"7","operator":"Shell Recharge","speed_class":"lccp","speeds":"5.5kW","bays":1,"bay_types":"LCCP","dedicated":false,"status":"installed","ward":"Regent's Park","cp_ids":"801108"}},{"type":"Feature","id":862,"geometry":{"type":"Point","coordinates":[-0.158893,51.522374]},"properties":{"site":"Glentworth Street","location":"At Or Outside Phoenix Palace","lamp_column":"9","operator":"Shell Recharge","speed_class":"lccp","speeds":"5.5kW","bays":1,"bay_types":"LCCP - Dedicated","dedicated":true,"status":"installed","ward":"Regent's Park","cp_ids":"605306"}},{"type":"Feature","id":863,"geometry":{"type":"Point","coordinates":[-0.15965,51.524018]},"properties":{"site":"Glentworth Street","location":"Opposite Siddons Lane","lamp_column":"3","operator":"Shell Recharge","speed_class":"lccp","speeds":"5.5kW","bays":1,"bay_types":"LCCP","dedicated":false,"status":"installed","ward":"Regent's Park","cp_ids":"805029"}},{"type":"Feature","id":864,"geometry":{"type":"Point","coordinates":[-0.158908,51.522756]},"properties":{"site":"Glentworth Street","location":"Side Of Tesco","lamp_column":"8","operator":"Shell Recharge","speed_class":"lccp","speeds":"5.5kW","bays":1,"bay_types":"LCCP","dedicated":false,"status":"installed","ward":"Regent's Park","cp_ids":"807486"}},{"type":"Feature","id":865,"geometry":{"type":"Point","coordinates":[-0.157704,51.517234]},"properties":{"site":"Gloucester Place","location":"Loc: At Or Outside. Propno: 21. Position: On Kerb Edge.","lamp_column":"28","operator":"Shell Recharge","speed_class":"lccp","speeds":"5.5kW","bays":1,"bay_types":"LCCP - Dedicated","dedicated":true,"status":"installed","ward":"Marylebone","cp_ids":"603302"}},{"type":"Feature","id":866,"geometry":{"type":"Point","coordinates":[-0.157823,51.517506]},"properties":{"site":"Gloucester Place","location":"Loc: At Or Outside. Propno: 29. Position: On Kerb Edge.","lamp_column":"26","operator":"Shell Recharge","speed_class":"lccp","speeds":"5.5kW","bays":1,"bay_types":"LCCP","dedicated":false,"status":"installed","ward":"Marylebone","cp_ids":"807451"}},{"type":"Feature","id":867,"geometry":{"type":"Point","coordinates":[-0.157943,51.517759]},"properties":{"site":"Gloucester Place","location":"Loc: Near. Propno: 37. Position: On Kerb Edge.","lamp_column":"25","operator":"Shell Recharge","speed_class":"lccp","speeds":"5.5kW","bays":1,"bay_types":"LCCP","dedicated":false,"status":"installed","ward":"Marylebone","cp_ids":"603307"}},{"type":"Feature","id":868,"geometry":{"type":"Point","coordinates":[-0.158202,51.518395]},"properties":{"site":"Gloucester Place","location":"Outside 55","lamp_column":"22","operator":"Shell Recharge","speed_class":"lccp","speeds":"5.5kW","bays":1,"bay_types":"LCCP","dedicated":false,"status":"installed","ward":"Marylebone","cp_ids":"603305"}},{"type":"Feature","id":869,"geometry":{"type":"Point","coordinates":[-0.158042,51.517969]},"properties":{"site":"Gloucester Place","location":"Outside No. 45","lamp_column":"24","operator":"Shell Recharge","speed_class":"lccp","speeds":"5.5kW","bays":1,"bay_types":"LCCP","dedicated":false,"status":"installed","ward":"Marylebone","cp_ids":"603306"}},{"type":"Feature","id":870,"geometry":{"type":"Point","coordinates":[-0.16119,51.52519]},"properties":{"site":"Gloucester Place","location":"Outside Radley House, Gloucester Pl (Residents) Nw1 6dp","lamp_column":null,"operator":"TotalEnergies","speed_class":"fast","speeds":"22kW","bays":2,"bay_types":"EV Bay","dedicated":true,"status":"installed","ward":"Regent's Park","cp_ids":"TBC"}},{"type":"Feature","id":871,"geometry":{"type":"Point","coordinates":[-0.171516,51.514622]},"properties":{"site":"Gloucester Square","location":"At Or Outside 1-19","lamp_column":"5","operator":"Shell Recharge","speed_class":"lccp","speeds":"5.5kW","bays":1,"bay_types":"LCCP","dedicated":false,"status":"installed","ward":"Hyde Park","cp_ids":"807902"}},{"type":"Feature","id":872,"geometry":{"type":"Point","coordinates":[-0.171687,51.514527]},"properties":{"site":"Gloucester Square","location":"At Or Outside 1-19","lamp_column":"6","operator":"Shell Recharge","speed_class":"lccp","speeds":"5.5kW","bays":1,"bay_types":"LCCP","dedicated":false,"status":"installed","ward":"Hyde Park","cp_ids":"807903"}},{"type":"Feature","id":873,"geometry":{"type":"Point","coordinates":[-0.171333,51.514718]},"properties":{"site":"Gloucester Square","location":"At Or Outside 21-39","lamp_column":"4","operator":"Shell Recharge","speed_class":"lccp","speeds":"5.5kW","bays":1,"bay_types":"LCCP","dedicated":false,"status":"installed","ward":"Hyde Park","cp_ids":"802008"}},{"type":"Feature","id":874,"geometry":{"type":"Point","coordinates":[-0.17007,51.514394]},"properties":{"site":"Gloucester Square","location":"At Or Outside 43","lamp_column":"15","operator":"Shell Recharge","speed_class":"lccp","speeds":"5.5kW","bays":1,"bay_types":"LCCP","dedicated":false,"status":"installed","ward":"Hyde Park","cp_ids":"805134"}},{"type":"Feature","id":875,"geometry":{"type":"Point","coordinates":[-0.169833,51.514524]},"properties":{"site":"Gloucester Square","location":"At Or Outside 43a","lamp_column":"16","operator":"Shell Recharge","speed_class":"lccp","speeds":"5.5kW","bays":1,"bay_types":"LCCP","dedicated":false,"status":"installed","ward":"Hyde Park","cp_ids":"805137"}},{"type":"Feature","id":876,"geometry":{"type":"Point","coordinates":[-0.170809,51.513979]},"properties":{"site":"Gloucester Square","location":"At Or Outside 47/48","lamp_column":"12","operator":"Shell Recharge","speed_class":"lccp","speeds":"5.5kW","bays":1,"bay_types":"LCCP","dedicated":false,"status":"installed","ward":"Hyde Park","cp_ids":"805031"}},{"type":"Feature","id":877,"geometry":{"type":"Point","coordinates":[-0.17106,51.513839]},"properties":{"site":"Gloucester Square","location":"At Or Outside 50","lamp_column":"11","operator":"Shell Recharge","speed_class":"lccp","speeds":"5.5kW","bays":1,"bay_types":"LCCP","dedicated":false,"status":"installed","ward":"Hyde Park","cp_ids":"805003"}},{"type":"Feature","id":878,"geometry":{"type":"Point","coordinates":[-0.14031,51.490234]},"properties":{"site":"Gloucester Street","location":"At Or Outside 23","lamp_column":"3","operator":"Shell Recharge","speed_class":"lccp","speeds":"5.5kW","bays":1,"bay_types":"LCCP","dedicated":false,"status":"installed","ward":"Pimlico North","cp_ids":"805303"}},{"type":"Feature","id":879,"geometry":{"type":"Point","coordinates":[-0.141339,51.489221]},"properties":{"site":"Gloucester Street","location":"At Or Outside 50","lamp_column":"8","operator":"Shell Recharge","speed_class":"lccp","speeds":"5.5kW","bays":1,"bay_types":"LCCP","dedicated":false,"status":"installed","ward":"Pimlico North","cp_ids":"809209"}},{"type":"Feature","id":880,"geometry":{"type":"Point","coordinates":[-0.142564,51.488211]},"properties":{"site":"Gloucester Street","location":"At Or Outside 80a","lamp_column":"13","operator":"Shell Recharge","speed_class":"lccp","speeds":"5.5kW","bays":1,"bay_types":"LCCP","dedicated":false,"status":"installed","ward":"Pimlico South","cp_ids":"805308"}},{"type":"Feature","id":881,"geometry":{"type":"Point","coordinates":[-0.143268,51.487794]},"properties":{"site":"Gloucester Street","location":"At Or Outside 89","lamp_column":"16","operator":"Shell Recharge","speed_class":"lccp","speeds":"5.5kW","bays":1,"bay_types":"LCCP","dedicated":false,"status":"installed","ward":"Pimlico South","cp_ids":"809207"}},{"type":"Feature","id":882,"geometry":{"type":"Point","coordinates":[-0.139809,51.490493]},"properties":{"site":"Gloucester Street","location":"At Or Outside 9","lamp_column":"2","operator":"Shell Recharge","speed_class":"lccp","speeds":"5.5kW","bays":1,"bay_types":"LCCP","dedicated":false,"status":"installed","ward":"Pimlico North","cp_ids":"805298"}},{"type":"Feature","id":883,"geometry":{"type":"Point","coordinates":[-0.177056,51.512868]},"properties":{"site":"Gloucester Terrace","location":"At Or Outside 10/12","lamp_column":"43","operator":"Shell Recharge","speed_class":"lccp","speeds":"5.5kW","bays":1,"bay_types":"LCCP","dedicated":false,"status":"installed","ward":"Lancaster Gate","cp_ids":"801401"}},{"type":"Feature","id":884,"geometry":{"type":"Point","coordinates":[-0.18067,51.515416]},"properties":{"site":"Gloucester Terrace","location":"At Or Outside 100","lamp_column":"29","operator":"Shell Recharge","speed_class":"lccp","speeds":"5.5kW","bays":1,"bay_types":"LCCP","dedicated":false,"status":"installed","ward":"Lancaster Gate","cp_ids":"808123"}},{"type":"Feature","id":885,"geometry":{"type":"Point","coordinates":[-0.186716,51.518177]},"properties":{"site":"Gloucester Terrace","location":"At Or Outside 11","lamp_column":"6","operator":"Shell Recharge","speed_class":"lccp","speeds":"5.5kW","bays":1,"bay_types":"LCCP","dedicated":false,"status":"installed","ward":"Bayswater","cp_ids":"808133"}},{"type":"Feature","id":886,"geometry":{"type":"Point","coordinates":[-0.184654,51.518014]},"properties":{"site":"Gloucester Terrace","location":"At Or Outside 178-180","lamp_column":"12","operator":"Shell Recharge","speed_class":"lccp","speeds":"5.5kW","bays":1,"bay_types":"LCCP - Dedicated","dedicated":true,"status":"installed","ward":"Bayswater","cp_ids":"601636"}},{"type":"Feature","id":887,"geometry":{"type":"Point","coordinates":[-0.187292,51.518027]},"properties":{"site":"Gloucester Terrace","location":"At Or Outside 18","lamp_column":"4","operator":"Shell Recharge","speed_class":"lccp","speeds":"5.5kW","bays":1,"bay_types":"LCCP","dedicated":false,"status":"installed","ward":"Bayswater","cp_ids":"606584"}},{"type":"Feature","id":888,"geometry":{"type":"Point","coordinates":[-0.185399,51.518249]},"properties":{"site":"Gloucester Terrace","location":"At Or Outside 200","lamp_column":"10","operator":"Shell Recharge","speed_class":"lccp","speeds":"5.5kW","bays":1,"bay_types":"LCCP","dedicated":false,"status":"installed","ward":"Bayswater","cp_ids":"808129"}},{"type":"Feature","id":889,"geometry":{"type":"Point","coordinates":[-0.185729,51.518309]},"properties":{"site":"Gloucester Terrace","location":"At Or Outside 208","lamp_column":"9","operator":"Shell Recharge","speed_class":"lccp","speeds":"5.5kW","bays":1,"bay_types":"LCCP","dedicated":false,"status":"installed","ward":"Bayswater","cp_ids":"808125"}},{"type":"Feature","id":890,"geometry":{"type":"Point","coordinates":[-0.187704,51.518046]},"properties":{"site":"Gloucester Terrace","location":"At Or Outside 248-250","lamp_column":"3","operator":"Shell Recharge","speed_class":"lccp","speeds":"5.5kW","bays":1,"bay_types":"LCCP","dedicated":false,"status":"installed","ward":"Bayswater","cp_ids":"808131"}},{"type":"Feature","id":891,"geometry":{"type":"Point","coordinates":[-0.187995,51.517843]},"properties":{"site":"Gloucester Terrace","location":"At Or Outside 25","lamp_column":"2","operator":"Shell Recharge","speed_class":"lccp","speeds":"5.5kW","bays":1,"bay_types":"LCCP","dedicated":false,"status":"installed","ward":"Bayswater","cp_ids":"808127"}},{"type":"Feature","id":892,"geometry":{"type":"Point","coordinates":[-0.178943,51.514207]},"properties":{"site":"Gloucester Terrace","location":"At Or Outside 54","lamp_column":"36","operator":"Shell Recharge","speed_class":"lccp","speeds":"5.5kW","bays":1,"bay_types":"LCCP - Dedicated","dedicated":true,"status":"installed","ward":"Lancaster Gate","cp_ids":"606591"}},{"type":"Feature","id":893,"geometry":{"type":"Point","coordinates":[-0.18265,51.516789]},"properties":{"site":"Gloucester Terrace","location":"At Or Outside 54/56","lamp_column":"20","operator":"Shell Recharge","speed_class":"lccp","speeds":"5.5kW","bays":1,"bay_types":"LCCP - Dedicated","dedicated":true,"status":"installed","ward":"Lancaster Gate","cp_ids":"605294"}},{"type":"Feature","id":894,"geometry":{"type":"Point","coordinates":[-0.176215,51.512141]},"properties":{"site":"Gloucester Terrace","location":"At Or Outside Gilray House 1-12","lamp_column":"46","operator":"Shell Recharge","speed_class":"lccp","speeds":"5.5kW","bays":1,"bay_types":"LCCP - Dedicated","dedicated":true,"status":"installed","ward":"Lancaster Gate","cp_ids":"606599"}},{"type":"Feature","id":895,"geometry":{"type":"Point","coordinates":[-0.176885,51.512609]},"properties":{"site":"Gloucester Terrace","location":"At Or Outside Gilray House 25-36","lamp_column":"44","operator":"Shell Recharge","speed_class":"lccp","speeds":"5.5kW","bays":1,"bay_types":"LCCP","dedicated":false,"status":"installed","ward":"Lancaster Gate","cp_ids":"801410"}},{"type":"Feature","id":896,"geometry":{"type":"Point","coordinates":[-0.179427,51.514355]},"properties":{"site":"Gloucester Terrace","location":"O/S No.97","lamp_column":"35","operator":"Shell Recharge","speed_class":"lccp","speeds":"5.5kW","bays":1,"bay_types":"LCCP","dedicated":false,"status":"installed","ward":"Lancaster Gate","cp_ids":"606681"}},{"type":"Feature","id":897,"geometry":{"type":"Point","coordinates":[-0.179869,51.514854]},"properties":{"site":"Gloucester Terrace","location":"Opposite 117","lamp_column":"33","operator":"Shell Recharge","speed_class":"lccp","speeds":"5.5kW","bays":1,"bay_types":"LCCP - Dedicated","dedicated":true,"status":"installed","ward":"Lancaster Gate","cp_ids":"606590"}},{"type":"Feature","id":898,"geometry":{"type":"Point","coordinates":[-0.183057,51.516881]},"properties":{"site":"Gloucester Terrace","location":"Opposite 162","lamp_column":"19","operator":"Shell Recharge","speed_class":"lccp","speeds":"5.5kW","bays":1,"bay_types":"LCCP","dedicated":false,"status":"installed","ward":"Lancaster Gate","cp_ids":"808121"}},{"type":"Feature","id":899,"geometry":{"type":"Point","coordinates":[-0.17748,51.513018]},"properties":{"site":"Gloucester Terrace","location":"Opposite 18","lamp_column":"42","operator":"Shell Recharge","speed_class":"lccp","speeds":"5.5kW","bays":1,"bay_types":"LCCP","dedicated":false,"status":"installed","ward":"Lancaster Gate","cp_ids":"808124"}},{"type":"Feature","id":900,"geometry":{"type":"Point","coordinates":[-0.177915,51.513341]},"properties":{"site":"Gloucester Terrace","location":"Opposite Westbourne Crescent.","lamp_column":"40","operator":"Shell Recharge","speed_class":"lccp","speeds":"5.5kW","bays":1,"bay_types":"LCCP - Dedicated","dedicated":true,"status":"installed","ward":"Lancaster Gate","cp_ids":"603327"}},{"type":"Feature","id":901,"geometry":{"type":"Point","coordinates":[-0.188386,51.51782]},"properties":{"site":"Gloucester Terrace","location":"Outside  No. 199","lamp_column":null,"operator":"TotalEnergies","speed_class":"fast","speeds":"22kW","bays":2,"bay_types":"EV Bay","dedicated":true,"status":"installed","ward":"Bayswater","cp_ids":null}},{"type":"Feature","id":902,"geometry":{"type":"Point","coordinates":[-0.181135,51.51557]},"properties":{"site":"Gloucester Terrace","location":"Outside No. 143-145","lamp_column":"28","operator":"Shell Recharge","speed_class":"lccp","speeds":"5.5kW","bays":1,"bay_types":"LCCP - Dedicated","dedicated":true,"status":"installed","ward":"Lancaster Gate","cp_ids":"603329"}},{"type":"Feature","id":903,"geometry":{"type":"Point","coordinates":[-0.137735,51.511739]},"properties":{"site":"Golden Square","location":"Outside 33","lamp_column":null,"operator":"TotalEnergies","speed_class":"fast","speeds":"22kW","bays":2,"bay_types":"EV Bay","dedicated":true,"status":"installed","ward":"West End","cp_ids":"9860001634"}},{"type":"Feature","id":904,"geometry":{"type":"Point","coordinates":[-0.196524,51.524611]},"properties":{"site":"Goldney Road","location":"At Or Outside 51","lamp_column":"3","operator":"Shell Recharge","speed_class":"lccp","speeds":"5.5kW","bays":1,"bay_types":"LCCP","dedicated":false,"status":"installed","ward":"Harrow Road","cp_ids":"806955"}},{"type":"Feature","id":905,"geometry":{"type":"Point","coordinates":[-0.195065,51.52386]},"properties":{"site":"Goldney Road","location":"At Or Outside 6","lamp_column":"8","operator":"Shell Recharge","speed_class":"lccp","speeds":"5.5kW","bays":1,"bay_types":"LCCP","dedicated":false,"status":"installed","ward":"Harrow Road","cp_ids":"805160"}},{"type":"Feature","id":906,"geometry":{"type":"Point","coordinates":[-0.195321,51.52406]},"properties":{"site":"Goldney Road","location":"At Or Outside Elmfield House","lamp_column":"7","operator":"Shell Recharge","speed_class":"lccp","speeds":"5.5kW","bays":1,"bay_types":"LCCP","dedicated":false,"status":"installed","ward":"Harrow Road","cp_ids":"806959"}},{"type":"Feature","id":907,"geometry":{"type":"Point","coordinates":[-0.152987,51.49253]},"properties":{"site":"Graham Terrace","location":"Graham Terrace S/O 74 Eaton Terrace (Sign)","lamp_column":"S10","operator":"Shell Recharge","speed_class":"lccp","speeds":"5.5kW","bays":1,"bay_types":"LCCP","dedicated":false,"status":"installed","ward":"Knightsbridge & Belgravia","cp_ids":"807584"}},{"type":"Feature","id":908,"geometry":{"type":"Point","coordinates":[-0.155047,51.491104]},"properties":{"site":"Graham Terrace","location":"Opposite St Michael Mews","lamp_column":"2","operator":"Shell Recharge","speed_class":"lccp","speeds":"5.5kW","bays":1,"bay_types":"LCCP","dedicated":false,"status":"installed","ward":"Knightsbridge & Belgravia","cp_ids":"801670"}},{"type":"Feature","id":909,"geometry":{"type":"Point","coordinates":[-0.190604,51.528839]},"properties":{"site":"Grantully Road","location":"At Or Outside 41-48 Leigh Mansions","lamp_column":"4","operator":"Shell Recharge","speed_class":"lccp","speeds":"5.5kW","bays":1,"bay_types":"LCCP - Dedicated","dedicated":true,"status":"installed","ward":"Maida Vale","cp_ids":"605239"}},{"type":"Feature","id":910,"geometry":{"type":"Point","coordinates":[-0.188352,51.52989]},"properties":{"site":"Grantully Road","location":"At Or Outside 75-83 Ashworth Mansions","lamp_column":"10","operator":"Shell Recharge","speed_class":"lccp","speeds":"5.5kW","bays":1,"bay_types":"LCCP - Dedicated","dedicated":true,"status":"installed","ward":"Maida Vale","cp_ids":"605243"}},{"type":"Feature","id":911,"geometry":{"type":"Point","coordinates":[-0.191221,51.528549]},"properties":{"site":"Grantully Road","location":"At Or Outside 81-88 Leigh Mansions","lamp_column":"2","operator":"Shell Recharge","speed_class":"lccp","speeds":"5.5kW","bays":1,"bay_types":"LCCP","dedicated":false,"status":"installed","ward":"Maida Vale","cp_ids":"605242"}},{"type":"Feature","id":912,"geometry":{"type":"Point","coordinates":[-0.15991,51.515138]},"properties":{"site":"Great Cumberland Place","location":"At Or Outside 29","lamp_column":"7","operator":"Shell Recharge","speed_class":"lccp","speeds":"5.5kW","bays":1,"bay_types":"LCCP - Dedicated","dedicated":true,"status":"installed","ward":"Marylebone","cp_ids":"603328"}},{"type":"Feature","id":913,"geometry":{"type":"Point","coordinates":[-0.160384,51.516172]},"properties":{"site":"Great Cumberland Place","location":"At Or Outside 53","lamp_column":"3","operator":"Shell Recharge","speed_class":"lccp","speeds":"5.5kW","bays":1,"bay_types":"LCCP - Dedicated","dedicated":true,"status":"installed","ward":"Marylebone","cp_ids":"603326"}},{"type":"Feature","id":914,"geometry":{"type":"Point","coordinates":[-0.159703,51.515029]},"properties":{"site":"Great Cumberland Place","location":"Opposite 29 Great Cumberland Place (Pay-By-Phone) W1h 7lf","lamp_column":null,"operator":"TotalEnergies","speed_class":"fast","speeds":"7kW","bays":2,"bay_types":"EV Bay","dedicated":true,"status":"installed","ward":"Marylebone","cp_ids":"TBC"}},{"type":"Feature","id":915,"geometry":{"type":"Point","coordinates":[-0.138438,51.51456]},"properties":{"site":"Great Marlborough Street","location":"At Or Outside 13","lamp_column":"13","operator":"Shell Recharge","speed_class":"lccp","speeds":"5.5kW","bays":1,"bay_types":"LCCP","dedicated":false,"status":"installed","ward":"West End","cp_ids":"806416"}},{"type":"Feature","id":916,"geometry":{"type":"Point","coordinates":[-0.12793,51.511849]},"properties":{"site":"Great Newport Street","location":"Outside 10 - 11","lamp_column":null,"operator":"To be confirmed","speed_class":"rapid","speeds":"50-100kW","bays":1,"bay_types":"EV Bay","dedicated":true,"status":"planned","ward":"St James's","cp_ids":null}},{"type":"Feature","id":917,"geometry":{"type":"Point","coordinates":[-0.126905,51.496991]},"properties":{"site":"Great Peter Street","location":"At Or Outside 10","lamp_column":"19","operator":"Shell Recharge","speed_class":"lccp","speeds":"5.5kW","bays":1,"bay_types":"LCCP","dedicated":false,"status":"installed","ward":"St James's","cp_ids":"807563"}},{"type":"Feature","id":918,"geometry":{"type":"Point","coordinates":[-0.12729,51.496898]},"properties":{"site":"Great Peter Street","location":"At Or Outside 32","lamp_column":"18","operator":"Shell Recharge","speed_class":"lccp","speeds":"5.5kW","bays":1,"bay_types":"LCCP - Dedicated","dedicated":true,"status":"installed","ward":"St James's","cp_ids":"602518"}},{"type":"Feature","id":919,"geometry":{"type":"Point","coordinates":[-0.132707,51.496775]},"properties":{"site":"Great Peter Street","location":"At Or Outside H 1 To 26","lamp_column":"3","operator":"Shell Recharge","speed_class":"lccp","speeds":"5.5kW","bays":1,"bay_types":"LCCP - Dedicated","dedicated":true,"status":"installed","ward":"St James's","cp_ids":"605417"}},{"type":"Feature","id":920,"geometry":{"type":"Point","coordinates":[-0.127685,51.496886]},"properties":{"site":"Great Peter Street","location":"Near C/O Gayfere Street","lamp_column":"17","operator":"Shell Recharge","speed_class":"lccp","speeds":"5.5kW","bays":1,"bay_types":"LCCP","dedicated":false,"status":"installed","ward":"St James's","cp_ids":"809508"}},{"type":"Feature","id":921,"geometry":{"type":"Point","coordinates":[-0.12803,51.496879]},"properties":{"site":"Great Peter Street","location":"Outside 29/31","lamp_column":"16","operator":"Shell Recharge","speed_class":"lccp","speeds":"5.5kW","bays":1,"bay_types":"LCCP","dedicated":false,"status":"installed","ward":"St James's","cp_ids":"602157"}},{"type":"Feature","id":922,"geometry":{"type":"Point","coordinates":[-0.129236,51.496979]},"properties":{"site":"Great Peter Street","location":"Outside Westminster Mansions","lamp_column":"13","operator":"Shell Recharge","speed_class":"lccp","speeds":"5.5kW","bays":1,"bay_types":"LCCP","dedicated":false,"status":"installed","ward":"St James's","cp_ids":"807156"}},{"type":"Feature","id":923,"geometry":{"type":"Point","coordinates":[-0.128436,51.496973]},"properties":{"site":"Great Peter Street","location":"Side Of 15 Tufton Street","lamp_column":"15","operator":"Shell Recharge","speed_class":"lccp","speeds":"5.5kW","bays":1,"bay_types":"LCCP","dedicated":false,"status":"installed","ward":"St James's","cp_ids":"807560"}},{"type":"Feature","id":924,"geometry":{"type":"Point","coordinates":[-0.128715,51.496886]},"properties":{"site":"Great Peter Street","location":"Side Of 24 Tugton Street","lamp_column":"14","operator":"Shell Recharge","speed_class":"lccp","speeds":"5.5kW","bays":1,"bay_types":"LCCP - Dedicated","dedicated":true,"status":"installed","ward":"St James's","cp_ids":"602155"}},{"type":"Feature","id":925,"geometry":{"type":"Point","coordinates":[-0.130143,51.496888]},"properties":{"site":"Great Peter Street","location":null,"lamp_column":null,"operator":"To be confirmed","speed_class":"rapid","speeds":"50kW","bays":1,"bay_types":"EV Bay","dedicated":true,"status":"planned","ward":"St James's","cp_ids":"TBC"}},{"type":"Feature","id":926,"geometry":{"type":"Point","coordinates":[-0.14259,51.519584]},"properties":{"site":"Great Portland Street","location":"At Or Outside No.7","lamp_column":"22","operator":"Shell Recharge","speed_class":"lccp","speeds":"5.5kW","bays":1,"bay_types":"LCCP - Dedicated","dedicated":true,"status":"installed","ward":"West End","cp_ids":"605467"}},{"type":"Feature","id":927,"geometry":{"type":"Point","coordinates":[-0.14111,51.519784]},"properties":{"site":"Great Titchfield Street","location":"At Or Outside 108","lamp_column":"19","operator":"Shell Recharge","speed_class":"lccp","speeds":"5.5kW","bays":1,"bay_types":"LCCP","dedicated":false,"status":"installed","ward":"West End","cp_ids":"807213"}},{"type":"Feature","id":928,"geometry":{"type":"Point","coordinates":[-0.141947,51.521393]},"properties":{"site":"Great Titchfield Street","location":"At Or Outside 131-151","lamp_column":"9","operator":"Shell Recharge","speed_class":"lccp","speeds":"5.5kW","bays":1,"bay_types":"LCCP","dedicated":false,"status":"installed","ward":"West End","cp_ids":"807228"}},{"type":"Feature","id":929,"geometry":{"type":"Point","coordinates":[-0.142202,51.521963]},"properties":{"site":"Great Titchfield Street","location":"At Or Outside 153","lamp_column":"6","operator":"Shell Recharge","speed_class":"lccp","speeds":"5.5kW","bays":1,"bay_types":"LCCP","dedicated":false,"status":"installed","ward":"West End","cp_ids":"801814"}},{"type":"Feature","id":930,"geometry":{"type":"Point","coordinates":[-0.141145,51.519593]},"properties":{"site":"Great Titchfield Street","location":"At Or Outside 83","lamp_column":"20","operator":"Shell Recharge","speed_class":"lccp","speeds":"5.5kW","bays":1,"bay_types":"LCCP","dedicated":false,"status":"installed","ward":"West End","cp_ids":"807211"}},{"type":"Feature","id":931,"geometry":{"type":"Point","coordinates":[-0.140947,51.519425]},"properties":{"site":"Great Titchfield Street","location":"At Or Outside 90-92","lamp_column":"21","operator":"Shell Recharge","speed_class":"lccp","speeds":"5.5kW","bays":1,"bay_types":"LCCP","dedicated":false,"status":"installed","ward":"West End","cp_ids":"801808"}},{"type":"Feature","id":932,"geometry":{"type":"Point","coordinates":[-0.141298,51.519925]},"properties":{"site":"Great Titchfield Street","location":"At Or Outside 95","lamp_column":"18","operator":"Shell Recharge","speed_class":"lccp","speeds":"5.5kW","bays":1,"bay_types":"LCCP","dedicated":false,"status":"installed","ward":"West End","cp_ids":"801810"}},{"type":"Feature","id":933,"geometry":{"type":"Point","coordinates":[-0.141562,51.520801]},"properties":{"site":"Great Titchfield Street","location":"Opposite 119","lamp_column":"13","operator":"Shell Recharge","speed_class":"lccp","speeds":"5.5kW","bays":1,"bay_types":"LCCP","dedicated":false,"status":"installed","ward":"West End","cp_ids":"807224"}},{"type":"Feature","id":934,"geometry":{"type":"Point","coordinates":[-0.141804,51.521296]},"properties":{"site":"Great Titchfield Street","location":"Opposite 131 To 151","lamp_column":null,"operator":"TotalEnergies","speed_class":"fast","speeds":"22kW","bays":2,"bay_types":"EV Bay","dedicated":true,"status":"installed","ward":"West End","cp_ids":null}},{"type":"Feature","id":935,"geometry":{"type":"Point","coordinates":[-0.14201,51.521825]},"properties":{"site":"Great Titchfield Street","location":"Opposite 153","lamp_column":"7","operator":"Shell Recharge","speed_class":"lccp","speeds":"5.5kW","bays":1,"bay_types":"LCCP","dedicated":false,"status":"installed","ward":"West End","cp_ids":"807220"}},{"type":"Feature","id":936,"geometry":{"type":"Point","coordinates":[-0.1425,51.522646]},"properties":{"site":"Great Titchfield Street","location":"Opposite 186","lamp_column":"2","operator":"Shell Recharge","speed_class":"lccp","speeds":"5.5kW","bays":1,"bay_types":"LCCP","dedicated":false,"status":"installed","ward":"West End","cp_ids":"801812"}},{"type":"Feature","id":937,"geometry":{"type":"Point","coordinates":[-0.142378,51.522367]},"properties":{"site":"Great Titchfield Street","location":"Side Of Holiday Inn","lamp_column":"4","operator":"Shell Recharge","speed_class":"lccp","speeds":"5.5kW","bays":1,"bay_types":"LCCP","dedicated":false,"status":"installed","ward":"West End","cp_ids":"807227"}},{"type":"Feature","id":938,"geometry":{"type":"Point","coordinates":[-0.199277,51.519569]},"properties":{"site":"Great Western Road","location":"At Or O/S Culham House","lamp_column":"12","operator":"Shell Recharge","speed_class":"lccp","speeds":"5.5kW","bays":1,"bay_types":"LCCP","dedicated":false,"status":"installed","ward":"Westbourne","cp_ids":"809342"}},{"type":"Feature","id":939,"geometry":{"type":"Point","coordinates":[-0.198771,51.519024]},"properties":{"site":"Great Western Road","location":"At Or Outsdie Devonport House","lamp_column":"7","operator":"Shell Recharge","speed_class":"lccp","speeds":"5.5kW","bays":1,"bay_types":"LCCP","dedicated":false,"status":"installed","ward":"Westbourne","cp_ids":"809205"}},{"type":"Feature","id":940,"geometry":{"type":"Point","coordinates":[-0.199711,51.52004]},"properties":{"site":"Great Western Road","location":"At Or Outside 1 - 12","lamp_column":"16","operator":"Shell Recharge","speed_class":"lccp","speeds":"5.5kW","bays":1,"bay_types":"LCCP - Dedicated","dedicated":true,"status":"installed","ward":"Westbourne","cp_ids":"809341"}},{"type":"Feature","id":941,"geometry":{"type":"Point","coordinates":[-0.199685,51.519744]},"properties":{"site":"Great Western Road","location":"At Or Outside 126-162, Opposite Combe House","lamp_column":"13","operator":"Shell Recharge","speed_class":"lccp","speeds":"5.5kW","bays":1,"bay_types":"LCCP","dedicated":false,"status":"installed","ward":"Westbourne","cp_ids":"809345"}},{"type":"Feature","id":942,"geometry":{"type":"Point","coordinates":[-0.199454,51.519495]},"properties":{"site":"Great Western Road","location":"At Or Outside 146-164","lamp_column":"11","operator":"Shell Recharge","speed_class":"lccp","speeds":"5.5kW","bays":1,"bay_types":"LCCP","dedicated":false,"status":"installed","ward":"Westbourne","cp_ids":"809344"}},{"type":"Feature","id":943,"geometry":{"type":"Point","coordinates":[-0.200073,51.52016]},"properties":{"site":"Great Western Road","location":"At Or Outside 66-84","lamp_column":"17","operator":"Shell Recharge","speed_class":"lccp","speeds":"5.5kW","bays":1,"bay_types":"LCCP","dedicated":false,"status":"installed","ward":"Westbourne","cp_ids":"807703"}},{"type":"Feature","id":944,"geometry":{"type":"Point","coordinates":[-0.199896,51.51997]},"properties":{"site":"Great Western Road","location":"At Or Outside 86-104","lamp_column":"15","operator":"Shell Recharge","speed_class":"lccp","speeds":"5.5kW","bays":1,"bay_types":"LCCP","dedicated":false,"status":"installed","ward":"Westbourne","cp_ids":"809343"}},{"type":"Feature","id":945,"geometry":{"type":"Point","coordinates":[-0.198653,51.518895]},"properties":{"site":"Great Western Road","location":"At Or Outside Hanwell House","lamp_column":"5","operator":"Shell Recharge","speed_class":"lccp","speeds":"5.5kW","bays":1,"bay_types":"LCCP","dedicated":false,"status":"installed","ward":"Westbourne","cp_ids":"809202"}},{"type":"Feature","id":946,"geometry":{"type":"Point","coordinates":[-0.199517,51.519826]},"properties":{"site":"Great Western Road","location":"Outside Combe House","lamp_column":"14","operator":"Shell Recharge","speed_class":"lccp","speeds":"5.5kW","bays":1,"bay_types":"LCCP - Dedicated","dedicated":true,"status":"installed","ward":"Westbourne","cp_ids":"809831"}},{"type":"Feature","id":947,"geometry":{"type":"Point","coordinates":[-0.156284,51.512421]},"properties":{"site":"Green Street","location":"At Or Outside 44","lamp_column":"9","operator":"Shell Recharge","speed_class":"lccp","speeds":"5.5kW","bays":1,"bay_types":"LCCP","dedicated":false,"status":"installed","ward":"West End","cp_ids":"801998"}},{"type":"Feature","id":948,"geometry":{"type":"Point","coordinates":[-0.154273,51.512788]},"properties":{"site":"Green Street","location":"Opposite 7","lamp_column":"3","operator":"Shell Recharge","speed_class":"lccp","speeds":"5.5kW","bays":1,"bay_types":"LCCP","dedicated":false,"status":"installed","ward":"West End","cp_ids":"807526"}},{"type":"Feature","id":949,"geometry":{"type":"Point","coordinates":[-0.168649,51.532482]},"properties":{"site":"Greenberry Street","location":"Side Of 1 Greenberry Streetv","lamp_column":"1a","operator":"Shell Recharge","speed_class":"lccp","speeds":"5.5kW","bays":1,"bay_types":"LCCP","dedicated":false,"status":"installed","ward":"Regent's Park","cp_ids":"606965"}},{"type":"Feature","id":950,"geometry":{"type":"Point","coordinates":[-0.168028,51.531658]},"properties":{"site":"Greenberry Street","location":"Side Of 1-12 Hannover House","lamp_column":"6","operator":"Shell Recharge","speed_class":"lccp","speeds":"5.5kW","bays":1,"bay_types":"LCCP","dedicated":false,"status":"installed","ward":"Regent's Park","cp_ids":"606964"}},{"type":"Feature","id":951,"geometry":{"type":"Point","coordinates":[-0.135863,51.49605]},"properties":{"site":"Greencoat Place","location":"Opposite 8","lamp_column":"3","operator":"Shell Recharge","speed_class":"lccp","speeds":"5.5kW","bays":1,"bay_types":"LCCP","dedicated":false,"status":"installed","ward":"Vincent Square","cp_ids":"801660"}},{"type":"Feature","id":952,"geometry":{"type":"Point","coordinates":[-0.137952,51.493941]},"properties":{"site":"Greencoat Place","location":"Opposite 9-12","lamp_column":"16","operator":"Shell Recharge","speed_class":"lccp","speeds":"5.5kW","bays":1,"bay_types":"LCCP","dedicated":false,"status":"installed","ward":"Vincent Square","cp_ids":"807151"}},{"type":"Feature","id":953,"geometry":{"type":"Point","coordinates":[-0.138373,51.493692]},"properties":{"site":"Greencoat Place","location":"Opposite Willow Place","lamp_column":"18","operator":"Shell Recharge","speed_class":"lccp","speeds":"5.5kW","bays":1,"bay_types":"LCCP","dedicated":false,"status":"installed","ward":"Vincent Square","cp_ids":"801351"}},{"type":"Feature","id":954,"geometry":{"type":"Point","coordinates":[-0.142533,51.523003]},"properties":{"site":"Greenwell Street","location":"Opposite Junction Great Titchfield Street","lamp_column":"3","operator":"Shell Recharge","speed_class":"lccp","speeds":"5.5kW","bays":1,"bay_types":"LCCP","dedicated":false,"status":"installed","ward":"West End","cp_ids":"807229"}},{"type":"Feature","id":955,"geometry":{"type":"Point","coordinates":[-0.185676,51.535239]},"properties":{"site":"Greville Road","location":"Near Clifton Hill Road","lamp_column":"5","operator":"Shell Recharge","speed_class":"lccp","speeds":"5.5kW","bays":1,"bay_types":"LCCP","dedicated":false,"status":"installed","ward":"Abbey Road","cp_ids":"801638"}},{"type":"Feature","id":956,"geometry":{"type":"Point","coordinates":[-0.196361,51.525988]},"properties":{"site":"Grittleton Road","location":"At Or Outside 11","lamp_column":"4","operator":"Shell Recharge","speed_class":"lccp","speeds":"5.5kW","bays":1,"bay_types":"LCCP","dedicated":false,"status":"installed","ward":"Maida Vale","cp_ids":"606656"}},{"type":"Feature","id":957,"geometry":{"type":"Point","coordinates":[-0.196843,51.526181]},"properties":{"site":"Grittleton Road","location":"At Or Outside 25","lamp_column":"2","operator":"Shell Recharge","speed_class":"lccp","speeds":"5.5kW","bays":1,"bay_types":"LCCP","dedicated":false,"status":"installed","ward":"Maida Vale","cp_ids":"606655"}},{"type":"Feature","id":958,"geometry":{"type":"Point","coordinates":[-0.196758,51.526067]},"properties":{"site":"Grittleton Road","location":"At Or Outside 8","lamp_column":"3","operator":"Shell Recharge","speed_class":"lccp","speeds":"5.5kW","bays":1,"bay_types":"LCCP","dedicated":false,"status":"installed","ward":"Maida Vale","cp_ids":"605484"}},{"type":"Feature","id":959,"geometry":{"type":"Point","coordinates":[-0.196163,51.525761]},"properties":{"site":"Grittleton Road","location":"Side Of Elgin Avenue","lamp_column":"5","operator":"Shell Recharge","speed_class":"lccp","speeds":"5.5kW","bays":1,"bay_types":"LCCP","dedicated":false,"status":"installed","ward":"Maida Vale","cp_ids":"807176"}},{"type":"Feature","id":960,"geometry":{"type":"Point","coordinates":[-0.15325,51.501566]},"properties":{"site":"Grosvenor Crescent","location":"At Or Outside 13/14","lamp_column":"6","operator":"Shell Recharge","speed_class":"lccp","speeds":"5.5kW","bays":1,"bay_types":"LCCP","dedicated":false,"status":"installed","ward":"Knightsbridge & Belgravia","cp_ids":"806699"}},{"type":"Feature","id":961,"geometry":{"type":"Point","coordinates":[-0.153303,51.50118]},"properties":{"site":"Grosvenor Crescent","location":"At Or Outside 16","lamp_column":"9","operator":"Shell Recharge","speed_class":"lccp","speeds":"5.5kW","bays":1,"bay_types":"LCCP","dedicated":false,"status":"installed","ward":"Knightsbridge & Belgravia","cp_ids":null}},{"type":"Feature","id":962,"geometry":{"type":"Point","coordinates":[-0.15365,51.500849]},"properties":{"site":"Grosvenor Crescent","location":"Opposite 17","lamp_column":"10","operator":"Shell Recharge","speed_class":"lccp","speeds":"5.5kW","bays":1,"bay_types":"LCCP","dedicated":false,"status":"installed","ward":"Knightsbridge & Belgravia","cp_ids":null}},{"type":"Feature","id":963,"geometry":{"type":"Point","coordinates":[-0.147994,51.497807]},"properties":{"site":"Grosvenor Gardens","location":"At Or Outside. Propno: 2/4. Position: On Kerb Edge.","lamp_column":"13","operator":"Shell Recharge","speed_class":"lccp","speeds":"5.5kW","bays":1,"bay_types":"LCCP","dedicated":false,"status":"installed","ward":"Knightsbridge & Belgravia","cp_ids":"809499"}},{"type":"Feature","id":964,"geometry":{"type":"Point","coordinates":[-0.146981,51.49742]},"properties":{"site":"Grosvenor Gardens","location":"At Or Outside. Propno: 22. Position: On Kerb Edge.","lamp_column":"10","operator":"Shell Recharge","speed_class":"lccp","speeds":"5.5kW","bays":1,"bay_types":"LCCP","dedicated":false,"status":"installed","ward":"Knightsbridge & Belgravia","cp_ids":"807566"}},{"type":"Feature","id":965,"geometry":{"type":"Point","coordinates":[-0.147728,51.497707]},"properties":{"site":"Grosvenor Gardens","location":"At Or Outside. Propno: 6. Position: On Kerb Edge.","lamp_column":"12","operator":"Shell Recharge","speed_class":"lccp","speeds":"5.5kW","bays":1,"bay_types":"LCCP","dedicated":false,"status":"installed","ward":"Knightsbridge & Belgravia","cp_ids":"809318"}},{"type":"Feature","id":966,"geometry":{"type":"Point","coordinates":[-0.145588,51.511424]},"properties":{"site":"Grosvenor Hill","location":"At Or Outside No.54","lamp_column":"5","operator":"Shell Recharge","speed_class":"lccp","speeds":"5.5kW","bays":1,"bay_types":"LCCP","dedicated":false,"status":"installed","ward":"West End","cp_ids":"805036"}},{"type":"Feature","id":967,"geometry":{"type":"Point","coordinates":[-0.151411,51.512217]},"properties":{"site":"Grosvenor Square","location":"At Or Outside 15","lamp_column":"3","operator":"Shell Recharge","speed_class":"lccp","speeds":"5.5kW","bays":1,"bay_types":"LCCP","dedicated":false,"status":"installed","ward":"West End","cp_ids":"807508"}},{"type":"Feature","id":968,"geometry":{"type":"Point","coordinates":[-0.150875,51.510912]},"properties":{"site":"Grosvenor Square","location":"At Or Outside 45","lamp_column":"11","operator":"Shell Recharge","speed_class":"lccp","speeds":"5.5kW","bays":1,"bay_types":"LCCP - Dedicated","dedicated":true,"status":"installed","ward":"West End","cp_ids":"606522"}},{"type":"Feature","id":969,"geometry":{"type":"Point","coordinates":[-0.150092,51.511839]},"properties":{"site":"Grosvenor Square","location":"At Or Outside 7","lamp_column":"6","operator":"Shell Recharge","speed_class":"lccp","speeds":"5.5kW","bays":1,"bay_types":"LCCP - Dedicated","dedicated":true,"status":"installed","ward":"West End","cp_ids":"606679"}},{"type":"Feature","id":970,"geometry":{"type":"Point","coordinates":[-0.151772,51.510684]},"properties":{"site":"Grosvenor Square","location":"Outside 38-44","lamp_column":null,"operator":"TotalEnergies","speed_class":"fast","speeds":"7kW","bays":3,"bay_types":"EV Bay","dedicated":true,"status":"installed","ward":"West End","cp_ids":"9860001228, 9860001402, 9860001248"}},{"type":"Feature","id":971,"geometry":{"type":"Point","coordinates":[-0.148119,51.511553]},"properties":{"site":"Grosvenor Street","location":"At J/W Davies Street","lamp_column":null,"operator":"To be confirmed","speed_class":"rapid","speeds":"50kW","bays":1,"bay_types":"EV Bay","dedicated":true,"status":"planned","ward":"West End","cp_ids":"TBC"}},{"type":"Feature","id":972,"geometry":{"type":"Point","coordinates":[-0.148113,51.511549]},"properties":{"site":"Grosvenor Street","location":"At J/W Davies Street","lamp_column":null,"operator":"To be confirmed","speed_class":"rapid","speeds":"50-100kW","bays":1,"bay_types":"EV Bay","dedicated":true,"status":"planned","ward":"West End","cp_ids":null}},{"type":"Feature","id":973,"geometry":{"type":"Point","coordinates":[-0.146065,51.511993]},"properties":{"site":"Grosvenor Street","location":"At Or Outside 14","lamp_column":"12","operator":"Shell Recharge","speed_class":"lccp","speeds":"5.5kW","bays":1,"bay_types":"LCCP","dedicated":false,"status":"installed","ward":"West End","cp_ids":"805037"}},{"type":"Feature","id":974,"geometry":{"type":"Point","coordinates":[-0.146789,51.511857]},"properties":{"site":"Grosvenor Street","location":"At Or Outside 18","lamp_column":"10","operator":"Shell Recharge","speed_class":"lccp","speeds":"5.5kW","bays":1,"bay_types":"LCCP","dedicated":false,"status":"installed","ward":"West End","cp_ids":"807506"}},{"type":"Feature","id":975,"geometry":{"type":"Point","coordinates":[-0.147338,51.511753]},"properties":{"site":"Grosvenor Street","location":"At Or Outside 25","lamp_column":"8","operator":"Shell Recharge","speed_class":"lccp","speeds":"5.5kW","bays":1,"bay_types":"LCCP","dedicated":false,"status":"installed","ward":"West End","cp_ids":"807504"}},{"type":"Feature","id":976,"geometry":{"type":"Point","coordinates":[-0.148304,51.511566]},"properties":{"site":"Grosvenor Street","location":"Outside 32","lamp_column":"5","operator":"Shell Recharge","speed_class":"lccp","speeds":"5.5kW","bays":1,"bay_types":"LCCP","dedicated":false,"status":"installed","ward":"West End","cp_ids":"809481"}},{"type":"Feature","id":977,"geometry":{"type":"Point","coordinates":[-0.149122,51.511301]},"properties":{"site":"Grosvenor Street","location":"Outside 46/48","lamp_column":"2","operator":"Shell Recharge","speed_class":"lccp","speeds":"5.5kW","bays":1,"bay_types":"LCCP","dedicated":false,"status":"installed","ward":"West End","cp_ids":"807507"}},{"type":"Feature","id":978,"geometry":{"type":"Point","coordinates":[-0.145288,51.512102]},"properties":{"site":"Grosvenor Street","location":"Outside 6","lamp_column":null,"operator":"TotalEnergies","speed_class":"fast","speeds":"22kW","bays":2,"bay_types":"EV Bay","dedicated":true,"status":"installed","ward":"West End","cp_ids":null}},{"type":"Feature","id":979,"geometry":{"type":"Point","coordinates":[-0.176333,51.532818]},"properties":{"site":"Grove End Road","location":"At Or Outside 31","lamp_column":"12","operator":"Shell Recharge","speed_class":"lccp","speeds":"5.5kW","bays":1,"bay_types":"LCCP","dedicated":false,"status":"installed","ward":"Abbey Road","cp_ids":"809822"}},{"type":"Feature","id":980,"geometry":{"type":"Point","coordinates":[-0.176279,51.533247]},"properties":{"site":"Grove End Road","location":"At Or Outside 33","lamp_column":"10","operator":"Shell Recharge","speed_class":"lccp","speeds":"5.5kW","bays":1,"bay_types":"LCCP","dedicated":false,"status":"installed","ward":"Abbey Road","cp_ids":"809821"}},{"type":"Feature","id":981,"geometry":{"type":"Point","coordinates":[-0.175431,51.52864]},"properties":{"site":"Grove End Road","location":"At Or Outside 4","lamp_column":"35","operator":"Shell Recharge","speed_class":"lccp","speeds":"5.5kW","bays":1,"bay_types":"LCCP","dedicated":false,"status":"installed","ward":"Abbey Road","cp_ids":"807724"}},{"type":"Feature","id":982,"geometry":{"type":"Point","coordinates":[-0.176597,51.532651]},"properties":{"site":"Grove End Road","location":"At Or Outside 44","lamp_column":"13","operator":"Shell Recharge","speed_class":"lccp","speeds":"5.5kW","bays":1,"bay_types":"LCCP","dedicated":false,"status":"installed","ward":"Abbey Road","cp_ids":"809348"}},{"type":"Feature","id":983,"geometry":{"type":"Point","coordinates":[-0.1764,51.533087]},"properties":{"site":"Grove End Road","location":"At Or Outside 46 Servite Houses","lamp_column":"11","operator":"Shell Recharge","speed_class":"lccp","speeds":"5.5kW","bays":1,"bay_types":"LCCP","dedicated":false,"status":"installed","ward":"Abbey Road","cp_ids":"809349"}},{"type":"Feature","id":984,"geometry":{"type":"Point","coordinates":[-0.176139,51.52922]},"properties":{"site":"Grove End Road","location":"At Or Outside 49-64 Bronwen Court","lamp_column":"32","operator":"Shell Recharge","speed_class":"lccp","speeds":"5.5kW","bays":1,"bay_types":"LCCP","dedicated":false,"status":"installed","ward":"Abbey Road","cp_ids":"606837"}},{"type":"Feature","id":985,"geometry":{"type":"Point","coordinates":[-0.176377,51.529417]},"properties":{"site":"Grove End Road","location":"Opposite 14 The Vines","lamp_column":"31","operator":"Shell Recharge","speed_class":"lccp","speeds":"5.5kW","bays":1,"bay_types":"LCCP - Dedicated","dedicated":true,"status":"installed","ward":"Abbey Road","cp_ids":"602810"}},{"type":"Feature","id":986,"geometry":{"type":"Point","coordinates":[-0.176643,51.530233]},"properties":{"site":"Grove End Road","location":"Opposite 20","lamp_column":"28","operator":"Shell Recharge","speed_class":"lccp","speeds":"5.5kW","bays":1,"bay_types":"LCCP - Dedicated","dedicated":true,"status":"installed","ward":"Abbey Road","cp_ids":"606836"}},{"type":"Feature","id":987,"geometry":{"type":"Point","coordinates":[-0.17512,51.528565]},"properties":{"site":"Grove End Road","location":"Opposite 2a","lamp_column":"36","operator":"Shell Recharge","speed_class":"lccp","speeds":"5.5kW","bays":1,"bay_types":"LCCP - Dedicated","dedicated":true,"status":"installed","ward":"Abbey Road","cp_ids":"602808"}},{"type":"Feature","id":988,"geometry":{"type":"Point","coordinates":[-0.176551,51.532383]},"properties":{"site":"Grove End Road","location":"Opposite 40","lamp_column":"14","operator":"Shell Recharge","speed_class":"lccp","speeds":"5.5kW","bays":1,"bay_types":"LCCP - Dedicated","dedicated":true,"status":"installed","ward":"Abbey Road","cp_ids":"805230"}},{"type":"Feature","id":989,"geometry":{"type":"Point","coordinates":[-0.17627,51.529319]},"properties":{"site":"Grove End Road","location":"Outside 15 Grove End Road","lamp_column":null,"operator":"TotalEnergies","speed_class":"fast","speeds":"22kW","bays":2,"bay_types":"EV Bay","dedicated":true,"status":"installed","ward":"Abbey Road","cp_ids":null}},{"type":"Feature","id":990,"geometry":{"type":"Point","coordinates":[-0.174446,51.527837]},"properties":{"site":"Grove End Road","location":"Outside Grove End House","lamp_column":null,"operator":"TotalEnergies","speed_class":"fast","speeds":"7kW","bays":2,"bay_types":"EV Bay","dedicated":true,"status":"installed","ward":"Abbey Road","cp_ids":"9860001247, 9860001240"}},{"type":"Feature","id":991,"geometry":{"type":"Point","coordinates":[-0.141111,51.492002]},"properties":{"site":"Guildhouse Street","location":"At Or Outside 31 Belgrave Rd","lamp_column":"7","operator":"Shell Recharge","speed_class":"lccp","speeds":"5.5kW","bays":1,"bay_types":"LCCP","dedicated":false,"status":"installed","ward":"Pimlico North","cp_ids":"806672"}},{"type":"Feature","id":992,"geometry":{"type":"Point","coordinates":[-0.142289,51.492951]},"properties":{"site":"Guildhouse Street","location":"At Or Outside 7","lamp_column":"2","operator":"Shell Recharge","speed_class":"lccp","speeds":"5.5kW","bays":1,"bay_types":"LCCP - Dedicated","dedicated":true,"status":"installed","ward":"Pimlico North","cp_ids":"602450"}},{"type":"Feature","id":993,"geometry":{"type":"Point","coordinates":[-0.142431,51.49326]},"properties":{"site":"Guildhouse Street","location":"Opposite 1","lamp_column":"1","operator":"Shell Recharge","speed_class":"lccp","speeds":"5.5kW","bays":1,"bay_types":"LCCP","dedicated":false,"status":"installed","ward":"Pimlico North","cp_ids":"806677"}},{"type":"Feature","id":994,"geometry":{"type":"Point","coordinates":[-0.152913,51.500523]},"properties":{"site":"Halkin Street","location":"Opposite 8","lamp_column":"5","operator":"Shell Recharge","speed_class":"lccp","speeds":"5.5kW","bays":1,"bay_types":"LCCP - Dedicated","dedicated":true,"status":"installed","ward":"Knightsbridge & Belgravia","cp_ids":"602434"}},{"type":"Feature","id":995,"geometry":{"type":"Point","coordinates":[-0.175415,51.522597]},"properties":{"site":"Hall Place","location":"At Or Outside Cuthbert House","lamp_column":"5","operator":"Shell Recharge","speed_class":"lccp","speeds":"5.5kW","bays":1,"bay_types":"LCCP","dedicated":false,"status":"installed","ward":"Little Venice","cp_ids":"808009"}},{"type":"Feature","id":996,"geometry":{"type":"Point","coordinates":[-0.175688,51.522922]},"properties":{"site":"Hall Place","location":"Opposite Campbell House","lamp_column":"4","operator":"Shell Recharge","speed_class":"lccp","speeds":"5.5kW","bays":1,"bay_types":"LCCP - Dedicated","dedicated":true,"status":"installed","ward":"Little Venice","cp_ids":"605112"}},{"type":"Feature","id":997,"geometry":{"type":"Point","coordinates":[-0.180645,51.528819]},"properties":{"site":"Hall Road","location":"At Or Outside 14","lamp_column":"3","operator":"Shell Recharge","speed_class":"lccp","speeds":"5.5kW","bays":1,"bay_types":"LCCP - Dedicated","dedicated":true,"status":"installed","ward":"Abbey Road","cp_ids":"602451"}},{"type":"Feature","id":998,"geometry":{"type":"Point","coordinates":[-0.180111,51.528899]},"properties":{"site":"Hall Road","location":"At Or Outside 15","lamp_column":"4","operator":"Shell Recharge","speed_class":"lccp","speeds":"5.5kW","bays":1,"bay_types":"LCCP - Dedicated","dedicated":true,"status":"installed","ward":"Abbey Road","cp_ids":"602453"}},{"type":"Feature","id":999,"geometry":{"type":"Point","coordinates":[-0.178467,51.52982]},"properties":{"site":"Hall Road","location":"At Or Outside William Court","lamp_column":"11","operator":"Shell Recharge","speed_class":"lccp","speeds":"5.5kW","bays":1,"bay_types":"LCCP - Dedicated","dedicated":true,"status":"installed","ward":"Abbey Road","cp_ids":"602452"}},{"type":"Feature","id":1000,"geometry":{"type":"Point","coordinates":[-0.144109,51.521693]},"properties":{"site":"Hallam Street","location":"At Or Outside 20yds From Sl6","lamp_column":"7","operator":"Shell Recharge","speed_class":"lccp","speeds":"5.5kW","bays":1,"bay_types":"LCCP","dedicated":false,"status":"installed","ward":"West End","cp_ids":"801707"}},{"type":"Feature","id":1001,"geometry":{"type":"Point","coordinates":[-0.144027,51.521513]},"properties":{"site":"Hallam Street","location":"At Or Outside 20yds From Sl7","lamp_column":"8","operator":"Shell Recharge","speed_class":"lccp","speeds":"5.5kW","bays":1,"bay_types":"LCCP","dedicated":false,"status":"installed","ward":"West End","cp_ids":"807231"}},{"type":"Feature","id":1002,"geometry":{"type":"Point","coordinates":[-0.143727,51.52053]},"properties":{"site":"Hallam Street","location":"At Or Outside 49","lamp_column":"13","operator":"Shell Recharge","speed_class":"lccp","speeds":"5.5kW","bays":1,"bay_types":"LCCP","dedicated":false,"status":"installed","ward":"West End","cp_ids":"801705"}},{"type":"Feature","id":1003,"geometry":{"type":"Point","coordinates":[-0.144519,51.522628]},"properties":{"site":"Hallam Street","location":"Opposite 105","lamp_column":"2","operator":"Shell Recharge","speed_class":"lccp","speeds":"5.5kW","bays":1,"bay_types":"LCCP","dedicated":false,"status":"installed","ward":"West End","cp_ids":"801709"}},{"type":"Feature","id":1004,"geometry":{"type":"Point","coordinates":[-0.144174,51.521841]},"properties":{"site":"Hallam Street","location":"Opposite 77","lamp_column":"6","operator":"Shell Recharge","speed_class":"lccp","speeds":"5.5kW","bays":1,"bay_types":"LCCP","dedicated":false,"status":"installed","ward":"West End","cp_ids":"805021"}},{"type":"Feature","id":1005,"geometry":{"type":"Point","coordinates":[-0.18486,51.516478]},"properties":{"site":"Hallfield Estate","location":"Opposite 5 Exeter House","lamp_column":"18","operator":"Shell Recharge","speed_class":"lccp","speeds":"5.5kW","bays":1,"bay_types":"LCCP","dedicated":false,"status":"installed","ward":"Lancaster Gate","cp_ids":"809531"}},{"type":"Feature","id":1006,"geometry":{"type":"Point","coordinates":[-0.179893,51.530644]},"properties":{"site":"Hamilton Gardens","location":"At Or Outside 29","lamp_column":"2","operator":"Shell Recharge","speed_class":"lccp","speeds":"5.5kW","bays":1,"bay_types":"LCCP","dedicated":false,"status":"installed","ward":"Abbey Road","cp_ids":"806747"}},{"type":"Feature","id":1007,"geometry":{"type":"Point","coordinates":[-0.17921,51.531052]},"properties":{"site":"Hamilton Gardens","location":"Opposite No. 16/17","lamp_column":"6","operator":"Shell Recharge","speed_class":"lccp","speeds":"5.5kW","bays":1,"bay_types":"LCCP","dedicated":false,"status":"installed","ward":"Abbey Road","cp_ids":"805149"}},{"type":"Feature","id":1008,"geometry":{"type":"Point","coordinates":[-0.179672,51.530837]},"properties":{"site":"Hamilton Gardens","location":"Opposite No.23/24","lamp_column":"4","operator":"Shell Recharge","speed_class":"lccp","speeds":"5.5kW","bays":1,"bay_types":"LCCP","dedicated":false,"status":"installed","ward":"Abbey Road","cp_ids":"805148"}},{"type":"Feature","id":1009,"geometry":{"type":"Point","coordinates":[-0.150193,51.503536]},"properties":{"site":"Hamilton Place","location":"At J/W Piccadilly","lamp_column":null,"operator":"To be confirmed","speed_class":"rapid","speeds":"50-100kW","bays":1,"bay_types":"EV Bay","dedicated":true,"status":"planned","ward":"West End","cp_ids":null}},{"type":"Feature","id":1010,"geometry":{"type":"Point","coordinates":[-0.150436,51.504881]},"properties":{"site":"Hamilton Place","location":"Near J/W Park Lane","lamp_column":null,"operator":"To be confirmed","speed_class":"rapid","speeds":"50kW","bays":1,"bay_types":"EV Bay","dedicated":true,"status":"planned","ward":"West End","cp_ids":"TBC"}},{"type":"Feature","id":1011,"geometry":{"type":"Point","coordinates":[-0.150434,51.504884]},"properties":{"site":"Hamilton Place","location":"Near J/W Park Lane","lamp_column":null,"operator":"To be confirmed","speed_class":"rapid","speeds":"50-100kW","bays":1,"bay_types":"EV Bay","dedicated":true,"status":"planned","ward":"West End","cp_ids":null}},{"type":"Feature","id":1012,"geometry":{"type":"Point","coordinates":[-0.150386,51.504796]},"properties":{"site":"Hamilton Place","location":"O/S Como Metropolitan Hotel","lamp_column":null,"operator":"To be confirmed","speed_class":"rapid","speeds":"50-100kW","bays":1,"bay_types":"EV Bay","dedicated":true,"status":"planned","ward":"West End","cp_ids":null}},{"type":"Feature","id":1013,"geometry":{"type":"Point","coordinates":[-0.150382,51.504799]},"properties":{"site":"Hamilton Place","location":"O/S Como Metropolitan Hotel","lamp_column":null,"operator":"To be confirmed","speed_class":"rapid","speeds":"50kW","bays":1,"bay_types":"EV Bay","dedicated":true,"status":"planned","ward":"West End","cp_ids":"TBC"}},{"type":"Feature","id":1014,"geometry":{"type":"Point","coordinates":[-0.181478,51.530788]},"properties":{"site":"Hamilton Terrace","location":"At Or Outside 100","lamp_column":"25","operator":"Shell Recharge","speed_class":"lccp","speeds":"5.5kW","bays":1,"bay_types":"LCCP","dedicated":false,"status":"installed","ward":"Abbey Road","cp_ids":"806295"}},{"type":"Feature","id":1015,"geometry":{"type":"Point","coordinates":[-0.181937,51.531177]},"properties":{"site":"Hamilton Terrace","location":"At Or Outside 106","lamp_column":"23","operator":"Shell Recharge","speed_class":"lccp","speeds":"5.5kW","bays":1,"bay_types":"LCCP","dedicated":false,"status":"installed","ward":"Abbey Road","cp_ids":"800009"}},{"type":"Feature","id":1016,"geometry":{"type":"Point","coordinates":[-0.180379,51.529605]},"properties":{"site":"Hamilton Terrace","location":"At Or Outside 73","lamp_column":"33","operator":"Shell Recharge","speed_class":"lccp","speeds":"5.5kW","bays":1,"bay_types":"LCCP","dedicated":false,"status":"installed","ward":"Abbey Road","cp_ids":"801631"}},{"type":"Feature","id":1017,"geometry":{"type":"Point","coordinates":[-0.180584,51.530036]},"properties":{"site":"Hamilton Terrace","location":"At Or Outside 82","lamp_column":"31","operator":"Shell Recharge","speed_class":"lccp","speeds":"5.5kW","bays":1,"bay_types":"LCCP","dedicated":false,"status":"installed","ward":"Abbey Road","cp_ids":"800081"}},{"type":"Feature","id":1018,"geometry":{"type":"Point","coordinates":[-0.185251,51.533967]},"properties":{"site":"Hamilton Terrace","location":"At Or Outside Bradby House","lamp_column":"3","operator":"Shell Recharge","speed_class":"lccp","speeds":"5.5kW","bays":1,"bay_types":"LCCP","dedicated":false,"status":"installed","ward":"Abbey Road","cp_ids":"800004"}},{"type":"Feature","id":1019,"geometry":{"type":"Point","coordinates":[-0.183206,51.531993]},"properties":{"site":"Hamilton Terrace","location":"At Or Outside No.115","lamp_column":"16","operator":"Shell Recharge","speed_class":"lccp","speeds":"5.5kW","bays":1,"bay_types":"LCCP","dedicated":false,"status":"installed","ward":"Abbey Road","cp_ids":"800000"}},{"type":"Feature","id":1020,"geometry":{"type":"Point","coordinates":[-0.183036,51.532102]},"properties":{"site":"Hamilton Terrace","location":"At Or Outside No.116","lamp_column":"17","operator":"Shell Recharge","speed_class":"lccp","speeds":"5.5kW","bays":1,"bay_types":"LCCP","dedicated":false,"status":"installed","ward":"Abbey Road","cp_ids":"800007"}},{"type":"Feature","id":1021,"geometry":{"type":"Point","coordinates":[-0.183375,51.532387]},"properties":{"site":"Hamilton Terrace","location":"At Or Outside No.118","lamp_column":"15","operator":"Shell Recharge","speed_class":"lccp","speeds":"5.5kW","bays":1,"bay_types":"LCCP","dedicated":false,"status":"installed","ward":"Abbey Road","cp_ids":"800001"}},{"type":"Feature","id":1022,"geometry":{"type":"Point","coordinates":[-0.177034,51.527041]},"properties":{"site":"Hamilton Terrace","location":"At Or Outside No.12/14","lamp_column":"52","operator":"Shell Recharge","speed_class":"lccp","speeds":"5.5kW","bays":1,"bay_types":"LCCP","dedicated":false,"status":"installed","ward":"Abbey Road","cp_ids":"801658"}},{"type":"Feature","id":1023,"geometry":{"type":"Point","coordinates":[-0.183711,51.532672]},"properties":{"site":"Hamilton Terrace","location":"At Or Outside No.126","lamp_column":"13","operator":"Shell Recharge","speed_class":"lccp","speeds":"5.5kW","bays":1,"bay_types":"LCCP","dedicated":false,"status":"installed","ward":"Abbey Road","cp_ids":"800006"}},{"type":"Feature","id":1024,"geometry":{"type":"Point","coordinates":[-0.184028,51.532943]},"properties":{"site":"Hamilton Terrace","location":"At Or Outside No.130-132","lamp_column":"11","operator":"Shell Recharge","speed_class":"lccp","speeds":"5.5kW","bays":1,"bay_types":"LCCP","dedicated":false,"status":"installed","ward":"Abbey Road","cp_ids":"801630"}},{"type":"Feature","id":1025,"geometry":{"type":"Point","coordinates":[-0.184747,51.533293]},"properties":{"site":"Hamilton Terrace","location":"At Or Outside No.131/133","lamp_column":"8","operator":"Shell Recharge","speed_class":"lccp","speeds":"5.5kW","bays":1,"bay_types":"LCCP","dedicated":false,"status":"installed","ward":"Abbey Road","cp_ids":"805217"}},{"type":"Feature","id":1026,"geometry":{"type":"Point","coordinates":[-0.185022,51.533529]},"properties":{"site":"Hamilton Terrace","location":"At Or Outside No.137","lamp_column":"6","operator":"Shell Recharge","speed_class":"lccp","speeds":"5.5kW","bays":1,"bay_types":"LCCP","dedicated":false,"status":"installed","ward":"Abbey Road","cp_ids":"800086"}},{"type":"Feature","id":1027,"geometry":{"type":"Point","coordinates":[-0.184542,51.533372]},"properties":{"site":"Hamilton Terrace","location":"At Or Outside No.138","lamp_column":"7","operator":"Shell Recharge","speed_class":"lccp","speeds":"5.5kW","bays":1,"bay_types":"LCCP - Dedicated","dedicated":true,"status":"installed","ward":"Abbey Road","cp_ids":"800003"}},{"type":"Feature","id":1028,"geometry":{"type":"Point","coordinates":[-0.184964,51.533733]},"properties":{"site":"Hamilton Terrace","location":"At Or Outside No.146","lamp_column":"5","operator":"Shell Recharge","speed_class":"lccp","speeds":"5.5kW","bays":1,"bay_types":"LCCP","dedicated":false,"status":"installed","ward":"Abbey Road","cp_ids":"806299"}},{"type":"Feature","id":1029,"geometry":{"type":"Point","coordinates":[-0.185764,51.534162]},"properties":{"site":"Hamilton Terrace","location":"At Or Outside No.149","lamp_column":"2","operator":"Shell Recharge","speed_class":"lccp","speeds":"5.5kW","bays":1,"bay_types":"LCCP","dedicated":false,"status":"installed","ward":"Abbey Road","cp_ids":"806293"}},{"type":"Feature","id":1030,"geometry":{"type":"Point","coordinates":[-0.177523,51.527193]},"properties":{"site":"Hamilton Terrace","location":"At Or Outside No.17","lamp_column":"49","operator":"Shell Recharge","speed_class":"lccp","speeds":"5.5kW","bays":1,"bay_types":"LCCP","dedicated":false,"status":"installed","ward":"Abbey Road","cp_ids":"801712"}},{"type":"Feature","id":1031,"geometry":{"type":"Point","coordinates":[-0.177396,51.527344]},"properties":{"site":"Hamilton Terrace","location":"At Or Outside No.24","lamp_column":"50","operator":"Shell Recharge","speed_class":"lccp","speeds":"5.5kW","bays":1,"bay_types":"LCCP","dedicated":false,"status":"installed","ward":"Abbey Road","cp_ids":"801659"}},{"type":"Feature","id":1032,"geometry":{"type":"Point","coordinates":[-0.177716,51.527617]},"properties":{"site":"Hamilton Terrace","location":"At Or Outside No.32","lamp_column":"48","operator":"Shell Recharge","speed_class":"lccp","speeds":"5.5kW","bays":1,"bay_types":"LCCP","dedicated":false,"status":"installed","ward":"Abbey Road","cp_ids":"801935"}},{"type":"Feature","id":1033,"geometry":{"type":"Point","coordinates":[-0.178226,51.527791]},"properties":{"site":"Hamilton Terrace","location":"At Or Outside No.35","lamp_column":"45","operator":"Shell Recharge","speed_class":"lccp","speeds":"5.5kW","bays":1,"bay_types":"LCCP","dedicated":false,"status":"installed","ward":"Abbey Road","cp_ids":"806290"}},{"type":"Feature","id":1034,"geometry":{"type":"Point","coordinates":[-0.178399,51.528194]},"properties":{"site":"Hamilton Terrace","location":"At Or Outside No.46/48","lamp_column":"44","operator":"Shell Recharge","speed_class":"lccp","speeds":"5.5kW","bays":1,"bay_types":"LCCP","dedicated":false,"status":"installed","ward":"Abbey Road","cp_ids":"800082"}},{"type":"Feature","id":1035,"geometry":{"type":"Point","coordinates":[-0.180671,51.529853]},"properties":{"site":"Hamilton Terrace","location":"At Or Outside No.79","lamp_column":"30","operator":"Shell Recharge","speed_class":"lccp","speeds":"5.5kW","bays":1,"bay_types":"LCCP","dedicated":false,"status":"installed","ward":"Abbey Road","cp_ids":"806291"}},{"type":"Feature","id":1036,"geometry":{"type":"Point","coordinates":[-0.181437,51.530503]},"properties":{"site":"Hamilton Terrace","location":"At Or Outside No.91","lamp_column":"26","operator":"Shell Recharge","speed_class":"lccp","speeds":"5.5kW","bays":1,"bay_types":"LCCP","dedicated":false,"status":"installed","ward":"Abbey Road","cp_ids":"800084"}},{"type":"Feature","id":1037,"geometry":{"type":"Point","coordinates":[-0.178949,51.528398]},"properties":{"site":"Hamilton Terrace","location":"At Or Outside. Propno: 47","lamp_column":"41","operator":"Shell Recharge","speed_class":"lccp","speeds":"5.5kW","bays":1,"bay_types":"LCCP","dedicated":false,"status":"installed","ward":"Abbey Road","cp_ids":"801714"}},{"type":"Feature","id":1038,"geometry":{"type":"Point","coordinates":[-0.18427,51.533142]},"properties":{"site":"Hamilton Terrace","location":"Opposite No.127","lamp_column":"9","operator":"Shell Recharge","speed_class":"lccp","speeds":"5.5kW","bays":1,"bay_types":"LCCP","dedicated":false,"status":"installed","ward":"Abbey Road","cp_ids":"800002"}},{"type":"Feature","id":1039,"geometry":{"type":"Point","coordinates":[-0.185637,51.534294]},"properties":{"site":"Hamilton Terrace","location":"Opposite No.149","lamp_column":"1","operator":"Shell Recharge","speed_class":"lccp","speeds":"5.5kW","bays":1,"bay_types":"LCCP - Dedicated","dedicated":true,"status":"installed","ward":"Abbey Road","cp_ids":"800005"}},{"type":"Feature","id":1040,"geometry":{"type":"Point","coordinates":[-0.180956,51.530346]},"properties":{"site":"Hamilton Terrace","location":"Outside 90","lamp_column":"29","operator":"Shell Recharge","speed_class":"lccp","speeds":"5.5kW","bays":1,"bay_types":"LCCP - Dedicated","dedicated":true,"status":"installed","ward":"Abbey Road","cp_ids":"800080"}},{"type":"Feature","id":1041,"geometry":{"type":"Point","coordinates":[-0.181206,51.530557]},"properties":{"site":"Hamilton Terrace","location":"Outside 94","lamp_column":"27","operator":"Shell Recharge","speed_class":"lccp","speeds":"5.5kW","bays":1,"bay_types":"LCCP - Dedicated","dedicated":true,"status":"installed","ward":"Abbey Road","cp_ids":"800087"}},{"type":"Feature","id":1042,"geometry":{"type":"Point","coordinates":[-0.17807,51.527917]},"properties":{"site":"Hamilton Terrace","location":"Outside No. 38/40","lamp_column":"46","operator":"Shell Recharge","speed_class":"lccp","speeds":"5.5kW","bays":1,"bay_types":"LCCP - Dedicated","dedicated":true,"status":"installed","ward":"Abbey Road","cp_ids":"800083"}},{"type":"Feature","id":1043,"geometry":{"type":"Point","coordinates":[-0.179305,51.528699]},"properties":{"site":"Hamilton Terrace","location":"Outside No. 55.","lamp_column":"39","operator":"Shell Recharge","speed_class":"lccp","speeds":"5.5kW","bays":1,"bay_types":"LCCP - Dedicated","dedicated":true,"status":"installed","ward":"Abbey Road","cp_ids":"800085"}},{"type":"Feature","id":1044,"geometry":{"type":"Point","coordinates":[-0.14023,51.519559]},"properties":{"site":"Hanson Street","location":"At Or Outside 4","lamp_column":"9","operator":"Shell Recharge","speed_class":"lccp","speeds":"5.5kW","bays":1,"bay_types":"LCCP","dedicated":false,"status":"installed","ward":"West End","cp_ids":"801811"}},{"type":"Feature","id":1045,"geometry":{"type":"Point","coordinates":[-0.164994,51.520014]},"properties":{"site":"Harcourt Street","location":"At Or Outside 17","lamp_column":"2","operator":"Shell Recharge","speed_class":"lccp","speeds":"5.5kW","bays":1,"bay_types":"LCCP","dedicated":false,"status":"installed","ward":"Marylebone","cp_ids":"807375"}},{"type":"Feature","id":1046,"geometry":{"type":"Point","coordinates":[-0.164324,51.519704]},"properties":{"site":"Harcourt Street","location":"At Or Outside 29a","lamp_column":"4","operator":"Shell Recharge","speed_class":"lccp","speeds":"5.5kW","bays":1,"bay_types":"LCCP","dedicated":false,"status":"installed","ward":"Marylebone","cp_ids":"809521"}},{"type":"Feature","id":1047,"geometry":{"type":"Point","coordinates":[-0.165141,51.523699]},"properties":{"site":"Harewood Avenue","location":"At Or Outside 15","lamp_column":"10","operator":"Shell Recharge","speed_class":"lccp","speeds":"5.5kW","bays":1,"bay_types":"LCCP - Dedicated","dedicated":true,"status":"installed","ward":"Regent's Park","cp_ids":"602116"}},{"type":"Feature","id":1048,"geometry":{"type":"Point","coordinates":[-0.165433,51.524315]},"properties":{"site":"Harewood Avenue","location":"At Or Outside 43","lamp_column":"12","operator":"Shell Recharge","speed_class":"lccp","speeds":"5.5kW","bays":1,"bay_types":"LCCP - Dedicated","dedicated":true,"status":"installed","ward":"Regent's Park","cp_ids":"602117"}},{"type":"Feature","id":1049,"geometry":{"type":"Point","coordinates":[-0.165097,51.524032]},"properties":{"site":"Harewood Avenue","location":"At Or Outside Farnham House","lamp_column":"11","operator":"Shell Recharge","speed_class":"lccp","speeds":"5.5kW","bays":1,"bay_types":"LCCP","dedicated":false,"status":"installed","ward":"Regent's Park","cp_ids":"801972"}},{"type":"Feature","id":1050,"geometry":{"type":"Point","coordinates":[-0.164757,51.523226]},"properties":{"site":"Harewood Avenue","location":"Opposite 20 Harewood Avenue","lamp_column":null,"operator":"TotalEnergies","speed_class":"fast","speeds":"22kW","bays":2,"bay_types":"EV Bay","dedicated":true,"status":"installed","ward":"Regent's Park","cp_ids":"TBC"}},{"type":"Feature","id":1051,"geometry":{"type":"Point","coordinates":[-0.164542,51.521926]},"properties":{"site":"Harewood Row","location":"At Or Outside 1b","lamp_column":"2","operator":"Shell Recharge","speed_class":"lccp","speeds":"5.5kW","bays":1,"bay_types":"LCCP","dedicated":false,"status":"installed","ward":"Regent's Park","cp_ids":"807482"}},{"type":"Feature","id":1052,"geometry":{"type":"Point","coordinates":[-0.1481,51.521243]},"properties":{"site":"Harley Street","location":"At Or Outside 107","lamp_column":"9","operator":"Shell Recharge","speed_class":"lccp","speeds":"5.5kW","bays":1,"bay_types":"LCCP","dedicated":false,"status":"installed","ward":"Marylebone","cp_ids":"807473"}},{"type":"Feature","id":1053,"geometry":{"type":"Point","coordinates":[-0.148057,51.521497]},"properties":{"site":"Harley Street","location":"At Or Outside 112","lamp_column":"8","operator":"Shell Recharge","speed_class":"lccp","speeds":"5.5kW","bays":1,"bay_types":"LCCP","dedicated":false,"status":"installed","ward":"Marylebone","cp_ids":"807470"}},{"type":"Feature","id":1054,"geometry":{"type":"Point","coordinates":[-0.148645,51.5224]},"properties":{"site":"Harley Street","location":"At Or Outside 135","lamp_column":"4","operator":"Shell Recharge","speed_class":"lccp","speeds":"5.5kW","bays":1,"bay_types":"LCCP","dedicated":false,"status":"installed","ward":"Marylebone","cp_ids":"805203"}},{"type":"Feature","id":1055,"geometry":{"type":"Point","coordinates":[-0.14646,51.517986]},"properties":{"site":"Harley Street","location":"At Or Outside 22","lamp_column":"21","operator":"Shell Recharge","speed_class":"lccp","speeds":"5.5kW","bays":1,"bay_types":"LCCP - Dedicated","dedicated":true,"status":"installed","ward":"Marylebone","cp_ids":"605386"}},{"type":"Feature","id":1056,"geometry":{"type":"Point","coordinates":[-0.146741,51.518615]},"properties":{"site":"Harley Street","location":"At Or Outside 40","lamp_column":"19","operator":"Shell Recharge","speed_class":"lccp","speeds":"5.5kW","bays":1,"bay_types":"LCCP","dedicated":false,"status":"installed","ward":"Marylebone","cp_ids":"807487"}},{"type":"Feature","id":1057,"geometry":{"type":"Point","coordinates":[-0.1473,51.51983]},"properties":{"site":"Harley Street","location":"At Or Outside 72","lamp_column":"14","operator":"Shell Recharge","speed_class":"lccp","speeds":"5.5kW","bays":1,"bay_types":"LCCP","dedicated":false,"status":"installed","ward":"Marylebone","cp_ids":"807488"}},{"type":"Feature","id":1058,"geometry":{"type":"Point","coordinates":[-0.147583,51.520104]},"properties":{"site":"Harley Street","location":"At Or Outside 83","lamp_column":"13","operator":"Shell Recharge","speed_class":"lccp","speeds":"5.5kW","bays":1,"bay_types":"LCCP","dedicated":false,"status":"installed","ward":"Marylebone","cp_ids":"807484"}},{"type":"Feature","id":1059,"geometry":{"type":"Point","coordinates":[-0.147848,51.520692]},"properties":{"site":"Harley Street","location":"Opposite 90","lamp_column":"11","operator":"Shell Recharge","speed_class":"lccp","speeds":"5.5kW","bays":1,"bay_types":"LCCP","dedicated":false,"status":"installed","ward":"Marylebone","cp_ids":null}},{"type":"Feature","id":1060,"geometry":{"type":"Point","coordinates":[-0.148393,51.522256]},"properties":{"site":"Harley Street","location":"Outside 128","lamp_column":"5","operator":"Shell Recharge","speed_class":"lccp","speeds":"5.5kW","bays":1,"bay_types":"LCCP","dedicated":false,"status":"installed","ward":"Marylebone","cp_ids":"805200"}},{"type":"Feature","id":1061,"geometry":{"type":"Point","coordinates":[-0.163306,51.517665]},"properties":{"site":"Harrowby Street","location":"Near Brown Street","lamp_column":"10","operator":"Shell Recharge","speed_class":"lccp","speeds":"5.5kW","bays":1,"bay_types":"LCCP","dedicated":false,"status":"installed","ward":"Marylebone","cp_ids":"807184"}},{"type":"Feature","id":1062,"geometry":{"type":"Point","coordinates":[-0.164351,51.51728]},"properties":{"site":"Harrowby Street","location":"Opposite 50","lamp_column":"6","operator":"Shell Recharge","speed_class":"lccp","speeds":"5.5kW","bays":1,"bay_types":"LCCP","dedicated":false,"status":"installed","ward":"Marylebone","cp_ids":"807370"}},{"type":"Feature","id":1063,"geometry":{"type":"Point","coordinates":[-0.1631,51.517787]},"properties":{"site":"Harrowby Street","location":"Opposite Brown St","lamp_column":"11","operator":"Shell Recharge","speed_class":"lccp","speeds":"5.5kW","bays":1,"bay_types":"LCCP","dedicated":false,"status":"installed","ward":"Marylebone","cp_ids":"807188"}},{"type":"Feature","id":1064,"geometry":{"type":"Point","coordinates":[-0.163769,51.517494]},"properties":{"site":"Harrowby Street","location":"Opposite Molyneux Street","lamp_column":"8","operator":"Shell Recharge","speed_class":"lccp","speeds":"5.5kW","bays":1,"bay_types":"LCCP - Dedicated","dedicated":true,"status":"installed","ward":"Marylebone","cp_ids":"606709"}},{"type":"Feature","id":1065,"geometry":{"type":"Point","coordinates":[-0.189667,51.516255]},"properties":{"site":"Hatherley Grove","location":"At Or Outside 18","lamp_column":"3","operator":"Shell Recharge","speed_class":"lccp","speeds":"5.5kW","bays":1,"bay_types":"LCCP - Dedicated","dedicated":true,"status":"installed","ward":"Bayswater","cp_ids":"606581"}},{"type":"Feature","id":1066,"geometry":{"type":"Point","coordinates":[-0.189878,51.516491]},"properties":{"site":"Hatherley Grove","location":"At Or Outside 28","lamp_column":"2","operator":"Shell Recharge","speed_class":"lccp","speeds":"5.5kW","bays":1,"bay_types":"LCCP","dedicated":false,"status":"installed","ward":"Bayswater","cp_ids":"808171"}},{"type":"Feature","id":1067,"geometry":{"type":"Point","coordinates":[-0.189309,51.515822]},"properties":{"site":"Hatherley Grove","location":"At Or Outside Bayswater Mansion","lamp_column":"5","operator":"Shell Recharge","speed_class":"lccp","speeds":"5.5kW","bays":1,"bay_types":"LCCP","dedicated":false,"status":"installed","ward":"Bayswater","cp_ids":"808175"}},{"type":"Feature","id":1068,"geometry":{"type":"Point","coordinates":[-0.14394,51.509076]},"properties":{"site":"Hay Hill","location":"Loc: Opposite. Propno: 20. Position: On Kerb Edge.","lamp_column":"3","operator":"Shell Recharge","speed_class":"lccp","speeds":"5.5kW","bays":1,"bay_types":"LCCP","dedicated":false,"status":"installed","ward":"West End","cp_ids":"801837"}},{"type":"Feature","id":1069,"geometry":{"type":"Point","coordinates":[-0.193928,51.515307]},"properties":{"site":"Hereford Road","location":"At Or Outside 28a","lamp_column":"11","operator":"Shell Recharge","speed_class":"lccp","speeds":"5.5kW","bays":1,"bay_types":"LCCP","dedicated":false,"status":"installed","ward":"Bayswater","cp_ids":"808075"}},{"type":"Feature","id":1070,"geometry":{"type":"Point","coordinates":[-0.194128,51.515511]},"properties":{"site":"Hereford Road","location":"At Or Outside 45","lamp_column":"10","operator":"Shell Recharge","speed_class":"lccp","speeds":"5.5kW","bays":1,"bay_types":"LCCP","dedicated":false,"status":"installed","ward":"Bayswater","cp_ids":"808070"}},{"type":"Feature","id":1071,"geometry":{"type":"Point","coordinates":[-0.194278,51.516013]},"properties":{"site":"Hereford Road","location":"At Or Outside 49","lamp_column":"8","operator":"Shell Recharge","speed_class":"lccp","speeds":"5.5kW","bays":1,"bay_types":"LCCP","dedicated":false,"status":"installed","ward":"Bayswater","cp_ids":"808072"}},{"type":"Feature","id":1072,"geometry":{"type":"Point","coordinates":[-0.194198,51.516188]},"properties":{"site":"Hereford Road","location":"At Or Outside 54","lamp_column":"7","operator":"Shell Recharge","speed_class":"lccp","speeds":"5.5kW","bays":1,"bay_types":"LCCP - Dedicated","dedicated":true,"status":"installed","ward":"Bayswater","cp_ids":"606582"}},{"type":"Feature","id":1073,"geometry":{"type":"Point","coordinates":[-0.194427,51.516446]},"properties":{"site":"Hereford Road","location":"At Or Outside 69","lamp_column":"6","operator":"Shell Recharge","speed_class":"lccp","speeds":"5.5kW","bays":1,"bay_types":"LCCP - Dedicated","dedicated":true,"status":"installed","ward":"Bayswater","cp_ids":"602818"}},{"type":"Feature","id":1074,"geometry":{"type":"Point","coordinates":[-0.193676,51.514367]},"properties":{"site":"Hereford Road","location":"At Or Outside 8","lamp_column":"16","operator":"Shell Recharge","speed_class":"lccp","speeds":"5.5kW","bays":1,"bay_types":"LCCP - Dedicated","dedicated":true,"status":"installed","ward":"Bayswater","cp_ids":"602815"}},{"type":"Feature","id":1075,"geometry":{"type":"Point","coordinates":[-0.194492,51.517047]},"properties":{"site":"Hereford Road","location":"At Or Outside 90","lamp_column":"3","operator":"Shell Recharge","speed_class":"lccp","speeds":"5.5kW","bays":1,"bay_types":"LCCP - Dedicated","dedicated":true,"status":"installed","ward":"Bayswater","cp_ids":"602819"}},{"type":"Feature","id":1076,"geometry":{"type":"Point","coordinates":[-0.193019,51.511928]},"properties":{"site":"Hereford Road","location":"Near Junction Moscow Road","lamp_column":"26","operator":"Shell Recharge","speed_class":"lccp","speeds":"5.5kW","bays":1,"bay_types":"LCCP","dedicated":false,"status":"installed","ward":"Bayswater","cp_ids":"807369"}},{"type":"Feature","id":1077,"geometry":{"type":"Point","coordinates":[-0.193587,51.514056]},"properties":{"site":"Hereford Road","location":"Opposite 11","lamp_column":"17","operator":"Shell Recharge","speed_class":"lccp","speeds":"5.5kW","bays":1,"bay_types":"LCCP - Dedicated","dedicated":true,"status":"installed","ward":"Bayswater","cp_ids":"606680"}},{"type":"Feature","id":1078,"geometry":{"type":"Point","coordinates":[-0.193838,51.514488]},"properties":{"site":"Hereford Road","location":"Opposite 12","lamp_column":"15","operator":"Shell Recharge","speed_class":"lccp","speeds":"5.5kW","bays":1,"bay_types":"LCCP - Dedicated","dedicated":true,"status":"installed","ward":"Bayswater","cp_ids":"602817"}},{"type":"Feature","id":1079,"geometry":{"type":"Point","coordinates":[-0.193274,51.512494]},"properties":{"site":"Hereford Road","location":"Opposite No. 6-10 Berrington House","lamp_column":"24","operator":"Shell Recharge","speed_class":"lccp","speeds":"5.5kW","bays":1,"bay_types":"LCCP - Dedicated","dedicated":true,"status":"installed","ward":"Bayswater","cp_ids":"606583"}},{"type":"Feature","id":1080,"geometry":{"type":"Point","coordinates":[-0.129278,51.492642]},"properties":{"site":"Herrick Street","location":"At Or Outside 1 To 13 Erasmus Street","lamp_column":"13","operator":"Shell Recharge","speed_class":"lccp","speeds":"5.5kW","bays":1,"bay_types":"LCCP","dedicated":false,"status":"installed","ward":"Vincent Square","cp_ids":"807166"}},{"type":"Feature","id":1081,"geometry":{"type":"Point","coordinates":[-0.129239,51.491736]},"properties":{"site":"Herrick Street","location":"At Or Outside Ruskin House","lamp_column":"8","operator":"Shell Recharge","speed_class":"lccp","speeds":"5.5kW","bays":1,"bay_types":"LCCP","dedicated":false,"status":"installed","ward":"Vincent Square","cp_ids":"801328"}},{"type":"Feature","id":1082,"geometry":{"type":"Point","coordinates":[-0.130515,51.490788]},"properties":{"site":"Herrick Street","location":"Opposite  1 - 25 Lawrence House","lamp_column":"1","operator":"Shell Recharge","speed_class":"lccp","speeds":"5.5kW","bays":1,"bay_types":"LCCP","dedicated":false,"status":"installed","ward":"Vincent Square","cp_ids":"801333"}},{"type":"Feature","id":1083,"geometry":{"type":"Point","coordinates":[-0.129535,51.49121]},"properties":{"site":"Herrick Street","location":"Opposite 1 60 Turner House","lamp_column":"5","operator":"Shell Recharge","speed_class":"lccp","speeds":"5.5kW","bays":1,"bay_types":"LCCP","dedicated":false,"status":"installed","ward":"Vincent Square","cp_ids":"807164"}},{"type":"Feature","id":1084,"geometry":{"type":"Point","coordinates":[-0.128867,51.492669]},"properties":{"site":"Herrick Street","location":"Opposite 1 To 13 Erasmus Street","lamp_column":"15","operator":"Shell Recharge","speed_class":"lccp","speeds":"5.5kW","bays":1,"bay_types":"LCCP - Dedicated","dedicated":true,"status":"installed","ward":"Vincent Square","cp_ids":"605413"}},{"type":"Feature","id":1085,"geometry":{"type":"Point","coordinates":[-0.129515,51.491394]},"properties":{"site":"Herrick Street","location":"Opposite Millbank Gardens","lamp_column":"6","operator":"Shell Recharge","speed_class":"lccp","speeds":"5.5kW","bays":1,"bay_types":"LCCP","dedicated":false,"status":"installed","ward":"Vincent Square","cp_ids":"801334"}},{"type":"Feature","id":1086,"geometry":{"type":"Point","coordinates":[-0.128879,51.492323]},"properties":{"site":"Herrick Street","location":"Opposite Ruskin House","lamp_column":"11","operator":"Shell Recharge","speed_class":"lccp","speeds":"5.5kW","bays":1,"bay_types":"LCCP","dedicated":false,"status":"installed","ward":"Vincent Square","cp_ids":"605414"}},{"type":"Feature","id":1087,"geometry":{"type":"Point","coordinates":[-0.128986,51.491869]},"properties":{"site":"Herrick Street","location":"Opposite Ruskin House","lamp_column":"9","operator":"Shell Recharge","speed_class":"lccp","speeds":"5.5kW","bays":1,"bay_types":"LCCP","dedicated":false,"status":"installed","ward":"Vincent Square","cp_ids":"807124"}},{"type":"Feature","id":1088,"geometry":{"type":"Point","coordinates":[-0.128951,51.49211]},"properties":{"site":"Herrick Street","location":"Outside 1 - 55  Ruskin House","lamp_column":"10","operator":"Shell Recharge","speed_class":"lccp","speeds":"5.5kW","bays":1,"bay_types":"LCCP","dedicated":false,"status":"installed","ward":"Vincent Square","cp_ids":"807122"}},{"type":"Feature","id":1089,"geometry":{"type":"Point","coordinates":[-0.20816,51.532412]},"properties":{"site":"Herries Street","location":"Opposite No.143","lamp_column":"2","operator":"Shell Recharge","speed_class":"lccp","speeds":"5.5kW","bays":1,"bay_types":"LCCP","dedicated":false,"status":"installed","ward":"Queen's Park","cp_ids":"808092"}},{"type":"Feature","id":1090,"geometry":{"type":"Point","coordinates":[-0.133499,51.492417]},"properties":{"site":"Hide Place","location":"At Or Outside Napier Hall","lamp_column":"2","operator":"Shell Recharge","speed_class":"lccp","speeds":"5.5kW","bays":1,"bay_types":"LCCP","dedicated":false,"status":"installed","ward":"Vincent Square","cp_ids":"807137"}},{"type":"Feature","id":1091,"geometry":{"type":"Point","coordinates":[-0.133069,51.492791]},"properties":{"site":"Hide Place","location":"Rear Of Hide Tower","lamp_column":"1","operator":"Shell Recharge","speed_class":"lccp","speeds":"5.5kW","bays":1,"bay_types":"LCCP","dedicated":false,"status":"installed","ward":"Vincent Square","cp_ids":"801322"}},{"type":"Feature","id":1092,"geometry":{"type":"Point","coordinates":[-0.179646,51.532094]},"properties":{"site":"Hill Road","location":"At Or Outside 14","lamp_column":"5","operator":"Shell Recharge","speed_class":"lccp","speeds":"5.5kW","bays":1,"bay_types":"LCCP","dedicated":false,"status":"installed","ward":"Abbey Road","cp_ids":"806741"}},{"type":"Feature","id":1093,"geometry":{"type":"Point","coordinates":[-0.178687,51.532566]},"properties":{"site":"Hill Road","location":"At Or Outside 2a","lamp_column":"2","operator":"Shell Recharge","speed_class":"lccp","speeds":"5.5kW","bays":1,"bay_types":"LCCP","dedicated":false,"status":"installed","ward":"Abbey Road","cp_ids":"602798"}},{"type":"Feature","id":1094,"geometry":{"type":"Point","coordinates":[-0.178904,51.532361]},"properties":{"site":"Hill Road","location":"At Or Outside 3","lamp_column":"3","operator":"Shell Recharge","speed_class":"lccp","speeds":"5.5kW","bays":1,"bay_types":"LCCP - Dedicated","dedicated":true,"status":"installed","ward":"Abbey Road","cp_ids":"602797"}},{"type":"Feature","id":1095,"geometry":{"type":"Point","coordinates":[-0.180656,51.531597]},"properties":{"site":"Hill Road","location":"Opposite Alma Square Junction","lamp_column":"10","operator":"Shell Recharge","speed_class":"lccp","speeds":"5.5kW","bays":1,"bay_types":"LCCP","dedicated":false,"status":"installed","ward":"Abbey Road","cp_ids":"806749"}},{"type":"Feature","id":1096,"geometry":{"type":"Point","coordinates":[-0.179746,51.531953]},"properties":{"site":"Hill Road","location":"Opposite No.18","lamp_column":"6","operator":"Shell Recharge","speed_class":"lccp","speeds":"5.5kW","bays":1,"bay_types":"LCCP","dedicated":false,"status":"installed","ward":"Abbey Road","cp_ids":"806748"}},{"type":"Feature","id":1097,"geometry":{"type":"Point","coordinates":[-0.180236,51.531804]},"properties":{"site":"Hill Road","location":"Side Of No.10 Nugent Terrace","lamp_column":"8","operator":"Shell Recharge","speed_class":"lccp","speeds":"5.5kW","bays":1,"bay_types":"LCCP","dedicated":false,"status":"installed","ward":"Abbey Road","cp_ids":"806743"}},{"type":"Feature","id":1098,"geometry":{"type":"Point","coordinates":[-0.149307,51.508167]},"properties":{"site":"Hill Street","location":"At Or Outside 33","lamp_column":"5","operator":"Shell Recharge","speed_class":"lccp","speeds":"5.5kW","bays":1,"bay_types":"LCCP","dedicated":false,"status":"installed","ward":"West End","cp_ids":null}},{"type":"Feature","id":1099,"geometry":{"type":"Point","coordinates":[-0.151632,51.516845]},"properties":{"site":"Hinde Street","location":"Outside 13","lamp_column":null,"operator":"TotalEnergies","speed_class":"fast","speeds":"7kW","bays":2,"bay_types":"EV Bay","dedicated":true,"status":"installed","ward":"Marylebone","cp_ids":"9860001220, 9860001250"}},{"type":"Feature","id":1100,"geometry":{"type":"Point","coordinates":[-0.165525,51.519714]},"properties":{"site":"Homer Street","location":"Side Of Apartments","lamp_column":"6","operator":"Shell Recharge","speed_class":"lccp","speeds":"5.5kW","bays":1,"bay_types":"LCCP","dedicated":false,"status":"installed","ward":"Marylebone","cp_ids":"807374"}},{"type":"Feature","id":1101,"geometry":{"type":"Point","coordinates":[-0.204016,51.524044]},"properties":{"site":"Hormead Road","location":"At Or Outside 41","lamp_column":"5","operator":"Shell Recharge","speed_class":"lccp","speeds":"5.5kW","bays":1,"bay_types":"LCCP - Dedicated","dedicated":true,"status":"installed","ward":"Harrow Road","cp_ids":"602427"}},{"type":"Feature","id":1102,"geometry":{"type":"Point","coordinates":[-0.204261,51.524206]},"properties":{"site":"Hormead Road","location":"At Or Outside 49","lamp_column":"4","operator":"Shell Recharge","speed_class":"lccp","speeds":"5.5kW","bays":1,"bay_types":"LCCP - Dedicated","dedicated":true,"status":"installed","ward":"Harrow Road","cp_ids":"602428"}},{"type":"Feature","id":1103,"geometry":{"type":"Point","coordinates":[-0.202571,51.523377]},"properties":{"site":"Hormead Road","location":"Opposite 10","lamp_column":"9","operator":"Shell Recharge","speed_class":"lccp","speeds":"5.5kW","bays":1,"bay_types":"LCCP - Dedicated","dedicated":true,"status":"installed","ward":"Harrow Road","cp_ids":"602426"}},{"type":"Feature","id":1104,"geometry":{"type":"Point","coordinates":[-0.128436,51.494876]},"properties":{"site":"Horseferry Road","location":"Opposite 56","lamp_column":null,"operator":"ESB","speed_class":"rapid","speeds":"50kW","bays":2,"bay_types":"EV Bay","dedicated":true,"status":"installed","ward":"St James's","cp_ids":"UT05RF, UT01CZ"}},{"type":"Feature","id":1105,"geometry":{"type":"Point","coordinates":[-0.128252,51.494841]},"properties":{"site":"Horseferry Road","location":"Opposite 70 (The Courthouse)","lamp_column":null,"operator":"TotalEnergies","speed_class":"fast","speeds":"22kW","bays":2,"bay_types":"EV Bay","dedicated":true,"status":"installed","ward":"Vincent Square","cp_ids":null}},{"type":"Feature","id":1106,"geometry":{"type":"Point","coordinates":[-0.131385,51.49481]},"properties":{"site":"Horseferry Road","location":"Opposite 94a","lamp_column":"14","operator":"Shell Recharge","speed_class":"lccp","speeds":"5.5kW","bays":1,"bay_types":"LCCP","dedicated":false,"status":"installed","ward":"Vincent Square","cp_ids":"808373"}},{"type":"Feature","id":1107,"geometry":{"type":"Point","coordinates":[-0.129328,51.494636]},"properties":{"site":"Horseferry Road","location":"Outside 33 Horseferry Road (Feeder Pillar Post Outside 35-41 Horseferry Road)","lamp_column":null,"operator":"TotalEnergies","speed_class":"fast","speeds":"22kW","bays":2,"bay_types":"EV Bay","dedicated":true,"status":"installed","ward":"Vincent Square","cp_ids":null}},{"type":"Feature","id":1108,"geometry":{"type":"Point","coordinates":[-0.12838,51.494903]},"properties":{"site":"Horseferry Road","location":"Outside70 Horseferry Road, London, Sw1p 2ax","lamp_column":null,"operator":"TotalEnergies","speed_class":"fast","speeds":"22kW","bays":2,"bay_types":"EV Bay","dedicated":true,"status":"installed","ward":"St James's","cp_ids":"TBC"}},{"type":"Feature","id":1109,"geometry":{"type":"Point","coordinates":[-0.138204,51.496738]},"properties":{"site":"Howick Place","location":"Rear Of 123 Victoria Street","lamp_column":"3","operator":"Shell Recharge","speed_class":"lccp","speeds":"5.5kW","bays":1,"bay_types":"LCCP","dedicated":false,"status":"installed","ward":"Vincent Square","cp_ids":"807142"}},{"type":"Feature","id":1110,"geometry":{"type":"Point","coordinates":[-0.180084,51.52139]},"properties":{"site":"Howley Place","location":"At Or Outside 18","lamp_column":"4","operator":"Shell Recharge","speed_class":"lccp","speeds":"5.5kW","bays":1,"bay_types":"LCCP","dedicated":false,"status":"installed","ward":"Little Venice","cp_ids":"807448"}},{"type":"Feature","id":1111,"geometry":{"type":"Point","coordinates":[-0.180404,51.521199]},"properties":{"site":"Howley Place","location":"At Or Outside 20","lamp_column":"5","operator":"Shell Recharge","speed_class":"lccp","speeds":"5.5kW","bays":1,"bay_types":"LCCP","dedicated":false,"status":"installed","ward":"Little Venice","cp_ids":"801864"}},{"type":"Feature","id":1112,"geometry":{"type":"Point","coordinates":[-0.179407,51.52179]},"properties":{"site":"Howley Place","location":"At Or Outside 6","lamp_column":"2","operator":"Shell Recharge","speed_class":"lccp","speeds":"5.5kW","bays":1,"bay_types":"LCCP","dedicated":false,"status":"installed","ward":"Little Venice","cp_ids":"808000"}},{"type":"Feature","id":1113,"geometry":{"type":"Point","coordinates":[-0.179025,51.521912]},"properties":{"site":"Howley Place","location":"Opposite 2","lamp_column":"1","operator":"Shell Recharge","speed_class":"lccp","speeds":"5.5kW","bays":1,"bay_types":"LCCP","dedicated":false,"status":"installed","ward":"Little Venice","cp_ids":"808003"}},{"type":"Feature","id":1114,"geometry":{"type":"Point","coordinates":[-0.212796,51.52795]},"properties":{"site":"Huxley Street","location":"At Or Outside 1","lamp_column":"5","operator":"Shell Recharge","speed_class":"lccp","speeds":"5.5kW","bays":1,"bay_types":"LCCP - Dedicated","dedicated":true,"status":"installed","ward":"Queen's Park","cp_ids":"603347"}},{"type":"Feature","id":1115,"geometry":{"type":"Point","coordinates":[-0.212616,51.528151]},"properties":{"site":"Huxley Street","location":"At Or Outside 12","lamp_column":"4","operator":"Shell Recharge","speed_class":"lccp","speeds":"5.5kW","bays":1,"bay_types":"LCCP","dedicated":false,"status":"installed","ward":"Queen's Park","cp_ids":"808110"}},{"type":"Feature","id":1116,"geometry":{"type":"Point","coordinates":[-0.212562,51.528348]},"properties":{"site":"Huxley Street","location":"At Or Outside 20/22","lamp_column":"3","operator":"Shell Recharge","speed_class":"lccp","speeds":"5.5kW","bays":1,"bay_types":"LCCP","dedicated":false,"status":"installed","ward":"Queen's Park","cp_ids":"603344"}},{"type":"Feature","id":1117,"geometry":{"type":"Point","coordinates":[-0.212502,51.528578]},"properties":{"site":"Huxley Street","location":"At Or Outside 32","lamp_column":"2","operator":"Shell Recharge","speed_class":"lccp","speeds":"5.5kW","bays":1,"bay_types":"LCCP","dedicated":false,"status":"installed","ward":"Queen's Park","cp_ids":"808112"}},{"type":"Feature","id":1118,"geometry":{"type":"Point","coordinates":[-0.212418,51.528899]},"properties":{"site":"Huxley Street","location":"At Or Outside 48","lamp_column":"1","operator":"Shell Recharge","speed_class":"lccp","speeds":"5.5kW","bays":1,"bay_types":"LCCP - Dedicated","dedicated":true,"status":"installed","ward":"Queen's Park","cp_ids":"603349"}},{"type":"Feature","id":1119,"geometry":{"type":"Point","coordinates":[-0.168977,51.515719]},"properties":{"site":"Hyde Park Crescent","location":"At Or Outside No.1-33 Castleacre","lamp_column":"13","operator":"Shell Recharge","speed_class":"lccp","speeds":"5.5kW","bays":1,"bay_types":"LCCP","dedicated":false,"status":"installed","ward":"Hyde Park","cp_ids":"807881"}},{"type":"Feature","id":1120,"geometry":{"type":"Point","coordinates":[-0.169251,51.515429]},"properties":{"site":"Hyde Park Crescent","location":"At Or Outside No.11 Junction With Somers Crescent","lamp_column":"10","operator":"Shell Recharge","speed_class":"lccp","speeds":"5.5kW","bays":1,"bay_types":"LCCP","dedicated":false,"status":"installed","ward":"Hyde Park","cp_ids":"805032"}},{"type":"Feature","id":1121,"geometry":{"type":"Point","coordinates":[-0.169235,51.515631]},"properties":{"site":"Hyde Park Crescent","location":"At Or Outside No.12","lamp_column":"12","operator":"Shell Recharge","speed_class":"lccp","speeds":"5.5kW","bays":1,"bay_types":"LCCP","dedicated":false,"status":"installed","ward":"Hyde Park","cp_ids":"805097"}},{"type":"Feature","id":1122,"geometry":{"type":"Point","coordinates":[-0.168517,51.51487]},"properties":{"site":"Hyde Park Crescent","location":"At Or Outside No.3","lamp_column":"5","operator":"Shell Recharge","speed_class":"lccp","speeds":"5.5kW","bays":1,"bay_types":"LCCP","dedicated":false,"status":"installed","ward":"Hyde Park","cp_ids":"802015"}},{"type":"Feature","id":1123,"geometry":{"type":"Point","coordinates":[-0.169042,51.515371]},"properties":{"site":"Hyde Park Crescent","location":"Opposite No.11","lamp_column":"9","operator":"Shell Recharge","speed_class":"lccp","speeds":"5.5kW","bays":1,"bay_types":"LCCP","dedicated":false,"status":"installed","ward":"Hyde Park","cp_ids":"807880"}},{"type":"Feature","id":1124,"geometry":{"type":"Point","coordinates":[-0.169061,51.515535]},"properties":{"site":"Hyde Park Crescent","location":"Opposite No.12 Junction With Somers Crescent","lamp_column":"11","operator":"Shell Recharge","speed_class":"lccp","speeds":"5.5kW","bays":1,"bay_types":"LCCP","dedicated":false,"status":"installed","ward":"Hyde Park","cp_ids":"807882"}},{"type":"Feature","id":1125,"geometry":{"type":"Point","coordinates":[-0.168137,51.51496]},"properties":{"site":"Hyde Park Crescent","location":"Opposite No.40 Junction With Hyde Park Street","lamp_column":"3","operator":"Shell Recharge","speed_class":"lccp","speeds":"5.5kW","bays":1,"bay_types":"LCCP","dedicated":false,"status":"installed","ward":"Hyde Park","cp_ids":"807879"}},{"type":"Feature","id":1126,"geometry":{"type":"Point","coordinates":[-0.168861,51.514981]},"properties":{"site":"Hyde Park Crescent","location":"Side Of No.12 Southwick Place","lamp_column":"6","operator":"Shell Recharge","speed_class":"lccp","speeds":"5.5kW","bays":1,"bay_types":"LCCP","dedicated":false,"status":"installed","ward":"Hyde Park","cp_ids":"805007"}},{"type":"Feature","id":1127,"geometry":{"type":"Point","coordinates":[-0.171745,51.512857]},"properties":{"site":"Hyde Park Gardens","location":"At Or Outside 19","lamp_column":"2","operator":"Shell Recharge","speed_class":"lccp","speeds":"5.5kW","bays":1,"bay_types":"LCCP","dedicated":false,"status":"installed","ward":"Hyde Park","cp_ids":"807907"}},{"type":"Feature","id":1128,"geometry":{"type":"Point","coordinates":[-0.171022,51.512928]},"properties":{"site":"Hyde Park Gardens","location":"Between 13 & 14","lamp_column":"6","operator":"Shell Recharge","speed_class":"lccp","speeds":"5.5kW","bays":1,"bay_types":"LCCP","dedicated":false,"status":"installed","ward":"Hyde Park","cp_ids":"801798"}},{"type":"Feature","id":1129,"geometry":{"type":"Point","coordinates":[-0.168722,51.514282]},"properties":{"site":"Hyde Park Square","location":"At Or Outside 11","lamp_column":"2","operator":"Shell Recharge","speed_class":"lccp","speeds":"5.5kW","bays":1,"bay_types":"LCCP","dedicated":false,"status":"installed","ward":"Hyde Park","cp_ids":"807871"}},{"type":"Feature","id":1130,"geometry":{"type":"Point","coordinates":[-0.169041,51.51425]},"properties":{"site":"Hyde Park Square","location":"At Or Outside 15","lamp_column":"3","operator":"Shell Recharge","speed_class":"lccp","speeds":"5.5kW","bays":1,"bay_types":"LCCP","dedicated":false,"status":"installed","ward":"Hyde Park","cp_ids":"801791"}},{"type":"Feature","id":1131,"geometry":{"type":"Point","coordinates":[-0.16938,51.514215]},"properties":{"site":"Hyde Park Square","location":"At Or Outside 18","lamp_column":"4","operator":"Shell Recharge","speed_class":"lccp","speeds":"5.5kW","bays":1,"bay_types":"LCCP","dedicated":false,"status":"installed","ward":"Hyde Park","cp_ids":"807877"}},{"type":"Feature","id":1132,"geometry":{"type":"Point","coordinates":[-0.168344,51.514321]},"properties":{"site":"Hyde Park Square","location":"At Or Outside 1a","lamp_column":"1","operator":"Shell Recharge","speed_class":"lccp","speeds":"5.5kW","bays":1,"bay_types":"LCCP","dedicated":false,"status":"installed","ward":"Hyde Park","cp_ids":"807878"}},{"type":"Feature","id":1133,"geometry":{"type":"Point","coordinates":[-0.169818,51.514173]},"properties":{"site":"Hyde Park Square","location":"At Or Outside 20a","lamp_column":"5","operator":"Shell Recharge","speed_class":"lccp","speeds":"5.5kW","bays":1,"bay_types":"LCCP","dedicated":false,"status":"installed","ward":"Hyde Park","cp_ids":"807876"}},{"type":"Feature","id":1134,"geometry":{"type":"Point","coordinates":[-0.170157,51.514084]},"properties":{"site":"Hyde Park Square","location":"At Or Outside 23","lamp_column":"7","operator":"Shell Recharge","speed_class":"lccp","speeds":"5.5kW","bays":1,"bay_types":"LCCP","dedicated":false,"status":"installed","ward":"Hyde Park","cp_ids":"801790"}},{"type":"Feature","id":1135,"geometry":{"type":"Point","coordinates":[-0.170085,51.513832]},"properties":{"site":"Hyde Park Square","location":"At Or Outside 24","lamp_column":"8","operator":"Shell Recharge","speed_class":"lccp","speeds":"5.5kW","bays":1,"bay_types":"LCCP","dedicated":false,"status":"installed","ward":"Hyde Park","cp_ids":"801792"}},{"type":"Feature","id":1136,"geometry":{"type":"Point","coordinates":[-0.169669,51.513723]},"properties":{"site":"Hyde Park Square","location":"At Or Outside 35","lamp_column":"10","operator":"Shell Recharge","speed_class":"lccp","speeds":"5.5kW","bays":1,"bay_types":"LCCP","dedicated":false,"status":"installed","ward":"Hyde Park","cp_ids":"801794"}},{"type":"Feature","id":1137,"geometry":{"type":"Point","coordinates":[-0.167899,51.5136]},"properties":{"site":"Hyde Park Street","location":"At Or Outside No.24/26","lamp_column":"8","operator":"Shell Recharge","speed_class":"lccp","speeds":"5.5kW","bays":1,"bay_types":"LCCP","dedicated":false,"status":"installed","ward":"Hyde Park","cp_ids":"801736"}},{"type":"Feature","id":1138,"geometry":{"type":"Point","coordinates":[-0.167907,51.513084]},"properties":{"site":"Hyde Park Street","location":"At Or Outside No.9","lamp_column":"11","operator":"Shell Recharge","speed_class":"lccp","speeds":"5.5kW","bays":1,"bay_types":"LCCP","dedicated":false,"status":"installed","ward":"Hyde Park","cp_ids":"801738"}},{"type":"Feature","id":1139,"geometry":{"type":"Point","coordinates":[-0.207955,51.528763]},"properties":{"site":"Ilbert Street","location":"At Or Outside 10/12","lamp_column":"25","operator":"Shell Recharge","speed_class":"lccp","speeds":"5.5kW","bays":1,"bay_types":"LCCP","dedicated":false,"status":"installed","ward":"Queen's Park","cp_ids":"806423"}},{"type":"Feature","id":1140,"geometry":{"type":"Point","coordinates":[-0.212717,51.529165]},"properties":{"site":"Ilbert Street","location":"At Or Outside 107/109","lamp_column":"10","operator":"Shell Recharge","speed_class":"lccp","speeds":"5.5kW","bays":1,"bay_types":"LCCP","dedicated":false,"status":"installed","ward":"Queen's Park","cp_ids":"806431"}},{"type":"Feature","id":1141,"geometry":{"type":"Point","coordinates":[-0.212389,51.529232]},"properties":{"site":"Ilbert Street","location":"At Or Outside 110/112","lamp_column":"11","operator":"Shell Recharge","speed_class":"lccp","speeds":"5.5kW","bays":1,"bay_types":"LCCP","dedicated":false,"status":"installed","ward":"Queen's Park","cp_ids":"806433"}},{"type":"Feature","id":1142,"geometry":{"type":"Point","coordinates":[-0.213388,51.529236]},"properties":{"site":"Ilbert Street","location":"At Or Outside 123/125","lamp_column":"8","operator":"Shell Recharge","speed_class":"lccp","speeds":"5.5kW","bays":1,"bay_types":"LCCP","dedicated":false,"status":"installed","ward":"Queen's Park","cp_ids":"806436"}},{"type":"Feature","id":1143,"geometry":{"type":"Point","coordinates":[-0.213601,51.529362]},"properties":{"site":"Ilbert Street","location":"At Or Outside 136","lamp_column":"7","operator":"Shell Recharge","speed_class":"lccp","speeds":"5.5kW","bays":1,"bay_types":"LCCP","dedicated":false,"status":"installed","ward":"Queen's Park","cp_ids":"806434"}},{"type":"Feature","id":1144,"geometry":{"type":"Point","coordinates":[-0.214263,51.529458]},"properties":{"site":"Ilbert Street","location":"At Or Outside 144-154","lamp_column":"5","operator":"Shell Recharge","speed_class":"lccp","speeds":"5.5kW","bays":1,"bay_types":"LCCP","dedicated":false,"status":"installed","ward":"Queen's Park","cp_ids":"806300"}},{"type":"Feature","id":1145,"geometry":{"type":"Point","coordinates":[-0.209522,51.528929]},"properties":{"site":"Ilbert Street","location":"At Or Outside 54","lamp_column":"21","operator":"Shell Recharge","speed_class":"lccp","speeds":"5.5kW","bays":1,"bay_types":"LCCP","dedicated":false,"status":"installed","ward":"Queen's Park","cp_ids":"602447"}},{"type":"Feature","id":1146,"geometry":{"type":"Point","coordinates":[-0.210253,51.5289]},"properties":{"site":"Ilbert Street","location":"At Or Outside 67 St Johns","lamp_column":"18","operator":"Shell Recharge","speed_class":"lccp","speeds":"5.5kW","bays":1,"bay_types":"LCCP","dedicated":false,"status":"installed","ward":"Queen's Park","cp_ids":"806427"}},{"type":"Feature","id":1147,"geometry":{"type":"Point","coordinates":[-0.210111,51.528989]},"properties":{"site":"Ilbert Street","location":"At Or Outside 70","lamp_column":"19","operator":"Shell Recharge","speed_class":"lccp","speeds":"5.5kW","bays":1,"bay_types":"LCCP","dedicated":false,"status":"installed","ward":"Queen's Park","cp_ids":"806425"}},{"type":"Feature","id":1148,"geometry":{"type":"Point","coordinates":[-0.210535,51.528931]},"properties":{"site":"Ilbert Street","location":"At Or Outside 73","lamp_column":"17","operator":"Shell Recharge","speed_class":"lccp","speeds":"5.5kW","bays":1,"bay_types":"LCCP","dedicated":false,"status":"installed","ward":"Queen's Park","cp_ids":"806430"}},{"type":"Feature","id":1149,"geometry":{"type":"Point","coordinates":[-0.210843,51.529066]},"properties":{"site":"Ilbert Street","location":"At Or Outside 90","lamp_column":"16","operator":"Shell Recharge","speed_class":"lccp","speeds":"5.5kW","bays":1,"bay_types":"LCCP","dedicated":false,"status":"installed","ward":"Queen's Park","cp_ids":"602448"}},{"type":"Feature","id":1150,"geometry":{"type":"Point","coordinates":[-0.211219,51.529002]},"properties":{"site":"Ilbert Street","location":"At Or Outside 91","lamp_column":"15","operator":"Shell Recharge","speed_class":"lccp","speeds":"5.5kW","bays":1,"bay_types":"LCCP","dedicated":false,"status":"installed","ward":"Queen's Park","cp_ids":"806435"}},{"type":"Feature","id":1151,"geometry":{"type":"Point","coordinates":[-0.208771,51.528744]},"properties":{"site":"Ilbert Street","location":"Opposite 32","lamp_column":"23","operator":"Shell Recharge","speed_class":"lccp","speeds":"5.5kW","bays":1,"bay_types":"LCCP","dedicated":false,"status":"installed","ward":"Queen's Park","cp_ids":"602446"}},{"type":"Feature","id":1152,"geometry":{"type":"Point","coordinates":[-0.209016,51.528771]},"properties":{"site":"Ilbert Street","location":"Opposite 40","lamp_column":"22","operator":"Shell Recharge","speed_class":"lccp","speeds":"5.5kW","bays":1,"bay_types":"LCCP","dedicated":false,"status":"installed","ward":"Queen's Park","cp_ids":"806429"}},{"type":"Feature","id":1153,"geometry":{"type":"Point","coordinates":[-0.214589,51.529406]},"properties":{"site":"Ilbert Street","location":"Opposite Oliphant Street","lamp_column":"4","operator":"Shell Recharge","speed_class":"lccp","speeds":"5.5kW","bays":1,"bay_types":"LCCP","dedicated":false,"status":"installed","ward":"Queen's Park","cp_ids":"806302"}},{"type":"Feature","id":1154,"geometry":{"type":"Point","coordinates":[-0.213934,51.529308]},"properties":{"site":"Ilbert Street","location":"Opposite Peach Rd","lamp_column":"6","operator":"Shell Recharge","speed_class":"lccp","speeds":"5.5kW","bays":1,"bay_types":"LCCP","dedicated":false,"status":"installed","ward":"Queen's Park","cp_ids":"806432"}},{"type":"Feature","id":1155,"geometry":{"type":"Point","coordinates":[-0.191112,51.512872]},"properties":{"site":"Ilchester Gardens","location":"At Or Outside 25","lamp_column":"6","operator":"Shell Recharge","speed_class":"lccp","speeds":"5.5kW","bays":1,"bay_types":"LCCP","dedicated":false,"status":"installed","ward":"Bayswater","cp_ids":"807344"}},{"type":"Feature","id":1156,"geometry":{"type":"Point","coordinates":[-0.187393,51.515844]},"properties":{"site":"Inverness Terrace","location":"143 Inverness Terrace, At Junction With Bishop's Bridge Rd","lamp_column":null,"operator":"To be confirmed","speed_class":"rapid","speeds":"50kW","bays":1,"bay_types":"EV Bay","dedicated":true,"status":"planned","ward":"Lancaster Gate","cp_ids":"TBC"}},{"type":"Feature","id":1157,"geometry":{"type":"Point","coordinates":[-0.187387,51.515846]},"properties":{"site":"Inverness Terrace","location":"143 Inverness Terrace, At Junction With Bishop's Bridge Rd","lamp_column":null,"operator":"To be confirmed","speed_class":"rapid","speeds":"50-100kW","bays":1,"bay_types":"EV Bay","dedicated":true,"status":"planned","ward":"Lancaster Gate","cp_ids":null}},{"type":"Feature","id":1158,"geometry":{"type":"Point","coordinates":[-0.186724,51.513691]},"properties":{"site":"Inverness Terrace","location":"At Or Outside 102/104","lamp_column":"8","operator":"Shell Recharge","speed_class":"lccp","speeds":"5.5kW","bays":1,"bay_types":"LCCP","dedicated":false,"status":"installed","ward":"Lancaster Gate","cp_ids":"807254"}},{"type":"Feature","id":1159,"geometry":{"type":"Point","coordinates":[-0.186156,51.511795]},"properties":{"site":"Inverness Terrace","location":"At Or Outside 32","lamp_column":"18","operator":"Shell Recharge","speed_class":"lccp","speeds":"5.5kW","bays":1,"bay_types":"LCCP - Dedicated","dedicated":true,"status":"installed","ward":"Lancaster Gate","cp_ids":"606616"}},{"type":"Feature","id":1160,"geometry":{"type":"Point","coordinates":[-0.186145,51.511787]},"properties":{"site":"Inverness Terrace","location":"At Or Outside 32","lamp_column":"24","operator":"Shell Recharge","speed_class":"lccp","speeds":"5.5kW","bays":1,"bay_types":"LCCP","dedicated":false,"status":"installed","ward":"Lancaster Gate","cp_ids":"602106"}},{"type":"Feature","id":1161,"geometry":{"type":"Point","coordinates":[-0.185901,51.510996]},"properties":{"site":"Inverness Terrace","location":"At Or Outside No.2-6","lamp_column":"22","operator":"Shell Recharge","speed_class":"lccp","speeds":"5.5kW","bays":1,"bay_types":"LCCP","dedicated":false,"status":"installed","ward":"Lancaster Gate","cp_ids":"606617"}},{"type":"Feature","id":1162,"geometry":{"type":"Point","coordinates":[-0.18644,51.51192]},"properties":{"site":"Inverness Terrace","location":"At Or Outside No.33","lamp_column":"16","operator":"Shell Recharge","speed_class":"lccp","speeds":"5.5kW","bays":1,"bay_types":"LCCP - Dedicated","dedicated":true,"status":"installed","ward":"Lancaster Gate","cp_ids":"602105"}},{"type":"Feature","id":1163,"geometry":{"type":"Point","coordinates":[-0.186171,51.511161]},"properties":{"site":"Inverness Terrace","location":"At Or Outside No.7","lamp_column":"27","operator":"Shell Recharge","speed_class":"lccp","speeds":"5.5kW","bays":1,"bay_types":"LCCP - Dedicated","dedicated":true,"status":"installed","ward":"Lancaster Gate","cp_ids":"602840"}},{"type":"Feature","id":1164,"geometry":{"type":"Point","coordinates":[-0.186986,51.514661]},"properties":{"site":"Inverness Terrace","location":"Opposite Cervantes Court","lamp_column":"5","operator":"Shell Recharge","speed_class":"lccp","speeds":"5.5kW","bays":1,"bay_types":"LCCP","dedicated":false,"status":"installed","ward":"Lancaster Gate","cp_ids":"807256"}},{"type":"Feature","id":1165,"geometry":{"type":"Point","coordinates":[-0.187226,51.515038]},"properties":{"site":"Inverness Terrace","location":"Opposite Flat 5","lamp_column":"4","operator":"Shell Recharge","speed_class":"lccp","speeds":"5.5kW","bays":1,"bay_types":"LCCP","dedicated":false,"status":"installed","ward":"Lancaster Gate","cp_ids":"807440"}},{"type":"Feature","id":1166,"geometry":{"type":"Point","coordinates":[-0.186548,51.512973]},"properties":{"site":"Inverness Terrace","location":"Outside Cervantes Court No 1 -19","lamp_column":"11","operator":"Shell Recharge","speed_class":"lccp","speeds":"5.5kW","bays":1,"bay_types":"LCCP - Dedicated","dedicated":true,"status":"installed","ward":"Lancaster Gate","cp_ids":"602104"}},{"type":"Feature","id":1167,"geometry":{"type":"Point","coordinates":[-0.161935,51.524197]},"properties":{"site":"Ivor Place","location":"Opposite 11","lamp_column":"3","operator":"Shell Recharge","speed_class":"lccp","speeds":"5.5kW","bays":1,"bay_types":"LCCP","dedicated":false,"status":"installed","ward":"Regent's Park","cp_ids":"805292"}},{"type":"Feature","id":1168,"geometry":{"type":"Point","coordinates":[-0.169741,51.525907]},"properties":{"site":"Jerome Crescent","location":"O/P Chequers House","lamp_column":"9","operator":"Shell Recharge","speed_class":"lccp","speeds":"5.5kW","bays":1,"bay_types":"LCCP","dedicated":false,"status":"installed","ward":"Church Street","cp_ids":"801773"}},{"type":"Feature","id":1169,"geometry":{"type":"Point","coordinates":[-0.128706,51.491581]},"properties":{"site":"John Islip Street","location":"Alongide Millbank Gardens, Behind Tate","lamp_column":null,"operator":"To be confirmed","speed_class":"rapid","speeds":"50-100kW","bays":1,"bay_types":"EV Bay","dedicated":true,"status":"planned","ward":"Vincent Square","cp_ids":null}},{"type":"Feature","id":1170,"geometry":{"type":"Point","coordinates":[-0.130091,51.490017]},"properties":{"site":"John Islip Street","location":"At Or Outside In Vincent Square","lamp_column":"24","operator":"Shell Recharge","speed_class":"lccp","speeds":"5.5kW","bays":1,"bay_types":"LCCP","dedicated":false,"status":"installed","ward":"Vincent Square","cp_ids":"807120"}},{"type":"Feature","id":1171,"geometry":{"type":"Point","coordinates":[-0.127934,51.492446]},"properties":{"site":"John Islip Street","location":"At Or Outside Mallise House","lamp_column":"11","operator":"Shell Recharge","speed_class":"lccp","speeds":"5.5kW","bays":1,"bay_types":"LCCP","dedicated":false,"status":"installed","ward":"Vincent Square","cp_ids":"808376"}},{"type":"Feature","id":1172,"geometry":{"type":"Point","coordinates":[-0.129433,51.490609]},"properties":{"site":"John Islip Street","location":"Opposite Landseer House","lamp_column":"21","operator":"Shell Recharge","speed_class":"lccp","speeds":"5.5kW","bays":1,"bay_types":"LCCP - Dedicated","dedicated":true,"status":"installed","ward":"Vincent Square","cp_ids":"605410"}},{"type":"Feature","id":1173,"geometry":{"type":"Point","coordinates":[-0.12784,51.492748]},"properties":{"site":"John Islip Street","location":"Opposite North East Gate/Tate","lamp_column":"8","operator":"Shell Recharge","speed_class":"lccp","speeds":"5.5kW","bays":1,"bay_types":"LCCP","dedicated":false,"status":"installed","ward":"Vincent Square","cp_ids":"801332"}},{"type":"Feature","id":1174,"geometry":{"type":"Point","coordinates":[-0.129784,51.49022]},"properties":{"site":"John Islip Street","location":"Outside Wilkie House","lamp_column":null,"operator":"TotalEnergies","speed_class":"fast","speeds":"22kW","bays":2,"bay_types":"EV Bay","dedicated":true,"status":"installed","ward":"Vincent Square","cp_ids":null}},{"type":"Feature","id":1175,"geometry":{"type":"Point","coordinates":[-0.139415,51.486271]},"properties":{"site":"Johnson's Place","location":"At Or Outside 1 Coleridge House","lamp_column":"61","operator":"Shell Recharge","speed_class":"lccp","speeds":"5.5kW","bays":1,"bay_types":"LCCP","dedicated":false,"status":"installed","ward":"Pimlico South","cp_ids":"607979"}},{"type":"Feature","id":1176,"geometry":{"type":"Point","coordinates":[-0.140268,51.48608]},"properties":{"site":"Johnson's Place","location":"At Or Outside 11 Chaucer House","lamp_column":"67","operator":"Shell Recharge","speed_class":"lccp","speeds":"5.5kW","bays":1,"bay_types":"LCCP","dedicated":false,"status":"installed","ward":"Pimlico South","cp_ids":"607982"}},{"type":"Feature","id":1177,"geometry":{"type":"Point","coordinates":[-0.139473,51.48644]},"properties":{"site":"Johnson's Place","location":"At Or Outside 19 Coleridge House","lamp_column":"62","operator":"Shell Recharge","speed_class":"lccp","speeds":"5.5kW","bays":1,"bay_types":"LCCP","dedicated":false,"status":"installed","ward":"Pimlico South","cp_ids":"806685"}},{"type":"Feature","id":1178,"geometry":{"type":"Point","coordinates":[-0.14154,51.487428]},"properties":{"site":"Johnson's Place","location":"Side Of Langdale House","lamp_column":"76","operator":"Shell Recharge","speed_class":"lccp","speeds":"5.5kW","bays":1,"bay_types":"LCCP","dedicated":false,"status":"installed","ward":"Pimlico South","cp_ids":"809506"}},{"type":"Feature","id":1179,"geometry":{"type":"Point","coordinates":[-0.11979,51.513949]},"properties":{"site":"Kemble Street","location":"At Or Outside 6m From Bruce House","lamp_column":"10","operator":"Shell Recharge","speed_class":"lccp","speeds":"5.5kW","bays":1,"bay_types":"LCCP","dedicated":false,"status":"installed","ward":"St James's","cp_ids":"807299"}},{"type":"Feature","id":1180,"geometry":{"type":"Point","coordinates":[-0.119675,51.514221]},"properties":{"site":"Kemble Street","location":"Opposite 38m From Drury Lane O/S Kean Street","lamp_column":"8","operator":"Shell Recharge","speed_class":"lccp","speeds":"5.5kW","bays":1,"bay_types":"LCCP","dedicated":false,"status":"installed","ward":"St James's","cp_ids":"807293"}},{"type":"Feature","id":1181,"geometry":{"type":"Point","coordinates":[-0.165426,51.515188]},"properties":{"site":"Kendal Street","location":null,"lamp_column":null,"operator":"To be confirmed","speed_class":"rapid","speeds":"50kW","bays":1,"bay_types":"EV Bay","dedicated":true,"status":"planned","ward":"Hyde Park","cp_ids":"TBC"}},{"type":"Feature","id":1182,"geometry":{"type":"Point","coordinates":[-0.190032,51.513479]},"properties":{"site":"Kensington Gardens Square","location":"At Or Outside 10","lamp_column":"15","operator":"Shell Recharge","speed_class":"lccp","speeds":"5.5kW","bays":1,"bay_types":"LCCP","dedicated":false,"status":"installed","ward":"Bayswater","cp_ids":"807346"}},{"type":"Feature","id":1183,"geometry":{"type":"Point","coordinates":[-0.190647,51.51426]},"properties":{"site":"Kensington Gardens Square","location":"At Or Outside 28/29","lamp_column":"8","operator":"Shell Recharge","speed_class":"lccp","speeds":"5.5kW","bays":1,"bay_types":"LCCP - Dedicated","dedicated":true,"status":"installed","ward":"Bayswater","cp_ids":"606601"}},{"type":"Feature","id":1184,"geometry":{"type":"Point","coordinates":[-0.190749,51.514422]},"properties":{"site":"Kensington Gardens Square","location":"At Or Outside 31/32","lamp_column":"7","operator":"Shell Recharge","speed_class":"lccp","speeds":"5.5kW","bays":1,"bay_types":"LCCP - Dedicated","dedicated":true,"status":"installed","ward":"Bayswater","cp_ids":"602371"}},{"type":"Feature","id":1185,"geometry":{"type":"Point","coordinates":[-0.190842,51.514574]},"properties":{"site":"Kensington Gardens Square","location":"At Or Outside 34","lamp_column":"6","operator":"Shell Recharge","speed_class":"lccp","speeds":"5.5kW","bays":1,"bay_types":"LCCP","dedicated":false,"status":"installed","ward":"Bayswater","cp_ids":"606602"}},{"type":"Feature","id":1186,"geometry":{"type":"Point","coordinates":[-0.191171,51.515069]},"properties":{"site":"Kensington Gardens Square","location":"At Or Outside 43/44","lamp_column":"3","operator":"Shell Recharge","speed_class":"lccp","speeds":"5.5kW","bays":1,"bay_types":"LCCP - Dedicated","dedicated":true,"status":"installed","ward":"Bayswater","cp_ids":"602370"}},{"type":"Feature","id":1187,"geometry":{"type":"Point","coordinates":[-0.189905,51.514723]},"properties":{"site":"Kensington Gardens Square","location":"At Or Outside 67.68","lamp_column":"25","operator":"Shell Recharge","speed_class":"lccp","speeds":"5.5kW","bays":1,"bay_types":"LCCP - Dedicated","dedicated":true,"status":"installed","ward":"Bayswater","cp_ids":"606605"}},{"type":"Feature","id":1188,"geometry":{"type":"Point","coordinates":[-0.190549,51.514609]},"properties":{"site":"Kensington Gardens Square","location":"At Or Outside 86-92","lamp_column":"29","operator":"Shell Recharge","speed_class":"lccp","speeds":"5.5kW","bays":1,"bay_types":"LCCP","dedicated":false,"status":"installed","ward":"Bayswater","cp_ids":"807362"}},{"type":"Feature","id":1189,"geometry":{"type":"Point","coordinates":[-0.190919,51.514693]},"properties":{"site":"Kensington Gardens Square","location":"At Or Outside Near 38","lamp_column":"5","operator":"Shell Recharge","speed_class":"lccp","speeds":"5.5kW","bays":1,"bay_types":"LCCP","dedicated":false,"status":"installed","ward":"Bayswater","cp_ids":"606603"}},{"type":"Feature","id":1190,"geometry":{"type":"Point","coordinates":[-0.189698,51.513559]},"properties":{"site":"Kensington Gardens Square","location":"At Or Outside Phoenix Hotel","lamp_column":"16","operator":"Shell Recharge","speed_class":"lccp","speeds":"5.5kW","bays":1,"bay_types":"LCCP","dedicated":false,"status":"installed","ward":"Bayswater","cp_ids":"807348"}},{"type":"Feature","id":1191,"geometry":{"type":"Point","coordinates":[-0.1895,51.513608]},"properties":{"site":"Kensington Gardens Square","location":"At Or Outside Phoenix Hotel","lamp_column":"17","operator":"Shell Recharge","speed_class":"lccp","speeds":"5.5kW","bays":1,"bay_types":"LCCP","dedicated":false,"status":"installed","ward":"Bayswater","cp_ids":"606606"}},{"type":"Feature","id":1192,"geometry":{"type":"Point","coordinates":[-0.190379,51.513846]},"properties":{"site":"Kensington Gardens Square","location":"At Or Outside West Two Hotel","lamp_column":"11","operator":"Shell Recharge","speed_class":"lccp","speeds":"5.5kW","bays":1,"bay_types":"LCCP","dedicated":false,"status":"installed","ward":"Bayswater","cp_ids":"602372"}},{"type":"Feature","id":1193,"geometry":{"type":"Point","coordinates":[-0.190309,51.513733]},"properties":{"site":"Kensington Gardens Square","location":"At Or Outside West Two Hotel","lamp_column":"12","operator":"Shell Recharge","speed_class":"lccp","speeds":"5.5kW","bays":1,"bay_types":"LCCP","dedicated":false,"status":"installed","ward":"Bayswater","cp_ids":"807347"}},{"type":"Feature","id":1194,"geometry":{"type":"Point","coordinates":[-0.190448,51.51395]},"properties":{"site":"Kensington Gardens Square","location":"At Or Outside West Two Hotel 22-23","lamp_column":"10","operator":"Shell Recharge","speed_class":"lccp","speeds":"5.5kW","bays":1,"bay_types":"LCCP","dedicated":false,"status":"installed","ward":"Bayswater","cp_ids":"807349"}},{"type":"Feature","id":1195,"geometry":{"type":"Point","coordinates":[-0.190202,51.513572]},"properties":{"site":"Kensington Gardens Square","location":"Opposite 11","lamp_column":"13","operator":"Shell Recharge","speed_class":"lccp","speeds":"5.5kW","bays":1,"bay_types":"LCCP - Dedicated","dedicated":true,"status":"installed","ward":"Bayswater","cp_ids":"606604"}},{"type":"Feature","id":1196,"geometry":{"type":"Point","coordinates":[-0.183335,51.501659]},"properties":{"site":"Kensington Road","location":"Opposite Thorney Court","lamp_column":null,"operator":"ESB","speed_class":"rapid","speeds":"50kW","bays":1,"bay_types":"EV Taxi","dedicated":true,"status":"installed","ward":"Lancaster Gate","cp_ids":"UT05HC"}},{"type":"Feature","id":1197,"geometry":{"type":"Point","coordinates":[-0.214408,51.53151]},"properties":{"site":"Kilburn Lane","location":"At Or Outside 128/130","lamp_column":"19","operator":"Shell Recharge","speed_class":"lccp","speeds":"5.5kW","bays":1,"bay_types":"LCCP","dedicated":false,"status":"installed","ward":"Queen's Park","cp_ids":"806283"}},{"type":"Feature","id":1198,"geometry":{"type":"Point","coordinates":[-0.213663,51.531622]},"properties":{"site":"Kilburn Lane","location":"At Or Outside 152/154","lamp_column":"21","operator":"Shell Recharge","speed_class":"lccp","speeds":"5.5kW","bays":1,"bay_types":"LCCP","dedicated":false,"status":"installed","ward":"Queen's Park","cp_ids":"806281"}},{"type":"Feature","id":1199,"geometry":{"type":"Point","coordinates":[-0.212456,51.531754]},"properties":{"site":"Kilburn Lane","location":"At Or Outside 184/186","lamp_column":"24","operator":"Shell Recharge","speed_class":"lccp","speeds":"5.5kW","bays":1,"bay_types":"LCCP","dedicated":false,"status":"installed","ward":"Queen's Park","cp_ids":null}},{"type":"Feature","id":1200,"geometry":{"type":"Point","coordinates":[-0.215189,51.529957]},"properties":{"site":"Kilburn Lane","location":"At Or Outside 40","lamp_column":"11","operator":"Shell Recharge","speed_class":"lccp","speeds":"5.5kW","bays":1,"bay_types":"LCCP","dedicated":false,"status":"installed","ward":"Queen's Park","cp_ids":"806287"}},{"type":"Feature","id":1201,"geometry":{"type":"Point","coordinates":[-0.21509,51.53053]},"properties":{"site":"Kilburn Lane","location":"At Or Outside 72","lamp_column":"13","operator":"Shell Recharge","speed_class":"lccp","speeds":"5.5kW","bays":1,"bay_types":"LCCP - Dedicated","dedicated":true,"status":"installed","ward":"Queen's Park","cp_ids":"605282"}},{"type":"Feature","id":1202,"geometry":{"type":"Point","coordinates":[-0.215178,51.530838]},"properties":{"site":"Kilburn Lane","location":"At Or Outside 86/88","lamp_column":"14","operator":"Shell Recharge","speed_class":"lccp","speeds":"5.5kW","bays":1,"bay_types":"LCCP","dedicated":false,"status":"installed","ward":"Queen's Park","cp_ids":"806360"}},{"type":"Feature","id":1203,"geometry":{"type":"Point","coordinates":[-0.190027,51.534841]},"properties":{"site":"Kilburn Park Road","location":"At J/W Edgware Road","lamp_column":null,"operator":"To be confirmed","speed_class":"rapid","speeds":"50kW","bays":1,"bay_types":"EV Bay","dedicated":true,"status":"planned","ward":"Maida Vale","cp_ids":"TBC"}},{"type":"Feature","id":1204,"geometry":{"type":"Point","coordinates":[-0.190027,51.534842]},"properties":{"site":"Kilburn Park Road","location":"At J/W Edgware Road","lamp_column":null,"operator":"To be confirmed","speed_class":"rapid","speeds":"50-100kW","bays":1,"bay_types":"EV Bay","dedicated":true,"status":"planned","ward":"Maida Vale","cp_ids":null}},{"type":"Feature","id":1205,"geometry":{"type":"Point","coordinates":[-0.195872,51.528429]},"properties":{"site":"Kilburn Park Road","location":"At Or Outside 213b/215","lamp_column":"32","operator":"Shell Recharge","speed_class":"lccp","speeds":"5.5kW","bays":1,"bay_types":"LCCP","dedicated":false,"status":"installed","ward":"Maida Vale","cp_ids":"807058"}},{"type":"Feature","id":1206,"geometry":{"type":"Point","coordinates":[-0.189737,51.534895]},"properties":{"site":"Kilburn Park Road","location":"At Or Outside 245 Maida Vale","lamp_column":"1","operator":"Shell Recharge","speed_class":"lccp","speeds":"5.5kW","bays":1,"bay_types":"LCCP","dedicated":false,"status":"installed","ward":"Maida Vale","cp_ids":"807054"}},{"type":"Feature","id":1207,"geometry":{"type":"Point","coordinates":[-0.191435,51.534219]},"properties":{"site":"Kilburn Park Road","location":"At Or Outside High School","lamp_column":"9","operator":"Shell Recharge","speed_class":"lccp","speeds":"5.5kW","bays":1,"bay_types":"LCCP","dedicated":false,"status":"installed","ward":"Maida Vale","cp_ids":"807057"}},{"type":"Feature","id":1208,"geometry":{"type":"Point","coordinates":[-0.193943,51.530762]},"properties":{"site":"Kilburn Park Road","location":"At Or Outside No.105","lamp_column":"25","operator":"Shell Recharge","speed_class":"lccp","speeds":"5.5kW","bays":1,"bay_types":"LCCP","dedicated":false,"status":"installed","ward":"Maida Vale","cp_ids":"807050"}},{"type":"Feature","id":1209,"geometry":{"type":"Point","coordinates":[-0.195256,51.529169]},"properties":{"site":"Kilburn Park Road","location":"At Or Outside No.179/181","lamp_column":"30","operator":"Shell Recharge","speed_class":"lccp","speeds":"5.5kW","bays":1,"bay_types":"LCCP","dedicated":false,"status":"installed","ward":"Maida Vale","cp_ids":"807056"}},{"type":"Feature","id":1210,"geometry":{"type":"Point","coordinates":[-0.196124,51.528125]},"properties":{"site":"Kilburn Park Road","location":"At Or Outside No.227/229","lamp_column":"33","operator":"Shell Recharge","speed_class":"lccp","speeds":"5.5kW","bays":1,"bay_types":"LCCP","dedicated":false,"status":"installed","ward":"Maida Vale","cp_ids":"807436"}},{"type":"Feature","id":1211,"geometry":{"type":"Point","coordinates":[-0.19327,51.53157]},"properties":{"site":"Kilburn Park Road","location":"At Or Outside No.67/69","lamp_column":"22","operator":"Shell Recharge","speed_class":"lccp","speeds":"5.5kW","bays":1,"bay_types":"LCCP","dedicated":false,"status":"installed","ward":"Maida Vale","cp_ids":"807055"}},{"type":"Feature","id":1212,"geometry":{"type":"Point","coordinates":[-0.193627,51.531139]},"properties":{"site":"Kilburn Park Road","location":"At Or Outside No.82/83a","lamp_column":"23","operator":"Shell Recharge","speed_class":"lccp","speeds":"5.5kW","bays":1,"bay_types":"LCCP - Dedicated","dedicated":true,"status":"installed","ward":"Maida Vale","cp_ids":"605372"}},{"type":"Feature","id":1213,"geometry":{"type":"Point","coordinates":[-0.19185,51.533808]},"properties":{"site":"Kilburn Park Road","location":"Opp St Augustine's School","lamp_column":null,"operator":"To be confirmed","speed_class":"rapid","speeds":"50-100kW","bays":1,"bay_types":"EV Bay","dedicated":true,"status":"planned","ward":"Maida Vale","cp_ids":null}},{"type":"Feature","id":1214,"geometry":{"type":"Point","coordinates":[-0.190616,51.534471]},"properties":{"site":"Kilburn Park Road","location":"Opposite 3 Valeside House","lamp_column":"5","operator":"Shell Recharge","speed_class":"lccp","speeds":"5.5kW","bays":1,"bay_types":"LCCP","dedicated":false,"status":"installed","ward":"Maida Vale","cp_ids":"605371"}},{"type":"Feature","id":1215,"geometry":{"type":"Point","coordinates":[-0.192193,51.533572]},"properties":{"site":"Kilburn Park Road","location":"Opposite Church","lamp_column":"13","operator":"Shell Recharge","speed_class":"lccp","speeds":"5.5kW","bays":1,"bay_types":"LCCP","dedicated":false,"status":"installed","ward":"Maida Vale","cp_ids":"807414"}},{"type":"Feature","id":1216,"geometry":{"type":"Point","coordinates":[-0.190877,51.534497]},"properties":{"site":"Kilburn Park Road","location":"Opposite Torridon House","lamp_column":"6","operator":"Shell Recharge","speed_class":"lccp","speeds":"5.5kW","bays":1,"bay_types":"LCCP","dedicated":false,"status":"installed","ward":"Maida Vale","cp_ids":"807052"}},{"type":"Feature","id":1217,"geometry":{"type":"Point","coordinates":[-0.195492,51.528867]},"properties":{"site":"Kilburn Park Road","location":"Outside 135 Kilburn Park Road","lamp_column":null,"operator":"TotalEnergies","speed_class":"fast","speeds":"22kW","bays":2,"bay_types":"EV Bay","dedicated":true,"status":"installed","ward":"Maida Vale","cp_ids":null}},{"type":"Feature","id":1218,"geometry":{"type":"Point","coordinates":[-0.193396,51.516149]},"properties":{"site":"Kildare Gardens","location":"At Or Outside 15","lamp_column":"4","operator":"Shell Recharge","speed_class":"lccp","speeds":"5.5kW","bays":1,"bay_types":"LCCP","dedicated":false,"status":"installed","ward":"Bayswater","cp_ids":"808028"}},{"type":"Feature","id":1219,"geometry":{"type":"Point","coordinates":[-0.193084,51.516208]},"properties":{"site":"Kildare Gardens","location":"At Or Outside 16","lamp_column":"2","operator":"Shell Recharge","speed_class":"lccp","speeds":"5.5kW","bays":1,"bay_types":"LCCP","dedicated":false,"status":"installed","ward":"Bayswater","cp_ids":"808063"}},{"type":"Feature","id":1220,"geometry":{"type":"Point","coordinates":[-0.193473,51.516348]},"properties":{"site":"Kildare Gardens","location":"At Or Outside 7","lamp_column":"5","operator":"Shell Recharge","speed_class":"lccp","speeds":"5.5kW","bays":1,"bay_types":"LCCP","dedicated":false,"status":"installed","ward":"Bayswater","cp_ids":"808029"}},{"type":"Feature","id":1221,"geometry":{"type":"Point","coordinates":[-0.193548,51.517197]},"properties":{"site":"Kildare Terrace","location":"At Or Outside 14","lamp_column":"4","operator":"Shell Recharge","speed_class":"lccp","speeds":"5.5kW","bays":1,"bay_types":"LCCP","dedicated":false,"status":"installed","ward":"Bayswater","cp_ids":"808060"}},{"type":"Feature","id":1222,"geometry":{"type":"Point","coordinates":[-0.193633,51.517082]},"properties":{"site":"Kildare Terrace","location":"At Or Outside 17-19","lamp_column":"5","operator":"Shell Recharge","speed_class":"lccp","speeds":"5.5kW","bays":1,"bay_types":"LCCP","dedicated":false,"status":"installed","ward":"Bayswater","cp_ids":"808061"}},{"type":"Feature","id":1223,"geometry":{"type":"Point","coordinates":[-0.193669,51.517545]},"properties":{"site":"Kildare Terrace","location":"At Or Outside 2","lamp_column":"2","operator":"Shell Recharge","speed_class":"lccp","speeds":"5.5kW","bays":1,"bay_types":"LCCP","dedicated":false,"status":"installed","ward":"Bayswater","cp_ids":"808068"}},{"type":"Feature","id":1224,"geometry":{"type":"Point","coordinates":[-0.193564,51.516896]},"properties":{"site":"Kildare Terrace","location":"At Or Outside 27","lamp_column":"6","operator":"Shell Recharge","speed_class":"lccp","speeds":"5.5kW","bays":1,"bay_types":"LCCP","dedicated":false,"status":"installed","ward":"Bayswater","cp_ids":"808062"}},{"type":"Feature","id":1225,"geometry":{"type":"Point","coordinates":[-0.193745,51.51739]},"properties":{"site":"Kildare Terrace","location":"At Or Outside 5","lamp_column":"3","operator":"Shell Recharge","speed_class":"lccp","speeds":"5.5kW","bays":1,"bay_types":"LCCP","dedicated":false,"status":"installed","ward":"Bayswater","cp_ids":"808064"}},{"type":"Feature","id":1226,"geometry":{"type":"Point","coordinates":[-0.212147,51.529602]},"properties":{"site":"Kilravock Street","location":"At Or Outside 105/107","lamp_column":"3","operator":"Shell Recharge","speed_class":"lccp","speeds":"5.5kW","bays":1,"bay_types":"LCCP","dedicated":false,"status":"installed","ward":"Queen's Park","cp_ids":"806264"}},{"type":"Feature","id":1227,"geometry":{"type":"Point","coordinates":[-0.212487,51.52972]},"properties":{"site":"Kilravock Street","location":"At Or Outside 114/116","lamp_column":"2","operator":"Shell Recharge","speed_class":"lccp","speeds":"5.5kW","bays":1,"bay_types":"LCCP","dedicated":false,"status":"installed","ward":"Queen's Park","cp_ids":null}},{"type":"Feature","id":1228,"geometry":{"type":"Point","coordinates":[-0.208475,51.529215]},"properties":{"site":"Kilravock Street","location":"At Or Outside 17","lamp_column":"11","operator":"Shell Recharge","speed_class":"lccp","speeds":"5.5kW","bays":1,"bay_types":"LCCP","dedicated":false,"status":"installed","ward":"Queen's Park","cp_ids":"806262"}},{"type":"Feature","id":1229,"geometry":{"type":"Point","coordinates":[-0.208671,51.529313]},"properties":{"site":"Kilravock Street","location":"At Or Outside 22/24","lamp_column":"10","operator":"Shell Recharge","speed_class":"lccp","speeds":"5.5kW","bays":1,"bay_types":"LCCP","dedicated":false,"status":"installed","ward":"Queen's Park","cp_ids":"605083"}},{"type":"Feature","id":1230,"geometry":{"type":"Point","coordinates":[-0.210253,51.529482]},"properties":{"site":"Kilravock Street","location":"At Or Outside 70/72","lamp_column":"7","operator":"Shell Recharge","speed_class":"lccp","speeds":"5.5kW","bays":1,"bay_types":"LCCP","dedicated":false,"status":"installed","ward":"Queen's Park","cp_ids":"605084"}},{"type":"Feature","id":1231,"geometry":{"type":"Point","coordinates":[-0.210793,51.52946]},"properties":{"site":"Kilravock Street","location":"At Or Outside 89","lamp_column":"6","operator":"Shell Recharge","speed_class":"lccp","speeds":"5.5kW","bays":1,"bay_types":"LCCP","dedicated":false,"status":"installed","ward":"Queen's Park","cp_ids":"605085"}},{"type":"Feature","id":1232,"geometry":{"type":"Point","coordinates":[-0.211687,51.529556]},"properties":{"site":"Kilravock Street","location":"At Or Outside S/O 81 Fifth Avenue","lamp_column":"4","operator":"Shell Recharge","speed_class":"lccp","speeds":"5.5kW","bays":1,"bay_types":"LCCP","dedicated":false,"status":"installed","ward":"Queen's Park","cp_ids":null}},{"type":"Feature","id":1233,"geometry":{"type":"Point","coordinates":[-0.207842,51.529152]},"properties":{"site":"Kilravock Street","location":"Near S1","lamp_column":"13","operator":"Shell Recharge","speed_class":"lccp","speeds":"5.5kW","bays":1,"bay_types":"LCCP","dedicated":false,"status":"installed","ward":"Queen's Park","cp_ids":"806268"}},{"type":"Feature","id":1234,"geometry":{"type":"Point","coordinates":[-0.212809,51.529751]},"properties":{"site":"Kilravock Street","location":"Opposite 64","lamp_column":"1","operator":"Shell Recharge","speed_class":"lccp","speeds":"5.5kW","bays":1,"bay_types":"LCCP","dedicated":false,"status":"installed","ward":"Queen's Park","cp_ids":"605087"}},{"type":"Feature","id":1235,"geometry":{"type":"Point","coordinates":[-0.208162,51.52925]},"properties":{"site":"Kilravock Street","location":"Outside 4","lamp_column":"12","operator":"Shell Recharge","speed_class":"lccp","speeds":"5.5kW","bays":1,"bay_types":"LCCP","dedicated":false,"status":"installed","ward":"Queen's Park","cp_ids":"806260"}},{"type":"Feature","id":1236,"geometry":{"type":"Point","coordinates":[-0.1837,51.529014]},"properties":{"site":"Lanark Road","location":"At Or Outside 119","lamp_column":"21","operator":"Shell Recharge","speed_class":"lccp","speeds":"5.5kW","bays":1,"bay_types":"LCCP","dedicated":false,"status":"installed","ward":"Maida Vale","cp_ids":"807042"}},{"type":"Feature","id":1237,"geometry":{"type":"Point","coordinates":[-0.183928,51.529197]},"properties":{"site":"Lanark Road","location":"At Or Outside 127","lamp_column":"20","operator":"Shell Recharge","speed_class":"lccp","speeds":"5.5kW","bays":1,"bay_types":"LCCP","dedicated":false,"status":"installed","ward":"Maida Vale","cp_ids":"807044"}},{"type":"Feature","id":1238,"geometry":{"type":"Point","coordinates":[-0.184425,51.5296]},"properties":{"site":"Lanark Road","location":"At Or Outside 135","lamp_column":"18","operator":"Shell Recharge","speed_class":"lccp","speeds":"5.5kW","bays":1,"bay_types":"LCCP - Dedicated","dedicated":true,"status":"installed","ward":"Maida Vale","cp_ids":"601657"}},{"type":"Feature","id":1239,"geometry":{"type":"Point","coordinates":[-0.184655,51.52979]},"properties":{"site":"Lanark Road","location":"At Or Outside 143","lamp_column":"17","operator":"Shell Recharge","speed_class":"lccp","speeds":"5.5kW","bays":1,"bay_types":"LCCP","dedicated":false,"status":"installed","ward":"Maida Vale","cp_ids":"807110"}},{"type":"Feature","id":1240,"geometry":{"type":"Point","coordinates":[-0.180136,51.526148]},"properties":{"site":"Lanark Road","location":"At Or Outside 15","lamp_column":"36","operator":"Shell Recharge","speed_class":"lccp","speeds":"5.5kW","bays":1,"bay_types":"LCCP","dedicated":false,"status":"installed","ward":"Little Venice","cp_ids":"807046"}},{"type":"Feature","id":1241,"geometry":{"type":"Point","coordinates":[-0.186354,51.531205]},"properties":{"site":"Lanark Road","location":"At Or Outside 185","lamp_column":"10","operator":"Shell Recharge","speed_class":"lccp","speeds":"5.5kW","bays":1,"bay_types":"LCCP - Dedicated","dedicated":true,"status":"installed","ward":"Maida Vale","cp_ids":"605139"}},{"type":"Feature","id":1242,"geometry":{"type":"Point","coordinates":[-0.187003,51.531757]},"properties":{"site":"Lanark Road","location":"At Or Outside 201","lamp_column":"7","operator":"Shell Recharge","speed_class":"lccp","speeds":"5.5kW","bays":1,"bay_types":"LCCP","dedicated":false,"status":"installed","ward":"Maida Vale","cp_ids":"807118"}},{"type":"Feature","id":1243,"geometry":{"type":"Point","coordinates":[-0.180594,51.526528]},"properties":{"site":"Lanark Road","location":"At Or Outside 29b","lamp_column":"34","operator":"Shell Recharge","speed_class":"lccp","speeds":"5.5kW","bays":1,"bay_types":"LCCP","dedicated":false,"status":"installed","ward":"Little Venice","cp_ids":"805105"}},{"type":"Feature","id":1244,"geometry":{"type":"Point","coordinates":[-0.179667,51.525903]},"properties":{"site":"Lanark Road","location":"At Or Outside 4","lamp_column":"S5","operator":"Shell Recharge","speed_class":"lccp","speeds":"5.5kW","bays":1,"bay_types":"LCCP","dedicated":false,"status":"installed","ward":"Little Venice","cp_ids":"806305"}},{"type":"Feature","id":1245,"geometry":{"type":"Point","coordinates":[-0.181134,51.526969]},"properties":{"site":"Lanark Road","location":"At Or Outside 45b","lamp_column":"32","operator":"Shell Recharge","speed_class":"lccp","speeds":"5.5kW","bays":1,"bay_types":"LCCP","dedicated":false,"status":"installed","ward":"Little Venice","cp_ids":"601652"}},{"type":"Feature","id":1246,"geometry":{"type":"Point","coordinates":[-0.181412,51.52719]},"properties":{"site":"Lanark Road","location":"At Or Outside 49","lamp_column":"31","operator":"Shell Recharge","speed_class":"lccp","speeds":"5.5kW","bays":1,"bay_types":"LCCP","dedicated":false,"status":"installed","ward":"Little Venice","cp_ids":"807049"}},{"type":"Feature","id":1247,"geometry":{"type":"Point","coordinates":[-0.179883,51.525946]},"properties":{"site":"Lanark Road","location":"At Or Outside 7","lamp_column":"37","operator":"Shell Recharge","speed_class":"lccp","speeds":"5.5kW","bays":1,"bay_types":"LCCP - Dedicated","dedicated":true,"status":"installed","ward":"Little Venice","cp_ids":"601650"}},{"type":"Feature","id":1248,"geometry":{"type":"Point","coordinates":[-0.187698,51.532352]},"properties":{"site":"Lanark Road","location":"Opposite 235","lamp_column":"4","operator":"Shell Recharge","speed_class":"lccp","speeds":"5.5kW","bays":1,"bay_types":"LCCP","dedicated":false,"status":"installed","ward":"Maida Vale","cp_ids":"807116"}},{"type":"Feature","id":1249,"geometry":{"type":"Point","coordinates":[-0.184198,51.529414]},"properties":{"site":"Lanark Road","location":"Opposite Dundee House","lamp_column":"19","operator":"Shell Recharge","speed_class":"lccp","speeds":"5.5kW","bays":1,"bay_types":"LCCP","dedicated":false,"status":"installed","ward":"Maida Vale","cp_ids":"807112"}},{"type":"Feature","id":1250,"geometry":{"type":"Point","coordinates":[-0.1879,51.532527]},"properties":{"site":"Lanark Road","location":"Opposite School","lamp_column":"3","operator":"Shell Recharge","speed_class":"lccp","speeds":"5.5kW","bays":1,"bay_types":"LCCP","dedicated":false,"status":"installed","ward":"Maida Vale","cp_ids":"807114"}},{"type":"Feature","id":1251,"geometry":{"type":"Point","coordinates":[-0.181886,51.52758]},"properties":{"site":"Lanark Road","location":"Opposite Stuart Tower","lamp_column":"29","operator":"Shell Recharge","speed_class":"lccp","speeds":"5.5kW","bays":1,"bay_types":"LCCP","dedicated":false,"status":"installed","ward":"Little Venice","cp_ids":"807048"}},{"type":"Feature","id":1252,"geometry":{"type":"Point","coordinates":[-0.181917,51.511365]},"properties":{"site":"Lancaster Gate","location":"0","lamp_column":"8","operator":"Shell Recharge","speed_class":"lccp","speeds":"5.5kW","bays":1,"bay_types":"LCCP","dedicated":false,"status":"installed","ward":"Lancaster Gate","cp_ids":"807338"}},{"type":"Feature","id":1253,"geometry":{"type":"Point","coordinates":[-0.17763,51.511655]},"properties":{"site":"Lancaster Gate","location":"At Or Outside 109","lamp_column":"50","operator":"Shell Recharge","speed_class":"lccp","speeds":"5.5kW","bays":1,"bay_types":"LCCP","dedicated":false,"status":"installed","ward":"Lancaster Gate","cp_ids":"807321"}},{"type":"Feature","id":1254,"geometry":{"type":"Point","coordinates":[-0.178692,51.511886]},"properties":{"site":"Lancaster Gate","location":"At Or Outside 12","lamp_column":"41","operator":"Shell Recharge","speed_class":"lccp","speeds":"5.5kW","bays":1,"bay_types":"LCCP","dedicated":false,"status":"installed","ward":"Lancaster Gate","cp_ids":"807327"}},{"type":"Feature","id":1255,"geometry":{"type":"Point","coordinates":[-0.178328,51.511948]},"properties":{"site":"Lancaster Gate","location":"At Or Outside 12","lamp_column":"43","operator":"Shell Recharge","speed_class":"lccp","speeds":"5.5kW","bays":1,"bay_types":"LCCP","dedicated":false,"status":"installed","ward":"Lancaster Gate","cp_ids":"807323"}},{"type":"Feature","id":1256,"geometry":{"type":"Point","coordinates":[-0.179014,51.511833]},"properties":{"site":"Lancaster Gate","location":"At Or Outside 19","lamp_column":"39","operator":"Shell Recharge","speed_class":"lccp","speeds":"5.5kW","bays":1,"bay_types":"LCCP","dedicated":false,"status":"installed","ward":"Lancaster Gate","cp_ids":"807325"}},{"type":"Feature","id":1257,"geometry":{"type":"Point","coordinates":[-0.182783,51.511233]},"properties":{"site":"Lancaster Gate","location":"At Or Outside 1st From Leinster Terrace","lamp_column":"1","operator":"Shell Recharge","speed_class":"lccp","speeds":"5.5kW","bays":1,"bay_types":"LCCP","dedicated":false,"status":"installed","ward":"Lancaster Gate","cp_ids":"807314"}},{"type":"Feature","id":1258,"geometry":{"type":"Point","coordinates":[-0.179537,51.511744]},"properties":{"site":"Lancaster Gate","location":"At Or Outside 22","lamp_column":"35","operator":"Shell Recharge","speed_class":"lccp","speeds":"5.5kW","bays":1,"bay_types":"LCCP","dedicated":false,"status":"installed","ward":"Lancaster Gate","cp_ids":"807329"}},{"type":"Feature","id":1259,"geometry":{"type":"Point","coordinates":[-0.179352,51.51178]},"properties":{"site":"Lancaster Gate","location":"At Or Outside 22","lamp_column":"37","operator":"Shell Recharge","speed_class":"lccp","speeds":"5.5kW","bays":1,"bay_types":"LCCP","dedicated":false,"status":"installed","ward":"Lancaster Gate","cp_ids":"807328"}},{"type":"Feature","id":1260,"geometry":{"type":"Point","coordinates":[-0.179795,51.511735]},"properties":{"site":"Lancaster Gate","location":"At Or Outside 24","lamp_column":"30","operator":"Shell Recharge","speed_class":"lccp","speeds":"5.5kW","bays":1,"bay_types":"LCCP","dedicated":false,"status":"installed","ward":"Lancaster Gate","cp_ids":"807324"}},{"type":"Feature","id":1261,"geometry":{"type":"Point","coordinates":[-0.179925,51.511995]},"properties":{"site":"Lancaster Gate","location":"At Or Outside 27","lamp_column":"29","operator":"Shell Recharge","speed_class":"lccp","speeds":"5.5kW","bays":1,"bay_types":"LCCP","dedicated":false,"status":"installed","ward":"Lancaster Gate","cp_ids":"807326"}},{"type":"Feature","id":1262,"geometry":{"type":"Point","coordinates":[-0.180033,51.512197]},"properties":{"site":"Lancaster Gate","location":"At Or Outside 30","lamp_column":"28","operator":"Shell Recharge","speed_class":"lccp","speeds":"5.5kW","bays":1,"bay_types":"LCCP","dedicated":false,"status":"installed","ward":"Lancaster Gate","cp_ids":"807309"}},{"type":"Feature","id":1263,"geometry":{"type":"Point","coordinates":[-0.180106,51.512377]},"properties":{"site":"Lancaster Gate","location":"At Or Outside 33","lamp_column":"27","operator":"Shell Recharge","speed_class":"lccp","speeds":"5.5kW","bays":1,"bay_types":"LCCP","dedicated":false,"status":"installed","ward":"Lancaster Gate","cp_ids":"807306"}},{"type":"Feature","id":1264,"geometry":{"type":"Point","coordinates":[-0.180505,51.512486]},"properties":{"site":"Lancaster Gate","location":"At Or Outside 39","lamp_column":"25","operator":"Shell Recharge","speed_class":"lccp","speeds":"5.5kW","bays":1,"bay_types":"LCCP","dedicated":false,"status":"installed","ward":"Lancaster Gate","cp_ids":"807308"}},{"type":"Feature","id":1265,"geometry":{"type":"Point","coordinates":[-0.180876,51.512295]},"properties":{"site":"Lancaster Gate","location":"At Or Outside 45/44","lamp_column":"23","operator":"Shell Recharge","speed_class":"lccp","speeds":"5.5kW","bays":1,"bay_types":"LCCP","dedicated":false,"status":"installed","ward":"Lancaster Gate","cp_ids":"807320"}},{"type":"Feature","id":1266,"geometry":{"type":"Point","coordinates":[-0.180808,51.512149]},"properties":{"site":"Lancaster Gate","location":"At Or Outside 49/48","lamp_column":"22","operator":"Shell Recharge","speed_class":"lccp","speeds":"5.5kW","bays":1,"bay_types":"LCCP","dedicated":false,"status":"installed","ward":"Lancaster Gate","cp_ids":"807322"}},{"type":"Feature","id":1267,"geometry":{"type":"Point","coordinates":[-0.180674,51.511854]},"properties":{"site":"Lancaster Gate","location":"At Or Outside 50","lamp_column":"21","operator":"Shell Recharge","speed_class":"lccp","speeds":"5.5kW","bays":1,"bay_types":"LCCP","dedicated":false,"status":"installed","ward":"Lancaster Gate","cp_ids":"807307"}},{"type":"Feature","id":1268,"geometry":{"type":"Point","coordinates":[-0.180583,51.511695]},"properties":{"site":"Lancaster Gate","location":"At Or Outside 53","lamp_column":"20","operator":"Shell Recharge","speed_class":"lccp","speeds":"5.5kW","bays":1,"bay_types":"LCCP","dedicated":false,"status":"installed","ward":"Lancaster Gate","cp_ids":"807304"}},{"type":"Feature","id":1269,"geometry":{"type":"Point","coordinates":[-0.180296,51.511661]},"properties":{"site":"Lancaster Gate","location":"At Or Outside Front Of Church","lamp_column":null,"operator":"ESB","speed_class":"rapid","speeds":"50kW","bays":1,"bay_types":"EV Bay","dedicated":true,"status":"installed","ward":"Lancaster Gate","cp_ids":"UT09ED"}},{"type":"Feature","id":1270,"geometry":{"type":"Point","coordinates":[-0.182497,51.511277]},"properties":{"site":"Lancaster Gate","location":"At Or Outside Park Inn","lamp_column":"3","operator":"Shell Recharge","speed_class":"lccp","speeds":"5.5kW","bays":1,"bay_types":"LCCP","dedicated":false,"status":"installed","ward":"Lancaster Gate","cp_ids":"807336"}},{"type":"Feature","id":1271,"geometry":{"type":"Point","coordinates":[-0.182224,51.51132]},"properties":{"site":"Lancaster Gate","location":"At Or Outside Park Inn","lamp_column":"5","operator":"Shell Recharge","speed_class":"lccp","speeds":"5.5kW","bays":1,"bay_types":"LCCP","dedicated":false,"status":"installed","ward":"Lancaster Gate","cp_ids":"807334"}},{"type":"Feature","id":1272,"geometry":{"type":"Point","coordinates":[-0.180642,51.511455]},"properties":{"site":"Lancaster Gate","location":"Opp 55","lamp_column":"17","operator":"Shell Recharge","speed_class":"lccp","speeds":"5.5kW","bays":1,"bay_types":"LCCP","dedicated":false,"status":"installed","ward":"Lancaster Gate","cp_ids":"807335"}},{"type":"Feature","id":1273,"geometry":{"type":"Point","coordinates":[-0.18163,51.511411]},"properties":{"site":"Lancaster Gate","location":"Opp 85-83","lamp_column":"10","operator":"Shell Recharge","speed_class":"lccp","speeds":"5.5kW","bays":1,"bay_types":"LCCP","dedicated":false,"status":"installed","ward":"Lancaster Gate","cp_ids":"807332"}},{"type":"Feature","id":1274,"geometry":{"type":"Point","coordinates":[-0.177752,51.511599]},"properties":{"site":"Lancaster Gate","location":"Opposite 2 Lancaster Gate","lamp_column":null,"operator":"TotalEnergies","speed_class":"fast","speeds":"22kW","bays":2,"bay_types":"EV Bay","dedicated":true,"status":"installed","ward":"Lancaster Gate","cp_ids":null}},{"type":"Feature","id":1275,"geometry":{"type":"Point","coordinates":[-0.178619,51.511778]},"properties":{"site":"Lancaster Gate","location":"Outside 106","lamp_column":null,"operator":"TotalEnergies","speed_class":"fast","speeds":"22kW","bays":2,"bay_types":"EV Bay","dedicated":true,"status":"installed","ward":"Lancaster Gate","cp_ids":"9860001630"}},{"type":"Feature","id":1276,"geometry":{"type":"Point","coordinates":[-0.180706,51.511581]},"properties":{"site":"Lancaster Gate","location":"Outside 55","lamp_column":"18","operator":"Shell Recharge","speed_class":"lccp","speeds":"5.5kW","bays":1,"bay_types":"LCCP","dedicated":false,"status":"installed","ward":"Lancaster Gate","cp_ids":"807302"}},{"type":"Feature","id":1277,"geometry":{"type":"Point","coordinates":[-0.182428,51.511165]},"properties":{"site":"Lancaster Gate","location":"Outside 77","lamp_column":"4","operator":"Shell Recharge","speed_class":"lccp","speeds":"5.5kW","bays":1,"bay_types":"LCCP","dedicated":false,"status":"installed","ward":"Lancaster Gate","cp_ids":"807318"}},{"type":"Feature","id":1278,"geometry":{"type":"Point","coordinates":[-0.180347,51.511527]},"properties":{"site":"Lancaster Gate","location":"Side Of Barrie House","lamp_column":"19","operator":"Shell Recharge","speed_class":"lccp","speeds":"5.5kW","bays":1,"bay_types":"LCCP","dedicated":false,"status":"installed","ward":"Lancaster Gate","cp_ids":"807337"}},{"type":"Feature","id":1279,"geometry":{"type":"Point","coordinates":[-0.205484,51.528309]},"properties":{"site":"Lancefield Street","location":"At Or Outside 4","lamp_column":"2","operator":"Shell Recharge","speed_class":"lccp","speeds":"5.5kW","bays":1,"bay_types":"LCCP","dedicated":false,"status":"installed","ward":"Queen's Park","cp_ids":"806996"}},{"type":"Feature","id":1280,"geometry":{"type":"Point","coordinates":[-0.205684,51.528804]},"properties":{"site":"Lancefield Street","location":"At Or Outside Boyce House","lamp_column":"6","operator":"Shell Recharge","speed_class":"lccp","speeds":"5.5kW","bays":1,"bay_types":"LCCP","dedicated":false,"status":"installed","ward":"Queen's Park","cp_ids":"806998"}},{"type":"Feature","id":1281,"geometry":{"type":"Point","coordinates":[-0.205708,51.529039]},"properties":{"site":"Lancefield Street","location":"At Or Outside Boyce House","lamp_column":"8","operator":"Shell Recharge","speed_class":"lccp","speeds":"5.5kW","bays":1,"bay_types":"LCCP","dedicated":false,"status":"installed","ward":"Queen's Park","cp_ids":"807102"}},{"type":"Feature","id":1282,"geometry":{"type":"Point","coordinates":[-0.205664,51.529652]},"properties":{"site":"Lancefield Street","location":"At Or Outside Leeve House 1-12","lamp_column":"14","operator":"Shell Recharge","speed_class":"lccp","speeds":"5.5kW","bays":1,"bay_types":"LCCP","dedicated":false,"status":"installed","ward":"Queen's Park","cp_ids":null}},{"type":"Feature","id":1283,"geometry":{"type":"Point","coordinates":[-0.205565,51.5293]},"properties":{"site":"Lancefield Street","location":"At Or Outside No.20b St Judes House","lamp_column":"10","operator":"Shell Recharge","speed_class":"lccp","speeds":"5.5kW","bays":1,"bay_types":"LCCP","dedicated":false,"status":"installed","ward":"Queen's Park","cp_ids":"807104"}},{"type":"Feature","id":1284,"geometry":{"type":"Point","coordinates":[-0.20552,51.528997]},"properties":{"site":"Lancefield Street","location":"Opposite Boyce House","lamp_column":"7","operator":"Shell Recharge","speed_class":"lccp","speeds":"5.5kW","bays":1,"bay_types":"LCCP","dedicated":false,"status":"installed","ward":"Queen's Park","cp_ids":"806999"}},{"type":"Feature","id":1285,"geometry":{"type":"Point","coordinates":[-0.205626,51.528157]},"properties":{"site":"Lancefield Street","location":"Opposite No.78","lamp_column":"1","operator":"Shell Recharge","speed_class":"lccp","speeds":"5.5kW","bays":1,"bay_types":"LCCP","dedicated":false,"status":"installed","ward":"Queen's Park","cp_ids":"807469"}},{"type":"Feature","id":1286,"geometry":{"type":"Point","coordinates":[-0.205723,51.529839]},"properties":{"site":"Lancefield Street","location":"Outside 3 Lawes House","lamp_column":"15","operator":"Shell Recharge","speed_class":"lccp","speeds":"5.5kW","bays":1,"bay_types":"LCCP","dedicated":false,"status":"installed","ward":"Queen's Park","cp_ids":null}},{"type":"Feature","id":1287,"geometry":{"type":"Point","coordinates":[-0.178576,51.534325]},"properties":{"site":"Langford Place","location":"At Or Outside 14a","lamp_column":"4","operator":"Shell Recharge","speed_class":"lccp","speeds":"5.5kW","bays":1,"bay_types":"LCCP","dedicated":false,"status":"installed","ward":"Abbey Road","cp_ids":"806399"}},{"type":"Feature","id":1288,"geometry":{"type":"Point","coordinates":[-0.17916,51.534058]},"properties":{"site":"Langford Place","location":"Near Abbey Road","lamp_column":"6","operator":"Shell Recharge","speed_class":"lccp","speeds":"5.5kW","bays":1,"bay_types":"LCCP","dedicated":false,"status":"installed","ward":"Abbey Road","cp_ids":"801625"}},{"type":"Feature","id":1289,"geometry":{"type":"Point","coordinates":[-0.14182,51.518927]},"properties":{"site":"Langham Street","location":"At Or Outside 36","lamp_column":"16","operator":"Shell Recharge","speed_class":"lccp","speeds":"5.5kW","bays":1,"bay_types":"LCCP","dedicated":false,"status":"installed","ward":"West End","cp_ids":"807969"}},{"type":"Feature","id":1290,"geometry":{"type":"Point","coordinates":[-0.14202,51.518893]},"properties":{"site":"Langham Street","location":"Opposite Gt Portland Street","lamp_column":"15","operator":"Shell Recharge","speed_class":"lccp","speeds":"5.5kW","bays":1,"bay_types":"LCCP","dedicated":false,"status":"installed","ward":"West End","cp_ids":"807965"}},{"type":"Feature","id":1291,"geometry":{"type":"Point","coordinates":[-0.196784,51.526839]},"properties":{"site":"Lanhill Road","location":"At Or Outside 1 Bcd","lamp_column":"2","operator":"Shell Recharge","speed_class":"lccp","speeds":"5.5kW","bays":1,"bay_types":"LCCP","dedicated":false,"status":"installed","ward":"Maida Vale","cp_ids":"602587"}},{"type":"Feature","id":1292,"geometry":{"type":"Point","coordinates":[-0.196387,51.52678]},"properties":{"site":"Lanhill Road","location":"At Or Outside 16","lamp_column":"3","operator":"Shell Recharge","speed_class":"lccp","speeds":"5.5kW","bays":1,"bay_types":"LCCP","dedicated":false,"status":"installed","ward":"Maida Vale","cp_ids":"602588"}},{"type":"Feature","id":1293,"geometry":{"type":"Point","coordinates":[-0.196114,51.526598]},"properties":{"site":"Lanhill Road","location":"At Or Outside 17","lamp_column":"4","operator":"Shell Recharge","speed_class":"lccp","speeds":"5.5kW","bays":1,"bay_types":"LCCP","dedicated":false,"status":"installed","ward":"Maida Vale","cp_ids":"808087"}},{"type":"Feature","id":1294,"geometry":{"type":"Point","coordinates":[-0.195776,51.526562]},"properties":{"site":"Lanhill Road","location":"At Or Outside 32/34","lamp_column":"5","operator":"Shell Recharge","speed_class":"lccp","speeds":"5.5kW","bays":1,"bay_types":"LCCP","dedicated":false,"status":"installed","ward":"Maida Vale","cp_ids":"808080"}},{"type":"Feature","id":1295,"geometry":{"type":"Point","coordinates":[-0.19522,51.526326]},"properties":{"site":"Lanhill Road","location":"At Or Outside Byron Court","lamp_column":"7","operator":"Shell Recharge","speed_class":"lccp","speeds":"5.5kW","bays":1,"bay_types":"LCCP","dedicated":false,"status":"installed","ward":"Maida Vale","cp_ids":"606653"}},{"type":"Feature","id":1296,"geometry":{"type":"Point","coordinates":[-0.195528,51.526393]},"properties":{"site":"Lanhill Road","location":"At Or Outside Maida Vale Sorting Office","lamp_column":"6","operator":"Shell Recharge","speed_class":"lccp","speeds":"5.5kW","bays":1,"bay_types":"LCCP - Dedicated","dedicated":true,"status":"installed","ward":"Maida Vale","cp_ids":"602586"}},{"type":"Feature","id":1297,"geometry":{"type":"Point","coordinates":[-0.195143,51.526105]},"properties":{"site":"Lanhill Road","location":"Side Of 81 Elgin Avenue","lamp_column":"8","operator":"Shell Recharge","speed_class":"lccp","speeds":"5.5kW","bays":1,"bay_types":"LCCP","dedicated":false,"status":"installed","ward":"Maida Vale","cp_ids":"807450"}},{"type":"Feature","id":1298,"geometry":{"type":"Point","coordinates":[-0.187443,51.527527]},"properties":{"site":"Lauderdale Road","location":"At Or Outside 135-151","lamp_column":"10","operator":"Shell Recharge","speed_class":"lccp","speeds":"5.5kW","bays":1,"bay_types":"LCCP","dedicated":false,"status":"installed","ward":"Maida Vale","cp_ids":"602103"}},{"type":"Feature","id":1299,"geometry":{"type":"Point","coordinates":[-0.18785,51.527651]},"properties":{"site":"Lauderdale Road","location":"At Or Outside 158-174","lamp_column":"9","operator":"Shell Recharge","speed_class":"lccp","speeds":"5.5kW","bays":1,"bay_types":"LCCP","dedicated":false,"status":"installed","ward":"Maida Vale","cp_ids":"606737"}},{"type":"Feature","id":1300,"geometry":{"type":"Point","coordinates":[-0.18848,51.527668]},"properties":{"site":"Lauderdale Road","location":"At Or Outside 214-228","lamp_column":"7","operator":"Shell Recharge","speed_class":"lccp","speeds":"5.5kW","bays":1,"bay_types":"LCCP","dedicated":false,"status":"installed","ward":"Maida Vale","cp_ids":"805145"}},{"type":"Feature","id":1301,"geometry":{"type":"Point","coordinates":[-0.184152,51.527555]},"properties":{"site":"Lauderdale Road","location":"At Or Outside 7","lamp_column":"21","operator":"Shell Recharge","speed_class":"lccp","speeds":"5.5kW","bays":1,"bay_types":"LCCP - Dedicated","dedicated":true,"status":"installed","ward":"Maida Vale","cp_ids":"602838"}},{"type":"Feature","id":1302,"geometry":{"type":"Point","coordinates":[-0.186841,51.527512]},"properties":{"site":"Lauderdale Road","location":"At Or Outside 77-97","lamp_column":"12","operator":"Shell Recharge","speed_class":"lccp","speeds":"5.5kW","bays":1,"bay_types":"LCCP","dedicated":false,"status":"installed","ward":"Maida Vale","cp_ids":null}},{"type":"Feature","id":1303,"geometry":{"type":"Point","coordinates":[-0.186618,51.52762]},"properties":{"site":"Lauderdale Road","location":"At Or Outside 96-116","lamp_column":"13","operator":"Shell Recharge","speed_class":"lccp","speeds":"5.5kW","bays":1,"bay_types":"LCCP","dedicated":false,"status":"installed","ward":"Maida Vale","cp_ids":"807097"}},{"type":"Feature","id":1304,"geometry":{"type":"Point","coordinates":[-0.190197,51.527649]},"properties":{"site":"Lauderdale Road","location":"Near J/W With Castellain Rd And Elgin Ave","lamp_column":null,"operator":"To be confirmed","speed_class":"rapid","speeds":"50kW","bays":1,"bay_types":"EV Bay","dedicated":true,"status":"planned","ward":"Maida Vale","cp_ids":"TBC"}},{"type":"Feature","id":1305,"geometry":{"type":"Point","coordinates":[-0.185872,51.5276]},"properties":{"site":"Lauderdale Road","location":"Opposite 1-21","lamp_column":"15","operator":"Shell Recharge","speed_class":"lccp","speeds":"5.5kW","bays":1,"bay_types":"LCCP","dedicated":false,"status":"installed","ward":"Maida Vale","cp_ids":"805144"}},{"type":"Feature","id":1306,"geometry":{"type":"Point","coordinates":[-0.189179,51.527685]},"properties":{"site":"Lauderdale Road","location":"Opposite 12","lamp_column":"5","operator":"Shell Recharge","speed_class":"lccp","speeds":"5.5kW","bays":1,"bay_types":"LCCP - Dedicated","dedicated":true,"status":"installed","ward":"Maida Vale","cp_ids":"606979"}},{"type":"Feature","id":1307,"geometry":{"type":"Point","coordinates":[-0.188112,51.527543]},"properties":{"site":"Lauderdale Road","location":"Opposite 176-192","lamp_column":"8","operator":"Shell Recharge","speed_class":"lccp","speeds":"5.5kW","bays":1,"bay_types":"LCCP","dedicated":false,"status":"installed","ward":"Maida Vale","cp_ids":"602102"}},{"type":"Feature","id":1308,"geometry":{"type":"Point","coordinates":[-0.185678,51.527481]},"properties":{"site":"Lauderdale Road","location":"Opposite 24-40","lamp_column":"16","operator":"Shell Recharge","speed_class":"lccp","speeds":"5.5kW","bays":1,"bay_types":"LCCP","dedicated":false,"status":"installed","ward":"Maida Vale","cp_ids":null}},{"type":"Feature","id":1309,"geometry":{"type":"Point","coordinates":[-0.188866,51.527564]},"properties":{"site":"Lauderdale Road","location":"Opposite 250-258","lamp_column":"6","operator":"Shell Recharge","speed_class":"lccp","speeds":"5.5kW","bays":1,"bay_types":"LCCP - Dedicated","dedicated":true,"status":"installed","ward":"Maida Vale","cp_ids":"602101"}},{"type":"Feature","id":1310,"geometry":{"type":"Point","coordinates":[-0.183982,51.527525]},"properties":{"site":"Lauderdale Road","location":"Opposite 5a","lamp_column":null,"operator":"ESB","speed_class":"rapid","speeds":"50kW","bays":1,"bay_types":"EV Bay","dedicated":true,"status":"installed","ward":"Maida Vale","cp_ids":"UT06L5"}},{"type":"Feature","id":1311,"geometry":{"type":"Point","coordinates":[-0.184966,51.527463]},"properties":{"site":"Lauderdale Road","location":"Opposite Ashworth Road","lamp_column":"18","operator":"Shell Recharge","speed_class":"lccp","speeds":"5.5kW","bays":1,"bay_types":"LCCP","dedicated":false,"status":"installed","ward":"Maida Vale","cp_ids":"807098"}},{"type":"Feature","id":1312,"geometry":{"type":"Point","coordinates":[-0.18517,51.527468]},"properties":{"site":"Lauderdale Road","location":"Opposite Ashworth Road","lamp_column":"S7","operator":"Shell Recharge","speed_class":"lccp","speeds":"5.5kW","bays":1,"bay_types":"LCCP","dedicated":false,"status":"installed","ward":"Maida Vale","cp_ids":"806303"}},{"type":"Feature","id":1313,"geometry":{"type":"Point","coordinates":[-0.201081,51.518613]},"properties":{"site":"Leamington Road Villas","location":"At Or Outside 14","lamp_column":"6","operator":"Shell Recharge","speed_class":"lccp","speeds":"5.5kW","bays":1,"bay_types":"LCCP","dedicated":false,"status":"installed","ward":"Westbourne","cp_ids":"809834"}},{"type":"Feature","id":1314,"geometry":{"type":"Point","coordinates":[-0.201149,51.518856]},"properties":{"site":"Leamington Road Villas","location":"At Or Outside 19","lamp_column":"5","operator":"Shell Recharge","speed_class":"lccp","speeds":"5.5kW","bays":1,"bay_types":"LCCP","dedicated":false,"status":"installed","ward":"Westbourne","cp_ids":"809835"}},{"type":"Feature","id":1315,"geometry":{"type":"Point","coordinates":[-0.201417,51.518989]},"properties":{"site":"Leamington Road Villas","location":"At Or Outside 26","lamp_column":"4","operator":"Shell Recharge","speed_class":"lccp","speeds":"5.5kW","bays":1,"bay_types":"LCCP","dedicated":false,"status":"installed","ward":"Westbourne","cp_ids":"809832"}},{"type":"Feature","id":1316,"geometry":{"type":"Point","coordinates":[-0.200775,51.518437]},"properties":{"site":"Leamington Road Villas","location":"At Or Outside 3","lamp_column":"7","operator":"Shell Recharge","speed_class":"lccp","speeds":"5.5kW","bays":1,"bay_types":"LCCP","dedicated":false,"status":"installed","ward":"Westbourne","cp_ids":"809837"}},{"type":"Feature","id":1317,"geometry":{"type":"Point","coordinates":[-0.201545,51.519295]},"properties":{"site":"Leamington Road Villas","location":"At Or Outside 37","lamp_column":"3","operator":"Shell Recharge","speed_class":"lccp","speeds":"5.5kW","bays":1,"bay_types":"LCCP - Dedicated","dedicated":true,"status":"installed","ward":"Westbourne","cp_ids":"808663"}},{"type":"Feature","id":1318,"geometry":{"type":"Point","coordinates":[-0.201759,51.519543]},"properties":{"site":"Leamington Road Villas","location":"At Or Outside 45","lamp_column":"2","operator":"Shell Recharge","speed_class":"lccp","speeds":"5.5kW","bays":1,"bay_types":"LCCP - Dedicated","dedicated":true,"status":"installed","ward":"Westbourne","cp_ids":"808664"}},{"type":"Feature","id":1319,"geometry":{"type":"Point","coordinates":[-0.20206,51.519706]},"properties":{"site":"Leamington Road Villas","location":"At Or Outside 54","lamp_column":"1","operator":"Shell Recharge","speed_class":"lccp","speeds":"5.5kW","bays":1,"bay_types":"LCCP","dedicated":false,"status":"installed","ward":"Westbourne","cp_ids":"808666"}},{"type":"Feature","id":1320,"geometry":{"type":"Point","coordinates":[-0.200691,51.518178]},"properties":{"site":"Leamington Road Villas","location":"Opposite 4","lamp_column":"8","operator":"Shell Recharge","speed_class":"lccp","speeds":"5.5kW","bays":1,"bay_types":"LCCP - Dedicated","dedicated":true,"status":"installed","ward":"Westbourne","cp_ids":"809833"}},{"type":"Feature","id":1321,"geometry":{"type":"Point","coordinates":[-0.184081,51.514986]},"properties":{"site":"Leinster Gardens","location":"At Or Outside 1-3 Cleveland Court","lamp_column":"3","operator":"Shell Recharge","speed_class":"lccp","speeds":"5.5kW","bays":1,"bay_types":"LCCP","dedicated":false,"status":"installed","ward":"Lancaster Gate","cp_ids":"807248"}},{"type":"Feature","id":1322,"geometry":{"type":"Point","coordinates":[-0.183897,51.514355]},"properties":{"site":"Leinster Gardens","location":"At Or Outside 12","lamp_column":"7","operator":"Shell Recharge","speed_class":"lccp","speeds":"5.5kW","bays":1,"bay_types":"LCCP","dedicated":false,"status":"installed","ward":"Lancaster Gate","cp_ids":"807313"}},{"type":"Feature","id":1323,"geometry":{"type":"Point","coordinates":[-0.18373,51.513782]},"properties":{"site":"Leinster Gardens","location":"At Or Outside 18","lamp_column":"12","operator":"Shell Recharge","speed_class":"lccp","speeds":"5.5kW","bays":1,"bay_types":"LCCP","dedicated":false,"status":"installed","ward":"Lancaster Gate","cp_ids":"807444"}},{"type":"Feature","id":1324,"geometry":{"type":"Point","coordinates":[-0.183473,51.512524]},"properties":{"site":"Leinster Gardens","location":"At Or Outside 19-23","lamp_column":"21","operator":"Shell Recharge","speed_class":"lccp","speeds":"5.5kW","bays":1,"bay_types":"LCCP","dedicated":false,"status":"installed","ward":"Lancaster Gate","cp_ids":"807317"}},{"type":"Feature","id":1325,"geometry":{"type":"Point","coordinates":[-0.183427,51.512753]},"properties":{"site":"Leinster Gardens","location":"At Or Outside 23","lamp_column":"19","operator":"Shell Recharge","speed_class":"lccp","speeds":"5.5kW","bays":1,"bay_types":"LCCP","dedicated":false,"status":"installed","ward":"Lancaster Gate","cp_ids":"807312"}},{"type":"Feature","id":1326,"geometry":{"type":"Point","coordinates":[-0.18371,51.513285]},"properties":{"site":"Leinster Gardens","location":"At Or Outside 34","lamp_column":"15","operator":"Shell Recharge","speed_class":"lccp","speeds":"5.5kW","bays":1,"bay_types":"LCCP - Dedicated","dedicated":true,"status":"installed","ward":"Lancaster Gate","cp_ids":"602592"}},{"type":"Feature","id":1327,"geometry":{"type":"Point","coordinates":[-0.183879,51.513844]},"properties":{"site":"Leinster Gardens","location":"At Or Outside 43","lamp_column":"11","operator":"Shell Recharge","speed_class":"lccp","speeds":"5.5kW","bays":1,"bay_types":"LCCP","dedicated":false,"status":"installed","ward":"Lancaster Gate","cp_ids":"807311"}},{"type":"Feature","id":1328,"geometry":{"type":"Point","coordinates":[-0.183986,51.514216]},"properties":{"site":"Leinster Gardens","location":"At Or Outside 49/50","lamp_column":"8","operator":"Shell Recharge","speed_class":"lccp","speeds":"5.5kW","bays":1,"bay_types":"LCCP","dedicated":false,"status":"installed","ward":"Lancaster Gate","cp_ids":"807315"}},{"type":"Feature","id":1329,"geometry":{"type":"Point","coordinates":[-0.183633,51.513486]},"properties":{"site":"Leinster Gardens","location":"Opposite 35 - 38 Leinster Gardens","lamp_column":null,"operator":"TotalEnergies","speed_class":"fast","speeds":"22kW","bays":2,"bay_types":"EV Bay","dedicated":true,"status":"installed","ward":"Lancaster Gate","cp_ids":null}},{"type":"Feature","id":1330,"geometry":{"type":"Point","coordinates":[-0.184121,51.514648]},"properties":{"site":"Leinster Gardens","location":"Opposite 7","lamp_column":"5","operator":"Shell Recharge","speed_class":"lccp","speeds":"5.5kW","bays":1,"bay_types":"LCCP","dedicated":false,"status":"installed","ward":"Lancaster Gate","cp_ids":"807242"}},{"type":"Feature","id":1331,"geometry":{"type":"Point","coordinates":[-0.18407,51.514478]},"properties":{"site":"Leinster Gardens","location":"Opposite 9","lamp_column":"6","operator":"Shell Recharge","speed_class":"lccp","speeds":"5.5kW","bays":1,"bay_types":"LCCP","dedicated":false,"status":"installed","ward":"Lancaster Gate","cp_ids":"807244"}},{"type":"Feature","id":1332,"geometry":{"type":"Point","coordinates":[-0.184165,51.5148]},"properties":{"site":"Leinster Gardens","location":"Opposite Cranleigh Court","lamp_column":"4","operator":"Shell Recharge","speed_class":"lccp","speeds":"5.5kW","bays":1,"bay_types":"LCCP","dedicated":false,"status":"installed","ward":"Lancaster Gate","cp_ids":"807246"}},{"type":"Feature","id":1333,"geometry":{"type":"Point","coordinates":[-0.183273,51.51236]},"properties":{"site":"Leinster Gardens","location":"Opposite Henry Viii Hotel","lamp_column":"22","operator":"Shell Recharge","speed_class":"lccp","speeds":"5.5kW","bays":1,"bay_types":"LCCP","dedicated":false,"status":"installed","ward":"Lancaster Gate","cp_ids":"807442"}},{"type":"Feature","id":1334,"geometry":{"type":"Point","coordinates":[-0.183484,51.512975]},"properties":{"site":"Leinster Gardens","location":"Opposite The Blakemore Hotel","lamp_column":"17","operator":"Shell Recharge","speed_class":"lccp","speeds":"5.5kW","bays":1,"bay_types":"LCCP","dedicated":false,"status":"installed","ward":"Lancaster Gate","cp_ids":"807310"}},{"type":"Feature","id":1335,"geometry":{"type":"Point","coordinates":[-0.191394,51.513662]},"properties":{"site":"Leinster Square","location":"At Or Outside 37","lamp_column":"13","operator":"Shell Recharge","speed_class":"lccp","speeds":"5.5kW","bays":1,"bay_types":"LCCP - Dedicated","dedicated":true,"status":"installed","ward":"Bayswater","cp_ids":"606624"}},{"type":"Feature","id":1336,"geometry":{"type":"Point","coordinates":[-0.19214,51.513608]},"properties":{"site":"Leinster Square","location":"At Or Outside 44","lamp_column":"14","operator":"Shell Recharge","speed_class":"lccp","speeds":"5.5kW","bays":1,"bay_types":"LCCP","dedicated":false,"status":"installed","ward":"Bayswater","cp_ids":"606625"}},{"type":"Feature","id":1337,"geometry":{"type":"Point","coordinates":[-0.192944,51.513509]},"properties":{"site":"Leinster Square","location":"At Or Outside 53","lamp_column":"16","operator":"Shell Recharge","speed_class":"lccp","speeds":"5.5kW","bays":1,"bay_types":"LCCP","dedicated":false,"status":"installed","ward":"Bayswater","cp_ids":"606626"}},{"type":"Feature","id":1338,"geometry":{"type":"Point","coordinates":[-0.193522,51.513359]},"properties":{"site":"Leinster Square","location":"At Or Outside 66 Princes Square","lamp_column":"20","operator":"Shell Recharge","speed_class":"lccp","speeds":"5.5kW","bays":1,"bay_types":"LCCP - Dedicated","dedicated":true,"status":"installed","ward":"Bayswater","cp_ids":"602187"}},{"type":"Feature","id":1339,"geometry":{"type":"Point","coordinates":[-0.182996,51.510959]},"properties":{"site":"Leinster Terrace","location":"At Or Outside 18a Garden","lamp_column":"7","operator":"Shell Recharge","speed_class":"lccp","speeds":"5.5kW","bays":1,"bay_types":"LCCP","dedicated":false,"status":"installed","ward":"Lancaster Gate","cp_ids":"807316"}},{"type":"Feature","id":1340,"geometry":{"type":"Point","coordinates":[-0.166175,51.525302]},"properties":{"site":"Lilestone Street","location":"By Lay By Near Entrance To Community Centre","lamp_column":"3","operator":"Shell Recharge","speed_class":"lccp","speeds":"5.5kW","bays":1,"bay_types":"LCCP","dedicated":false,"status":"installed","ward":"Church Street","cp_ids":"805098"}},{"type":"Feature","id":1341,"geometry":{"type":"Point","coordinates":[-0.115072,51.515829]},"properties":{"site":"Lincoln's Inn Fields","location":"In End Bay Opp No 32 (Lse)","lamp_column":null,"operator":"To be confirmed","speed_class":"rapid","speeds":"50-100kW","bays":1,"bay_types":"EV Bay","dedicated":true,"status":"planned","ward":"St James's","cp_ids":null}},{"type":"Feature","id":1342,"geometry":{"type":"Point","coordinates":[-0.116363,51.51557]},"properties":{"site":"Lincoln's Inn Fields","location":"Opp Royal College Of Surgeons","lamp_column":null,"operator":"TotalEnergies","speed_class":"fast","speeds":"7kW","bays":5,"bay_types":"EV Bay","dedicated":true,"status":"installed","ward":"St James's","cp_ids":"9860001262, 9860001235, 9860001395, 9860001052, 9860001229"}},{"type":"Feature","id":1343,"geometry":{"type":"Point","coordinates":[-0.116776,51.515361]},"properties":{"site":"Lincoln's Inn Fields","location":"Outside 44 Lincoln's Inn Fields","lamp_column":null,"operator":"TotalEnergies","speed_class":"fast","speeds":"22kW","bays":2,"bay_types":"EV Bay","dedicated":true,"status":"installed","ward":"St James's","cp_ids":null}},{"type":"Feature","id":1344,"geometry":{"type":"Point","coordinates":[-0.162173,51.524936]},"properties":{"site":"Linhope Street","location":"At Or Outside 30","lamp_column":"2","operator":"Shell Recharge","speed_class":"lccp","speeds":"5.5kW","bays":1,"bay_types":"LCCP","dedicated":false,"status":"installed","ward":"Regent's Park","cp_ids":"801853"}},{"type":"Feature","id":1345,"geometry":{"type":"Point","coordinates":[-0.169068,51.525124]},"properties":{"site":"Lisson Grove","location":"In End Bay Opp Nos 157-165","lamp_column":null,"operator":"To be confirmed","speed_class":"rapid","speeds":"50-100kW","bays":1,"bay_types":"EV Bay","dedicated":true,"status":"planned","ward":"Church Street","cp_ids":null}},{"type":"Feature","id":1346,"geometry":{"type":"Point","coordinates":[-0.168127,51.52452]},"properties":{"site":"Lisson Grove","location":"Opposite 117","lamp_column":"23","operator":"Shell Recharge","speed_class":"lccp","speeds":"5.5kW","bays":1,"bay_types":"LCCP - Dedicated","dedicated":true,"status":"installed","ward":"Church Street","cp_ids":"809829"}},{"type":"Feature","id":1347,"geometry":{"type":"Point","coordinates":[-0.173302,51.526969]},"properties":{"site":"Lisson Grove","location":"Opposite Church Of Our Lady","lamp_column":"4","operator":"Shell Recharge","speed_class":"lccp","speeds":"5.5kW","bays":1,"bay_types":"LCCP","dedicated":false,"status":"installed","ward":"Abbey Road","cp_ids":"809825"}},{"type":"Feature","id":1348,"geometry":{"type":"Point","coordinates":[-0.172012,51.526527]},"properties":{"site":"Lisson Grove","location":"Opposite Council Offices","lamp_column":"8","operator":"Shell Recharge","speed_class":"lccp","speeds":"5.5kW","bays":1,"bay_types":"LCCP","dedicated":false,"status":"installed","ward":"Regent's Park","cp_ids":"805081"}},{"type":"Feature","id":1349,"geometry":{"type":"Point","coordinates":[-0.172488,51.526585]},"properties":{"site":"Lisson Grove","location":"Opposite Electricity Transfromer Station","lamp_column":"7","operator":"Shell Recharge","speed_class":"lccp","speeds":"5.5kW","bays":1,"bay_types":"LCCP","dedicated":false,"status":"installed","ward":"Abbey Road","cp_ids":"809827"}},{"type":"Feature","id":1350,"geometry":{"type":"Point","coordinates":[-0.173097,51.526871]},"properties":{"site":"Lisson Grove","location":"Opposite Lodge Road","lamp_column":"5","operator":"Shell Recharge","speed_class":"lccp","speeds":"5.5kW","bays":1,"bay_types":"LCCP","dedicated":false,"status":"installed","ward":"Abbey Road","cp_ids":"809824"}},{"type":"Feature","id":1351,"geometry":{"type":"Point","coordinates":[-0.172826,51.526738]},"properties":{"site":"Lisson Grove","location":"Outside Ashby Court","lamp_column":"6","operator":"Shell Recharge","speed_class":"lccp","speeds":"5.5kW","bays":1,"bay_types":"LCCP","dedicated":false,"status":"installed","ward":"Abbey Road","cp_ids":"809826"}},{"type":"Feature","id":1352,"geometry":{"type":"Point","coordinates":[-0.172088,51.526535]},"properties":{"site":"Lisson Grove","location":"Outside Sub Station","lamp_column":null,"operator":"ESB","speed_class":"rapid","speeds":"50kW","bays":2,"bay_types":"EV Bay","dedicated":true,"status":"installed","ward":"Regent's Park","cp_ids":"UT09CV, UT07A1"}},{"type":"Feature","id":1353,"geometry":{"type":"Point","coordinates":[-0.170505,51.528085]},"properties":{"site":"Lodge Road","location":"At Or Outside St Johns Wood Sub Station","lamp_column":"14","operator":"Shell Recharge","speed_class":"lccp","speeds":"5.5kW","bays":1,"bay_types":"LCCP - Dedicated","dedicated":true,"status":"installed","ward":"Regent's Park","cp_ids":"805224"}},{"type":"Feature","id":1354,"geometry":{"type":"Point","coordinates":[-0.169846,51.52851]},"properties":{"site":"Lodge Road","location":"Near 16m From Jct Oak Tree Road","lamp_column":"11","operator":"Shell Recharge","speed_class":"lccp","speeds":"5.5kW","bays":1,"bay_types":"LCCP","dedicated":false,"status":"installed","ward":"Regent's Park","cp_ids":"801930"}},{"type":"Feature","id":1355,"geometry":{"type":"Point","coordinates":[-0.172437,51.527182]},"properties":{"site":"Lodge Road","location":"O/P Church","lamp_column":"20","operator":"Shell Recharge","speed_class":"lccp","speeds":"5.5kW","bays":1,"bay_types":"LCCP","dedicated":false,"status":"installed","ward":"Regent's Park","cp_ids":"606967"}},{"type":"Feature","id":1356,"geometry":{"type":"Point","coordinates":[-0.172612,51.527101]},"properties":{"site":"Lodge Road","location":"O/P Church","lamp_column":"21","operator":"Shell Recharge","speed_class":"lccp","speeds":"5.5kW","bays":1,"bay_types":"LCCP","dedicated":false,"status":"installed","ward":"Regent's Park","cp_ids":"808023"}},{"type":"Feature","id":1357,"geometry":{"type":"Point","coordinates":[-0.17135,51.527681]},"properties":{"site":"Lodge Road","location":"O/S Ubitricity Charging Station","lamp_column":"17","operator":"Shell Recharge","speed_class":"lccp","speeds":"5.5kW","bays":1,"bay_types":"LCCP - Dedicated","dedicated":true,"status":"installed","ward":"Regent's Park","cp_ids":"606949"}},{"type":"Feature","id":1358,"geometry":{"type":"Point","coordinates":[-0.170953,51.527874]},"properties":{"site":"Lodge Road","location":"Opposite 48 Lodge Road","lamp_column":"16","operator":"Shell Recharge","speed_class":"lccp","speeds":"5.5kW","bays":1,"bay_types":"LCCP","dedicated":false,"status":"installed","ward":"Regent's Park","cp_ids":"808024"}},{"type":"Feature","id":1359,"geometry":{"type":"Point","coordinates":[-0.169651,51.5286]},"properties":{"site":"Lodge Road","location":"Opposite Oak Tree Road","lamp_column":"10","operator":"Shell Recharge","speed_class":"lccp","speeds":"5.5kW","bays":1,"bay_types":"LCCP","dedicated":false,"status":"installed","ward":"Regent's Park","cp_ids":"808022"}},{"type":"Feature","id":1360,"geometry":{"type":"Point","coordinates":[-0.170237,51.528329]},"properties":{"site":"Lodge Road","location":"Opposite St Johns Wood Sub Station","lamp_column":"13","operator":"Shell Recharge","speed_class":"lccp","speeds":"5.5kW","bays":1,"bay_types":"LCCP","dedicated":false,"status":"installed","ward":"Regent's Park","cp_ids":"808025"}},{"type":"Feature","id":1361,"geometry":{"type":"Point","coordinates":[-0.188934,51.511598]},"properties":{"site":"Lombardy Place","location":"At Or Outside 5","lamp_column":"2","operator":"Shell Recharge","speed_class":"lccp","speeds":"5.5kW","bays":1,"bay_types":"LCCP","dedicated":false,"status":"installed","ward":"Lancaster Gate","cp_ids":"801985"}},{"type":"Feature","id":1362,"geometry":{"type":"Point","coordinates":[-0.123969,51.513338]},"properties":{"site":"Long Acre","location":"Opp 48","lamp_column":null,"operator":"To be confirmed","speed_class":"rapid","speeds":"50-100kW","bays":1,"bay_types":"EV Bay","dedicated":true,"status":"planned","ward":"St James's","cp_ids":null}},{"type":"Feature","id":1363,"geometry":{"type":"Point","coordinates":[-0.122606,51.5142]},"properties":{"site":"Long Acre","location":"Outside 67 - 68","lamp_column":null,"operator":"To be confirmed","speed_class":"rapid","speeds":"50-100kW","bays":1,"bay_types":"EV Bay","dedicated":true,"status":"planned","ward":"St James's","cp_ids":null}},{"type":"Feature","id":1364,"geometry":{"type":"Point","coordinates":[-0.18828,51.521796]},"properties":{"site":"Lord Hills Road","location":"At Or Outside 2","lamp_column":"3","operator":"Shell Recharge","speed_class":"lccp","speeds":"5.5kW","bays":1,"bay_types":"LCCP","dedicated":false,"status":"installed","ward":"Westbourne","cp_ids":"807463"}},{"type":"Feature","id":1365,"geometry":{"type":"Point","coordinates":[-0.1879,51.522212]},"properties":{"site":"Lord Hills Road","location":"O/'S No. 112-119 Atherstone Court","lamp_column":"5","operator":"Shell Recharge","speed_class":"lccp","speeds":"5.5kW","bays":1,"bay_types":"LCCP","dedicated":false,"status":"installed","ward":"Westbourne","cp_ids":"806928"}},{"type":"Feature","id":1366,"geometry":{"type":"Point","coordinates":[-0.212338,51.530096]},"properties":{"site":"Lothrop Street","location":"At Or Outside 113","lamp_column":"2","operator":"Shell Recharge","speed_class":"lccp","speeds":"5.5kW","bays":1,"bay_types":"LCCP","dedicated":false,"status":"installed","ward":"Queen's Park","cp_ids":"605091"}},{"type":"Feature","id":1367,"geometry":{"type":"Point","coordinates":[-0.208545,51.52978]},"properties":{"site":"Lothrop Street","location":"At Or Outside 14/16","lamp_column":"11","operator":"Shell Recharge","speed_class":"lccp","speeds":"5.5kW","bays":1,"bay_types":"LCCP","dedicated":false,"status":"installed","ward":"Queen's Park","cp_ids":"605097"}},{"type":"Feature","id":1368,"geometry":{"type":"Point","coordinates":[-0.209063,51.529832]},"properties":{"site":"Lothrop Street","location":"At Or Outside 30/32","lamp_column":"10","operator":"Shell Recharge","speed_class":"lccp","speeds":"5.5kW","bays":1,"bay_types":"LCCP","dedicated":false,"status":"installed","ward":"Queen's Park","cp_ids":"605096"}},{"type":"Feature","id":1369,"geometry":{"type":"Point","coordinates":[-0.209916,51.529839]},"properties":{"site":"Lothrop Street","location":"At Or Outside 61","lamp_column":"8","operator":"Shell Recharge","speed_class":"lccp","speeds":"5.5kW","bays":1,"bay_types":"LCCP - Dedicated","dedicated":true,"status":"installed","ward":"Queen's Park","cp_ids":"605095"}},{"type":"Feature","id":1370,"geometry":{"type":"Point","coordinates":[-0.210237,51.529956]},"properties":{"site":"Lothrop Street","location":"At Or Outside 68","lamp_column":"7","operator":"Shell Recharge","speed_class":"lccp","speeds":"5.5kW","bays":1,"bay_types":"LCCP","dedicated":false,"status":"installed","ward":"Queen's Park","cp_ids":"808115"}},{"type":"Feature","id":1371,"geometry":{"type":"Point","coordinates":[-0.212762,51.530225]},"properties":{"site":"Lothrop Street","location":"At Or Outside 82 Sixth Avenue","lamp_column":"1","operator":"Shell Recharge","speed_class":"lccp","speeds":"5.5kW","bays":1,"bay_types":"LCCP - Dedicated","dedicated":true,"status":"installed","ward":"Queen's Park","cp_ids":"605090"}},{"type":"Feature","id":1372,"geometry":{"type":"Point","coordinates":[-0.210829,51.529936]},"properties":{"site":"Lothrop Street","location":"At Or Outside 89","lamp_column":"6","operator":"Shell Recharge","speed_class":"lccp","speeds":"5.5kW","bays":1,"bay_types":"LCCP","dedicated":false,"status":"installed","ward":"Queen's Park","cp_ids":"605094"}},{"type":"Feature","id":1373,"geometry":{"type":"Point","coordinates":[-0.211888,51.530131]},"properties":{"site":"Lothrop Street","location":"At Or Outside 94/96","lamp_column":"3","operator":"Shell Recharge","speed_class":"lccp","speeds":"5.5kW","bays":1,"bay_types":"LCCP","dedicated":false,"status":"installed","ward":"Queen's Park","cp_ids":"605092"}},{"type":"Feature","id":1374,"geometry":{"type":"Point","coordinates":[-0.211596,51.530017]},"properties":{"site":"Lothrop Street","location":"At Or Outside 97 5th Avenue","lamp_column":"4","operator":"Shell Recharge","speed_class":"lccp","speeds":"5.5kW","bays":1,"bay_types":"LCCP","dedicated":false,"status":"installed","ward":"Queen's Park","cp_ids":"605093"}},{"type":"Feature","id":1375,"geometry":{"type":"Point","coordinates":[-0.17862,51.538137]},"properties":{"site":"Loudoun Road","location":"At Or Outside 100","lamp_column":"10","operator":"Shell Recharge","speed_class":"lccp","speeds":"5.5kW","bays":1,"bay_types":"LCCP","dedicated":false,"status":"installed","ward":"Abbey Road","cp_ids":"801634"}},{"type":"Feature","id":1376,"geometry":{"type":"Point","coordinates":[-0.178487,51.538782]},"properties":{"site":"Loudoun Road","location":"At Or Outside 118","lamp_column":"6","operator":"Shell Recharge","speed_class":"lccp","speeds":"5.5kW","bays":1,"bay_types":"LCCP","dedicated":false,"status":"installed","ward":"Abbey Road","cp_ids":"806204"}},{"type":"Feature","id":1377,"geometry":{"type":"Point","coordinates":[-0.178415,51.539174]},"properties":{"site":"Loudoun Road","location":"At Or Outside 126","lamp_column":"4","operator":"Shell Recharge","speed_class":"lccp","speeds":"5.5kW","bays":1,"bay_types":"LCCP","dedicated":false,"status":"installed","ward":"Abbey Road","cp_ids":"605455"}},{"type":"Feature","id":1378,"geometry":{"type":"Point","coordinates":[-0.178318,51.539661]},"properties":{"site":"Loudoun Road","location":"At Or Outside 140","lamp_column":"1","operator":"Shell Recharge","speed_class":"lccp","speeds":"5.5kW","bays":1,"bay_types":"LCCP","dedicated":false,"status":"installed","ward":"Abbey Road","cp_ids":"606878"}},{"type":"Feature","id":1379,"geometry":{"type":"Point","coordinates":[-0.178535,51.539328]},"properties":{"site":"Loudoun Road","location":"At Or Outside 35","lamp_column":"3","operator":"Shell Recharge","speed_class":"lccp","speeds":"5.5kW","bays":1,"bay_types":"LCCP","dedicated":false,"status":"installed","ward":"Abbey Road","cp_ids":"606860"}},{"type":"Feature","id":1380,"geometry":{"type":"Point","coordinates":[-0.178348,51.539582]},"properties":{"site":"Loudoun Road","location":"At Or Outside 37","lamp_column":"2","operator":"Shell Recharge","speed_class":"lccp","speeds":"5.5kW","bays":1,"bay_types":"LCCP","dedicated":false,"status":"installed","ward":"Abbey Road","cp_ids":"606859"}},{"type":"Feature","id":1381,"geometry":{"type":"Point","coordinates":[-0.178707,51.537693]},"properties":{"site":"Loudoun Road","location":"At Or Outside 90","lamp_column":"12","operator":"Shell Recharge","speed_class":"lccp","speeds":"5.5kW","bays":1,"bay_types":"LCCP","dedicated":false,"status":"installed","ward":"Abbey Road","cp_ids":"801635"}},{"type":"Feature","id":1382,"geometry":{"type":"Point","coordinates":[-0.178657,51.53794]},"properties":{"site":"Loudoun Road","location":"At Or Outside 96","lamp_column":"11","operator":"Shell Recharge","speed_class":"lccp","speeds":"5.5kW","bays":1,"bay_types":"LCCP","dedicated":false,"status":"installed","ward":"Abbey Road","cp_ids":"806205"}},{"type":"Feature","id":1383,"geometry":{"type":"Point","coordinates":[-0.175934,51.533687]},"properties":{"site":"Loudoun Road","location":"Junct With Grove End Road","lamp_column":"35","operator":"Shell Recharge","speed_class":"lccp","speeds":"5.5kW","bays":1,"bay_types":"LCCP","dedicated":false,"status":"installed","ward":"Abbey Road","cp_ids":"800011"}},{"type":"Feature","id":1384,"geometry":{"type":"Point","coordinates":[-0.176483,51.534193]},"properties":{"site":"Loudoun Road","location":"Opposite 1","lamp_column":"32","operator":"Shell Recharge","speed_class":"lccp","speeds":"5.5kW","bays":1,"bay_types":"LCCP","dedicated":false,"status":"installed","ward":"Abbey Road","cp_ids":"606724"}},{"type":"Feature","id":1385,"geometry":{"type":"Point","coordinates":[-0.176297,51.534061]},"properties":{"site":"Loudoun Road","location":"Opposite 1","lamp_column":"33","operator":"Shell Recharge","speed_class":"lccp","speeds":"5.5kW","bays":1,"bay_types":"LCCP","dedicated":false,"status":"installed","ward":"Abbey Road","cp_ids":"806201"}},{"type":"Feature","id":1386,"geometry":{"type":"Point","coordinates":[-0.178672,51.538623]},"properties":{"site":"Loudoun Road","location":"Opposite 116","lamp_column":"7","operator":"Shell Recharge","speed_class":"lccp","speeds":"5.5kW","bays":1,"bay_types":"LCCP - Dedicated","dedicated":true,"status":"installed","ward":"Abbey Road","cp_ids":"606719"}},{"type":"Feature","id":1387,"geometry":{"type":"Point","coordinates":[-0.178591,51.53903]},"properties":{"site":"Loudoun Road","location":"Opposite 124","lamp_column":"5","operator":"Shell Recharge","speed_class":"lccp","speeds":"5.5kW","bays":1,"bay_types":"LCCP","dedicated":false,"status":"installed","ward":"Abbey Road","cp_ids":"606718"}},{"type":"Feature","id":1388,"geometry":{"type":"Point","coordinates":[-0.178908,51.536117]},"properties":{"site":"Loudoun Road","location":"Opposite 18","lamp_column":"21","operator":"Shell Recharge","speed_class":"lccp","speeds":"5.5kW","bays":1,"bay_types":"LCCP","dedicated":false,"status":"installed","ward":"Abbey Road","cp_ids":"606722"}},{"type":"Feature","id":1389,"geometry":{"type":"Point","coordinates":[-0.178997,51.536467]},"properties":{"site":"Loudoun Road","location":"Opposite 62","lamp_column":"19","operator":"Shell Recharge","speed_class":"lccp","speeds":"5.5kW","bays":1,"bay_types":"LCCP - Dedicated","dedicated":true,"status":"installed","ward":"Abbey Road","cp_ids":"606721"}},{"type":"Feature","id":1390,"geometry":{"type":"Point","coordinates":[-0.179018,51.536668]},"properties":{"site":"Loudoun Road","location":"Opposite 68","lamp_column":"18","operator":"Shell Recharge","speed_class":"lccp","speeds":"5.5kW","bays":1,"bay_types":"LCCP","dedicated":false,"status":"installed","ward":"Abbey Road","cp_ids":"606720"}},{"type":"Feature","id":1391,"geometry":{"type":"Point","coordinates":[-0.179021,51.536865]},"properties":{"site":"Loudoun Road","location":"Opposite 76","lamp_column":"17","operator":"Shell Recharge","speed_class":"lccp","speeds":"5.5kW","bays":1,"bay_types":"LCCP","dedicated":false,"status":"installed","ward":"Abbey Road","cp_ids":"806206"}},{"type":"Feature","id":1392,"geometry":{"type":"Point","coordinates":[-0.178997,51.537051]},"properties":{"site":"Loudoun Road","location":"Opposite 78","lamp_column":"16","operator":"Shell Recharge","speed_class":"lccp","speeds":"5.5kW","bays":1,"bay_types":"LCCP","dedicated":false,"status":"installed","ward":"Abbey Road","cp_ids":"605454"}},{"type":"Feature","id":1393,"geometry":{"type":"Point","coordinates":[-0.178965,51.537214]},"properties":{"site":"Loudoun Road","location":"Opposite 82","lamp_column":"15","operator":"Shell Recharge","speed_class":"lccp","speeds":"5.5kW","bays":1,"bay_types":"LCCP","dedicated":false,"status":"installed","ward":"Abbey Road","cp_ids":"806209"}},{"type":"Feature","id":1394,"geometry":{"type":"Point","coordinates":[-0.178826,51.535924]},"properties":{"site":"Loudoun Road","location":"Side Of 22 Marlborough Place","lamp_column":"22","operator":"Shell Recharge","speed_class":"lccp","speeds":"5.5kW","bays":1,"bay_types":"LCCP","dedicated":false,"status":"installed","ward":"Abbey Road","cp_ids":"806203"}},{"type":"Feature","id":1395,"geometry":{"type":"Point","coordinates":[-0.17868,51.535717]},"properties":{"site":"Loudoun Road","location":"Side Of 22 Marlborough Place","lamp_column":"23","operator":"Shell Recharge","speed_class":"lccp","speeds":"5.5kW","bays":1,"bay_types":"LCCP","dedicated":false,"status":"installed","ward":"Abbey Road","cp_ids":"606723"}},{"type":"Feature","id":1396,"geometry":{"type":"Point","coordinates":[-0.146132,51.495837]},"properties":{"site":"Lower Belgrave Street","location":"Opposite 1","lamp_column":"7","operator":"Shell Recharge","speed_class":"lccp","speeds":"5.5kW","bays":1,"bay_types":"LCCP","dedicated":false,"status":"installed","ward":"Knightsbridge & Belgravia","cp_ids":"807394"}},{"type":"Feature","id":1397,"geometry":{"type":"Point","coordinates":[-0.154276,51.49735]},"properties":{"site":"Lowndes Place","location":"At Or Outside 2","lamp_column":"2","operator":"Shell Recharge","speed_class":"lccp","speeds":"5.5kW","bays":1,"bay_types":"LCCP","dedicated":false,"status":"installed","ward":"Knightsbridge & Belgravia","cp_ids":"805125"}},{"type":"Feature","id":1398,"geometry":{"type":"Point","coordinates":[-0.153944,51.497244]},"properties":{"site":"Lowndes Place","location":"At Or Outside 6","lamp_column":"3","operator":"Shell Recharge","speed_class":"lccp","speeds":"5.5kW","bays":1,"bay_types":"LCCP","dedicated":false,"status":"installed","ward":"Knightsbridge & Belgravia","cp_ids":"805124"}},{"type":"Feature","id":1399,"geometry":{"type":"Point","coordinates":[-0.153404,51.496819]},"properties":{"site":"Lowndes Place","location":"Opposite 56 Eaton Place","lamp_column":"6","operator":"Shell Recharge","speed_class":"lccp","speeds":"5.5kW","bays":1,"bay_types":"LCCP","dedicated":false,"status":"installed","ward":"Knightsbridge & Belgravia","cp_ids":"805122"}},{"type":"Feature","id":1400,"geometry":{"type":"Point","coordinates":[-0.158014,51.499696]},"properties":{"site":"Lowndes Square","location":"At Or Outside 24","lamp_column":"10","operator":"Shell Recharge","speed_class":"lccp","speeds":"5.5kW","bays":1,"bay_types":"LCCP","dedicated":false,"status":"installed","ward":"Knightsbridge & Belgravia","cp_ids":"805218"}},{"type":"Feature","id":1401,"geometry":{"type":"Point","coordinates":[-0.156253,51.497967]},"properties":{"site":"Lowndes Street","location":"At Or Outside 12a","lamp_column":"12","operator":"Shell Recharge","speed_class":"lccp","speeds":"5.5kW","bays":1,"bay_types":"LCCP","dedicated":false,"status":"installed","ward":"Knightsbridge & Belgravia","cp_ids":"805311"}},{"type":"Feature","id":1402,"geometry":{"type":"Point","coordinates":[-0.145336,51.486948]},"properties":{"site":"Lupus Street","location":"At Or Outside 112","lamp_column":"7","operator":"Shell Recharge","speed_class":"lccp","speeds":"5.5kW","bays":1,"bay_types":"LCCP","dedicated":false,"status":"installed","ward":"Pimlico South","cp_ids":"806688"}},{"type":"Feature","id":1403,"geometry":{"type":"Point","coordinates":[-0.145452,51.48655]},"properties":{"site":"Lupus Street","location":"At Or Outside 118","lamp_column":"5","operator":"Shell Recharge","speed_class":"lccp","speeds":"5.5kW","bays":1,"bay_types":"LCCP - Dedicated","dedicated":true,"status":"installed","ward":"Pimlico South","cp_ids":"606550"}},{"type":"Feature","id":1404,"geometry":{"type":"Point","coordinates":[-0.139148,51.487986]},"properties":{"site":"Lupus Street","location":"At Or Outside 63","lamp_column":"34","operator":"Shell Recharge","speed_class":"lccp","speeds":"5.5kW","bays":1,"bay_types":"LCCP","dedicated":false,"status":"installed","ward":"Pimlico South","cp_ids":"806640"}},{"type":"Feature","id":1405,"geometry":{"type":"Point","coordinates":[-0.140332,51.487954]},"properties":{"site":"Lupus Street","location":"At Or Outside 68 A,B,C","lamp_column":"31","operator":"Shell Recharge","speed_class":"lccp","speeds":"5.5kW","bays":1,"bay_types":"LCCP","dedicated":false,"status":"installed","ward":"Pimlico North","cp_ids":"806641"}},{"type":"Feature","id":1406,"geometry":{"type":"Point","coordinates":[-0.144182,51.487467]},"properties":{"site":"Lupus Street","location":"At Or Outside 94","lamp_column":"13","operator":"Shell Recharge","speed_class":"lccp","speeds":"5.5kW","bays":1,"bay_types":"LCCP - Dedicated","dedicated":true,"status":"installed","ward":"Pimlico South","cp_ids":"606551"}},{"type":"Feature","id":1407,"geometry":{"type":"Point","coordinates":[-0.139703,51.487917]},"properties":{"site":"Lupus Street","location":"At Or Outside Churchill School","lamp_column":"32","operator":"Shell Recharge","speed_class":"lccp","speeds":"5.5kW","bays":1,"bay_types":"LCCP","dedicated":false,"status":"installed","ward":"Pimlico South","cp_ids":"808336"}},{"type":"Feature","id":1408,"geometry":{"type":"Point","coordinates":[-0.142011,51.487692]},"properties":{"site":"Lupus Street","location":"Opp 80","lamp_column":null,"operator":"To be confirmed","speed_class":"rapid","speeds":"50-100kW","bays":1,"bay_types":"EV Bay","dedicated":true,"status":"planned","ward":"Pimlico South","cp_ids":null}},{"type":"Feature","id":1409,"geometry":{"type":"Point","coordinates":[-0.136997,51.48839]},"properties":{"site":"Lupus Street","location":"Opposite 32 Lupus Street","lamp_column":null,"operator":"ESB","speed_class":"rapid","speeds":"50kW","bays":1,"bay_types":"EV Bay","dedicated":true,"status":"installed","ward":"Pimlico South","cp_ids":"UT01V5"}},{"type":"Feature","id":1410,"geometry":{"type":"Point","coordinates":[-0.14421,51.487352]},"properties":{"site":"Lupus Street","location":"Opposite 94","lamp_column":"14","operator":"Shell Recharge","speed_class":"lccp","speeds":"5.5kW","bays":1,"bay_types":"LCCP","dedicated":false,"status":"installed","ward":"Pimlico South","cp_ids":"605350"}},{"type":"Feature","id":1411,"geometry":{"type":"Point","coordinates":[-0.136204,51.488485]},"properties":{"site":"Lupus Street","location":"Opposite Flat 2","lamp_column":"48","operator":"Shell Recharge","speed_class":"lccp","speeds":"5.5kW","bays":1,"bay_types":"LCCP","dedicated":false,"status":"installed","ward":"Pimlico South","cp_ids":"806683"}},{"type":"Feature","id":1412,"geometry":{"type":"Point","coordinates":[-0.142985,51.487625]},"properties":{"site":"Lupus Street","location":"Outside 94","lamp_column":null,"operator":"TotalEnergies","speed_class":"fast","speeds":"7kW","bays":3,"bay_types":"EV Bay","dedicated":true,"status":"installed","ward":"Pimlico South","cp_ids":"9860001201, 9860001219, 9860001252"}},{"type":"Feature","id":1413,"geometry":{"type":"Point","coordinates":[-0.139163,51.488119]},"properties":{"site":"Lupus Street","location":"Outside Number 7-12 Neate House Near Junction Cambridge Street","lamp_column":"35","operator":"Shell Recharge","speed_class":"lccp","speeds":"5.5kW","bays":1,"bay_types":"LCCP","dedicated":false,"status":"installed","ward":"Pimlico North","cp_ids":"808337"}},{"type":"Feature","id":1414,"geometry":{"type":"Point","coordinates":[-0.172508,51.523946]},"properties":{"site":"Luton Street","location":"Opposite Tadema House","lamp_column":"2","operator":"Shell Recharge","speed_class":"lccp","speeds":"5.5kW","bays":1,"bay_types":"LCCP","dedicated":false,"status":"installed","ward":"Church Street","cp_ids":"809484"}},{"type":"Feature","id":1415,"geometry":{"type":"Point","coordinates":[-0.154169,51.521635]},"properties":{"site":"Luxborough Street","location":"Opposite Albert Mansions","lamp_column":"6","operator":"Shell Recharge","speed_class":"lccp","speeds":"5.5kW","bays":1,"bay_types":"LCCP","dedicated":false,"status":"installed","ward":"Marylebone","cp_ids":"801757"}},{"type":"Feature","id":1416,"geometry":{"type":"Point","coordinates":[-0.154196,51.521847]},"properties":{"site":"Luxborough Street","location":"Opposite Northumberland Mansions","lamp_column":"5","operator":"Shell Recharge","speed_class":"lccp","speeds":"5.5kW","bays":1,"bay_types":"LCCP","dedicated":false,"status":"installed","ward":"Marylebone","cp_ids":"801759"}},{"type":"Feature","id":1417,"geometry":{"type":"Point","coordinates":[-0.154888,51.496253]},"properties":{"site":"Lyall Street","location":"At Or Outside 11","lamp_column":"4","operator":"Shell Recharge","speed_class":"lccp","speeds":"5.5kW","bays":1,"bay_types":"LCCP","dedicated":false,"status":"installed","ward":"Knightsbridge & Belgravia","cp_ids":"805204"}},{"type":"Feature","id":1418,"geometry":{"type":"Point","coordinates":[-0.153795,51.495561]},"properties":{"site":"Lyall Street","location":"At Or Outside 83","lamp_column":"8","operator":"Shell Recharge","speed_class":"lccp","speeds":"5.5kW","bays":1,"bay_types":"LCCP","dedicated":false,"status":"installed","ward":"Knightsbridge & Belgravia","cp_ids":"805202"}},{"type":"Feature","id":1419,"geometry":{"type":"Point","coordinates":[-0.15563,51.496591]},"properties":{"site":"Lyall Street","location":"Near Chesham Street","lamp_column":"1","operator":"Shell Recharge","speed_class":"lccp","speeds":"5.5kW","bays":1,"bay_types":"LCCP","dedicated":false,"status":"installed","ward":"Knightsbridge & Belgravia","cp_ids":"805205"}},{"type":"Feature","id":1420,"geometry":{"type":"Point","coordinates":[-0.19938,51.527249]},"properties":{"site":"Lydford Road","location":"At Or Outside 16b","lamp_column":"5","operator":"Shell Recharge","speed_class":"lccp","speeds":"5.5kW","bays":1,"bay_types":"LCCP","dedicated":false,"status":"installed","ward":"Harrow Road","cp_ids":"602204"}},{"type":"Feature","id":1421,"geometry":{"type":"Point","coordinates":[-0.199012,51.527103]},"properties":{"site":"Lydford Road","location":"At Or Outside 1b","lamp_column":"6","operator":"Shell Recharge","speed_class":"lccp","speeds":"5.5kW","bays":1,"bay_types":"LCCP - Dedicated","dedicated":true,"status":"installed","ward":"Harrow Road","cp_ids":"606670"}},{"type":"Feature","id":1422,"geometry":{"type":"Point","coordinates":[-0.199888,51.527273]},"properties":{"site":"Lydford Road","location":"At Or Outside 25b","lamp_column":"4","operator":"Shell Recharge","speed_class":"lccp","speeds":"5.5kW","bays":1,"bay_types":"LCCP","dedicated":false,"status":"installed","ward":"Harrow Road","cp_ids":"602203"}},{"type":"Feature","id":1423,"geometry":{"type":"Point","coordinates":[-0.200741,51.527441]},"properties":{"site":"Lydford Road","location":"At Or Outside 47b","lamp_column":"2","operator":"Shell Recharge","speed_class":"lccp","speeds":"5.5kW","bays":1,"bay_types":"LCCP - Dedicated","dedicated":true,"status":"installed","ward":"Harrow Road","cp_ids":"606668"}},{"type":"Feature","id":1424,"geometry":{"type":"Point","coordinates":[-0.198961,51.527167]},"properties":{"site":"Lydford Road","location":"At Or Outside 4b","lamp_column":"S1","operator":"Shell Recharge","speed_class":"lccp","speeds":"5.5kW","bays":1,"bay_types":"LCCP","dedicated":false,"status":"installed","ward":"Harrow Road","cp_ids":"807586"}},{"type":"Feature","id":1425,"geometry":{"type":"Point","coordinates":[-0.201176,51.527609]},"properties":{"site":"Lydford Road","location":"Outside 49","lamp_column":"1","operator":"Shell Recharge","speed_class":"lccp","speeds":"5.5kW","bays":1,"bay_types":"LCCP","dedicated":false,"status":"installed","ward":"Harrow Road","cp_ids":"602202"}},{"type":"Feature","id":1426,"geometry":{"type":"Point","coordinates":[-0.17484,51.524122]},"properties":{"site":"Lyons Place","location":"At Or Outside Dicksee House","lamp_column":"5","operator":"Shell Recharge","speed_class":"lccp","speeds":"5.5kW","bays":1,"bay_types":"LCCP","dedicated":false,"status":"installed","ward":"Church Street","cp_ids":"801781"}},{"type":"Feature","id":1427,"geometry":{"type":"Point","coordinates":[-0.175304,51.524308]},"properties":{"site":"Lyons Place","location":"Opposite Cooper House","lamp_column":"4","operator":"Shell Recharge","speed_class":"lccp","speeds":"5.5kW","bays":1,"bay_types":"LCCP","dedicated":false,"status":"installed","ward":"Church Street","cp_ids":"808044"}},{"type":"Feature","id":1428,"geometry":{"type":"Point","coordinates":[-0.165945,51.53442]},"properties":{"site":"Mackennal Street","location":"At Or Outside 92-101 Eamont Court","lamp_column":"3","operator":"Shell Recharge","speed_class":"lccp","speeds":"5.5kW","bays":1,"bay_types":"LCCP","dedicated":false,"status":"installed","ward":"Regent's Park","cp_ids":"806247"}},{"type":"Feature","id":1429,"geometry":{"type":"Point","coordinates":[-0.165567,51.534578]},"properties":{"site":"Mackennal Street","location":"Side Of 102 Townshend Court","lamp_column":"2","operator":"Shell Recharge","speed_class":"lccp","speeds":"5.5kW","bays":1,"bay_types":"LCCP","dedicated":false,"status":"installed","ward":"Regent's Park","cp_ids":"807468"}},{"type":"Feature","id":1430,"geometry":{"type":"Point","coordinates":[-0.199683,51.530164]},"properties":{"site":"Macroom Road","location":"At Or Outside 16","lamp_column":"3","operator":"Shell Recharge","speed_class":"lccp","speeds":"5.5kW","bays":1,"bay_types":"LCCP - Dedicated","dedicated":true,"status":"installed","ward":"Harrow Road","cp_ids":"603338"}},{"type":"Feature","id":1431,"geometry":{"type":"Point","coordinates":[-0.199342,51.53004]},"properties":{"site":"Macroom Road","location":"At Or Outside 19","lamp_column":"4","operator":"Shell Recharge","speed_class":"lccp","speeds":"5.5kW","bays":1,"bay_types":"LCCP","dedicated":false,"status":"installed","ward":"Harrow Road","cp_ids":"806221"}},{"type":"Feature","id":1432,"geometry":{"type":"Point","coordinates":[-0.199468,51.529793]},"properties":{"site":"Macroom Road","location":"At Or Outside 24","lamp_column":"5","operator":"Shell Recharge","speed_class":"lccp","speeds":"5.5kW","bays":1,"bay_types":"LCCP","dedicated":false,"status":"installed","ward":"Harrow Road","cp_ids":"806220"}},{"type":"Feature","id":1433,"geometry":{"type":"Point","coordinates":[-0.199862,51.530352]},"properties":{"site":"Macroom Road","location":"At Or Outside 3","lamp_column":"2","operator":"Shell Recharge","speed_class":"lccp","speeds":"5.5kW","bays":1,"bay_types":"LCCP","dedicated":false,"status":"installed","ward":"Harrow Road","cp_ids":"603333"}},{"type":"Feature","id":1434,"geometry":{"type":"Point","coordinates":[-0.200227,51.530444]},"properties":{"site":"Macroom Road","location":"At Or Outside Flats 1-6 Macroom House","lamp_column":"1","operator":"Shell Recharge","speed_class":"lccp","speeds":"5.5kW","bays":1,"bay_types":"LCCP - Dedicated","dedicated":true,"status":"installed","ward":"Harrow Road","cp_ids":"603336"}},{"type":"Feature","id":1435,"geometry":{"type":"Point","coordinates":[-0.199364,51.52957]},"properties":{"site":"Macroom Road","location":"Opposite 38bc","lamp_column":"6","operator":"Shell Recharge","speed_class":"lccp","speeds":"5.5kW","bays":1,"bay_types":"LCCP","dedicated":false,"status":"installed","ward":"Harrow Road","cp_ids":"606669"}},{"type":"Feature","id":1436,"geometry":{"type":"Point","coordinates":[-0.178545,51.523499]},"properties":{"site":"Maida Avenue","location":"At Or Outside 10","lamp_column":"13","operator":"Shell Recharge","speed_class":"lccp","speeds":"5.5kW","bays":1,"bay_types":"LCCP","dedicated":false,"status":"installed","ward":"Little Venice","cp_ids":"606867"}},{"type":"Feature","id":1437,"geometry":{"type":"Point","coordinates":[-0.177347,51.524137]},"properties":{"site":"Maida Avenue","location":"At Or Outside 2","lamp_column":"17","operator":"Shell Recharge","speed_class":"lccp","speeds":"5.5kW","bays":1,"bay_types":"LCCP - Dedicated","dedicated":true,"status":"installed","ward":"Little Venice","cp_ids":"601658"}},{"type":"Feature","id":1438,"geometry":{"type":"Point","coordinates":[-0.179459,51.523]},"properties":{"site":"Maida Avenue","location":"At Or Outside 23","lamp_column":"9","operator":"Shell Recharge","speed_class":"lccp","speeds":"5.5kW","bays":1,"bay_types":"LCCP","dedicated":false,"status":"installed","ward":"Little Venice","cp_ids":"807992"}},{"type":"Feature","id":1439,"geometry":{"type":"Point","coordinates":[-0.180361,51.522504]},"properties":{"site":"Maida Avenue","location":"At Or Outside 25","lamp_column":"5","operator":"Shell Recharge","speed_class":"lccp","speeds":"5.5kW","bays":1,"bay_types":"LCCP - Dedicated","dedicated":true,"status":"installed","ward":"Little Venice","cp_ids":"606866"}},{"type":"Feature","id":1440,"geometry":{"type":"Point","coordinates":[-0.180629,51.52236]},"properties":{"site":"Maida Avenue","location":"At Or Outside 27","lamp_column":"4","operator":"Shell Recharge","speed_class":"lccp","speeds":"5.5kW","bays":1,"bay_types":"LCCP","dedicated":false,"status":"installed","ward":"Little Venice","cp_ids":"807997"}},{"type":"Feature","id":1441,"geometry":{"type":"Point","coordinates":[-0.181141,51.52208]},"properties":{"site":"Maida Avenue","location":"At Or Outside 31","lamp_column":"2","operator":"Shell Recharge","speed_class":"lccp","speeds":"5.5kW","bays":1,"bay_types":"LCCP - Dedicated","dedicated":true,"status":"installed","ward":"Little Venice","cp_ids":"606731"}},{"type":"Feature","id":1442,"geometry":{"type":"Point","coordinates":[-0.177713,51.523955]},"properties":{"site":"Maida Avenue","location":"At Or Outside 6","lamp_column":"16","operator":"Shell Recharge","speed_class":"lccp","speeds":"5.5kW","bays":1,"bay_types":"LCCP","dedicated":false,"status":"installed","ward":"Little Venice","cp_ids":"807990"}},{"type":"Feature","id":1443,"geometry":{"type":"Point","coordinates":[-0.179184,51.523149]},"properties":{"site":"Maida Avenue","location":"At Or Outside Church","lamp_column":"10","operator":"Shell Recharge","speed_class":"lccp","speeds":"5.5kW","bays":1,"bay_types":"LCCP","dedicated":false,"status":"installed","ward":"Little Venice","cp_ids":"807993"}},{"type":"Feature","id":1444,"geometry":{"type":"Point","coordinates":[-0.178299,51.523631]},"properties":{"site":"Maida Avenue","location":"At Or Outside Lampard House","lamp_column":"14","operator":"Shell Recharge","speed_class":"lccp","speeds":"5.5kW","bays":1,"bay_types":"LCCP","dedicated":false,"status":"installed","ward":"Little Venice","cp_ids":"606868"}},{"type":"Feature","id":1445,"geometry":{"type":"Point","coordinates":[-0.177148,51.524268]},"properties":{"site":"Maida Avenue","location":"At Or Outside Stafford House","lamp_column":"18","operator":"Shell Recharge","speed_class":"lccp","speeds":"5.5kW","bays":1,"bay_types":"LCCP","dedicated":false,"status":"installed","ward":"Little Venice","cp_ids":"601651"}},{"type":"Feature","id":1446,"geometry":{"type":"Point","coordinates":[-0.17688,51.524411]},"properties":{"site":"Maida Avenue","location":"Opposite Edgeware Road","lamp_column":"19","operator":"Shell Recharge","speed_class":"lccp","speeds":"5.5kW","bays":1,"bay_types":"LCCP","dedicated":false,"status":"installed","ward":"Little Venice","cp_ids":"808001"}},{"type":"Feature","id":1447,"geometry":{"type":"Point","coordinates":[-0.201239,51.531785]},"properties":{"site":"Malvern Place","location":"At Or Outside 157a","lamp_column":"3","operator":"Shell Recharge","speed_class":"lccp","speeds":"5.5kW","bays":1,"bay_types":"LCCP","dedicated":false,"status":"installed","ward":"Harrow Road","cp_ids":null}},{"type":"Feature","id":1448,"geometry":{"type":"Point","coordinates":[-0.152014,51.516663]},"properties":{"site":"Manchester Square","location":"At Or Outside 1","lamp_column":"5","operator":"Shell Recharge","speed_class":"lccp","speeds":"5.5kW","bays":1,"bay_types":"LCCP","dedicated":false,"status":"installed","ward":"Marylebone","cp_ids":"603313"}},{"type":"Feature","id":1449,"geometry":{"type":"Point","coordinates":[-0.152205,51.51706]},"properties":{"site":"Manchester Square","location":"At Or Outside 23-24","lamp_column":"3","operator":"Shell Recharge","speed_class":"lccp","speeds":"5.5kW","bays":1,"bay_types":"LCCP - Dedicated","dedicated":true,"status":"installed","ward":"Marylebone","cp_ids":"602391"}},{"type":"Feature","id":1450,"geometry":{"type":"Point","coordinates":[-0.152255,51.516486]},"properties":{"site":"Manchester Square","location":"At Or Outside 7","lamp_column":"6","operator":"Shell Recharge","speed_class":"lccp","speeds":"5.5kW","bays":1,"bay_types":"LCCP","dedicated":false,"status":"installed","ward":"Marylebone","cp_ids":"807190"}},{"type":"Feature","id":1451,"geometry":{"type":"Point","coordinates":[-0.152851,51.516359]},"properties":{"site":"Manchester Square","location":"At Or Outside 9","lamp_column":"7","operator":"Shell Recharge","speed_class":"lccp","speeds":"5.5kW","bays":1,"bay_types":"LCCP","dedicated":false,"status":"installed","ward":"Marylebone","cp_ids":"807523"}},{"type":"Feature","id":1452,"geometry":{"type":"Point","coordinates":[-0.153174,51.516684]},"properties":{"site":"Manchester Square","location":"Opposite Fitzhardinge Street","lamp_column":"9","operator":"Shell Recharge","speed_class":"lccp","speeds":"5.5kW","bays":1,"bay_types":"LCCP","dedicated":false,"status":"installed","ward":"Marylebone","cp_ids":"602519"}},{"type":"Feature","id":1453,"geometry":{"type":"Point","coordinates":[-0.152231,51.516806]},"properties":{"site":"Manchester Square","location":"Opposite Hinde Street","lamp_column":"4","operator":"Shell Recharge","speed_class":"lccp","speeds":"5.5kW","bays":1,"bay_types":"LCCP - Dedicated","dedicated":true,"status":"installed","ward":"Marylebone","cp_ids":"603314"}},{"type":"Feature","id":1454,"geometry":{"type":"Point","coordinates":[-0.153519,51.51749]},"properties":{"site":"Manchester Street","location":"808704 Waiting For Connection / Outside No. 56 St. Pauls Church","lamp_column":"11","operator":"Shell Recharge","speed_class":"lccp","speeds":"5.5kW","bays":1,"bay_types":"LCCP","dedicated":false,"status":"installed","ward":"Marylebone","cp_ids":"805025"}},{"type":"Feature","id":1455,"geometry":{"type":"Point","coordinates":[-0.153806,51.518077]},"properties":{"site":"Manchester Street","location":"At Or Outside 51","lamp_column":"8","operator":"Shell Recharge","speed_class":"lccp","speeds":"5.5kW","bays":1,"bay_types":"LCCP","dedicated":false,"status":"installed","ward":"Marylebone","cp_ids":"801764"}},{"type":"Feature","id":1456,"geometry":{"type":"Point","coordinates":[-0.153713,51.517874]},"properties":{"site":"Manchester Street","location":"At Or Outside 53","lamp_column":"9","operator":"Shell Recharge","speed_class":"lccp","speeds":"5.5kW","bays":1,"bay_types":"LCCP","dedicated":false,"status":"installed","ward":"Marylebone","cp_ids":"807199"}},{"type":"Feature","id":1457,"geometry":{"type":"Point","coordinates":[-0.145766,51.518395]},"properties":{"site":"Mansfield Street","location":"Side Of 8 Queen Ann Street","lamp_column":"1","operator":"Shell Recharge","speed_class":"lccp","speeds":"5.5kW","bays":1,"bay_types":"LCCP","dedicated":false,"status":"installed","ward":"Marylebone","cp_ids":"801740"}},{"type":"Feature","id":1458,"geometry":{"type":"Point","coordinates":[-0.20483,51.53098]},"properties":{"site":"Marban Road","location":"J/W Bravington Road","lamp_column":"6","operator":"Shell Recharge","speed_class":"lccp","speeds":"5.5kW","bays":1,"bay_types":"LCCP","dedicated":false,"status":"installed","ward":"Queen's Park","cp_ids":"807115"}},{"type":"Feature","id":1459,"geometry":{"type":"Point","coordinates":[-0.203087,51.53117]},"properties":{"site":"Marban Road","location":"Side Of 177 Ashmore Road","lamp_column":"2","operator":"Shell Recharge","speed_class":"lccp","speeds":"5.5kW","bays":1,"bay_types":"LCCP","dedicated":false,"status":"installed","ward":"Queen's Park","cp_ids":null}},{"type":"Feature","id":1460,"geometry":{"type":"Point","coordinates":[-0.203951,51.531073]},"properties":{"site":"Marban Road","location":"Side Of 203 Portnall Road","lamp_column":"4","operator":"Shell Recharge","speed_class":"lccp","speeds":"5.5kW","bays":1,"bay_types":"LCCP","dedicated":false,"status":"installed","ward":"Queen's Park","cp_ids":"807113"}},{"type":"Feature","id":1461,"geometry":{"type":"Point","coordinates":[-0.203457,51.531044]},"properties":{"site":"Marban Road","location":"Side Of 208 Ashmore Road","lamp_column":"3","operator":"Shell Recharge","speed_class":"lccp","speeds":"5.5kW","bays":1,"bay_types":"LCCP","dedicated":false,"status":"installed","ward":"Queen's Park","cp_ids":"807108"}},{"type":"Feature","id":1462,"geometry":{"type":"Point","coordinates":[-0.17767,51.535824]},"properties":{"site":"Marlborough Hill","location":"At Or Outside 1","lamp_column":"18","operator":"Shell Recharge","speed_class":"lccp","speeds":"5.5kW","bays":1,"bay_types":"LCCP","dedicated":false,"status":"installed","ward":"Abbey Road","cp_ids":"606846"}},{"type":"Feature","id":1463,"geometry":{"type":"Point","coordinates":[-0.177902,51.536713]},"properties":{"site":"Marlborough Hill","location":"At Or Outside 16","lamp_column":"14","operator":"Shell Recharge","speed_class":"lccp","speeds":"5.5kW","bays":1,"bay_types":"LCCP","dedicated":false,"status":"installed","ward":"Abbey Road","cp_ids":"806729"}},{"type":"Feature","id":1464,"geometry":{"type":"Point","coordinates":[-0.177701,51.537937]},"properties":{"site":"Marlborough Hill","location":"At Or Outside 29","lamp_column":"8","operator":"Shell Recharge","speed_class":"lccp","speeds":"5.5kW","bays":1,"bay_types":"LCCP","dedicated":false,"status":"installed","ward":"Abbey Road","cp_ids":"806726"}},{"type":"Feature","id":1465,"geometry":{"type":"Point","coordinates":[-0.177598,51.538473]},"properties":{"site":"Marlborough Hill","location":"At Or Outside 41","lamp_column":"6","operator":"Shell Recharge","speed_class":"lccp","speeds":"5.5kW","bays":1,"bay_types":"LCCP","dedicated":false,"status":"installed","ward":"Abbey Road","cp_ids":"606843"}},{"type":"Feature","id":1466,"geometry":{"type":"Point","coordinates":[-0.177417,51.539396]},"properties":{"site":"Marlborough Hill","location":"At Or Outside 50","lamp_column":"2","operator":"Shell Recharge","speed_class":"lccp","speeds":"5.5kW","bays":1,"bay_types":"LCCP - Dedicated","dedicated":true,"status":"installed","ward":"Abbey Road","cp_ids":"606844"}},{"type":"Feature","id":1467,"geometry":{"type":"Point","coordinates":[-0.17748,51.539062]},"properties":{"site":"Marlborough Hill","location":"At Or Outside 53","lamp_column":"4","operator":"Shell Recharge","speed_class":"lccp","speeds":"5.5kW","bays":1,"bay_types":"LCCP","dedicated":false,"status":"installed","ward":"Abbey Road","cp_ids":"606845"}},{"type":"Feature","id":1468,"geometry":{"type":"Point","coordinates":[-0.177838,51.537192]},"properties":{"site":"Marlborough Hill","location":"Near J/W Carlton Hill","lamp_column":"12","operator":"Shell Recharge","speed_class":"lccp","speeds":"5.5kW","bays":1,"bay_types":"LCCP - Dedicated","dedicated":true,"status":"installed","ward":"Abbey Road","cp_ids":"606829"}},{"type":"Feature","id":1469,"geometry":{"type":"Point","coordinates":[-0.177739,51.536439]},"properties":{"site":"Marlborough Hill","location":"Opposite 10","lamp_column":"15","operator":"Shell Recharge","speed_class":"lccp","speeds":"5.5kW","bays":1,"bay_types":"LCCP","dedicated":false,"status":"installed","ward":"Abbey Road","cp_ids":"606848"}},{"type":"Feature","id":1470,"geometry":{"type":"Point","coordinates":[-0.177593,51.537778]},"properties":{"site":"Marlborough Hill","location":"Opposite 25","lamp_column":"9","operator":"Shell Recharge","speed_class":"lccp","speeds":"5.5kW","bays":1,"bay_types":"LCCP","dedicated":false,"status":"installed","ward":"Abbey Road","cp_ids":"806727"}},{"type":"Feature","id":1471,"geometry":{"type":"Point","coordinates":[-0.177511,51.538213]},"properties":{"site":"Marlborough Hill","location":"Opposite 35","lamp_column":"7","operator":"Shell Recharge","speed_class":"lccp","speeds":"5.5kW","bays":1,"bay_types":"LCCP","dedicated":false,"status":"installed","ward":"Abbey Road","cp_ids":"606842"}},{"type":"Feature","id":1472,"geometry":{"type":"Point","coordinates":[-0.177406,51.538712]},"properties":{"site":"Marlborough Hill","location":"Opposite 51","lamp_column":"5","operator":"Shell Recharge","speed_class":"lccp","speeds":"5.5kW","bays":1,"bay_types":"LCCP","dedicated":false,"status":"installed","ward":"Abbey Road","cp_ids":"801633"}},{"type":"Feature","id":1473,"geometry":{"type":"Point","coordinates":[-0.179619,51.534996]},"properties":{"site":"Marlborough Place","location":"At Or Outside 32","lamp_column":"17","operator":"Shell Recharge","speed_class":"lccp","speeds":"5.5kW","bays":1,"bay_types":"LCCP - Dedicated","dedicated":true,"status":"installed","ward":"Abbey Road","cp_ids":"606956"}},{"type":"Feature","id":1474,"geometry":{"type":"Point","coordinates":[-0.181891,51.534047]},"properties":{"site":"Marlborough Place","location":"At Or Outside 50","lamp_column":"9","operator":"Shell Recharge","speed_class":"lccp","speeds":"5.5kW","bays":1,"bay_types":"LCCP","dedicated":false,"status":"installed","ward":"Abbey Road","cp_ids":"801632"}},{"type":"Feature","id":1475,"geometry":{"type":"Point","coordinates":[-0.18222,51.5338]},"properties":{"site":"Marlborough Place","location":"At Or Outside 61","lamp_column":"8","operator":"Shell Recharge","speed_class":"lccp","speeds":"5.5kW","bays":1,"bay_types":"LCCP","dedicated":false,"status":"installed","ward":"Abbey Road","cp_ids":"806200"}},{"type":"Feature","id":1476,"geometry":{"type":"Point","coordinates":[-0.182631,51.533602]},"properties":{"site":"Marlborough Place","location":"At Or Outside 67","lamp_column":"6","operator":"Shell Recharge","speed_class":"lccp","speeds":"5.5kW","bays":1,"bay_types":"LCCP","dedicated":false,"status":"installed","ward":"Abbey Road","cp_ids":"806218"}},{"type":"Feature","id":1477,"geometry":{"type":"Point","coordinates":[-0.180922,51.534384]},"properties":{"site":"Marlborough Place","location":"Opposite 38a","lamp_column":"12","operator":"Shell Recharge","speed_class":"lccp","speeds":"5.5kW","bays":1,"bay_types":"LCCP","dedicated":false,"status":"installed","ward":"Abbey Road","cp_ids":"806208"}},{"type":"Feature","id":1478,"geometry":{"type":"Point","coordinates":[-0.17745,51.535573]},"properties":{"site":"Marlborough Place","location":"Opposite Marlborough Hill","lamp_column":"24","operator":"Shell Recharge","speed_class":"lccp","speeds":"5.5kW","bays":1,"bay_types":"LCCP","dedicated":false,"status":"installed","ward":"Abbey Road","cp_ids":"606957"}},{"type":"Feature","id":1479,"geometry":{"type":"Point","coordinates":[-0.210985,51.53048]},"properties":{"site":"Marne Street","location":"At Or Outside 116","lamp_column":"5","operator":"Shell Recharge","speed_class":"lccp","speeds":"5.5kW","bays":1,"bay_types":"LCCP","dedicated":false,"status":"installed","ward":"Queen's Park","cp_ids":"808114"}},{"type":"Feature","id":1480,"geometry":{"type":"Point","coordinates":[-0.208677,51.530238]},"properties":{"site":"Marne Street","location":"At Or Outside 12/14","lamp_column":"10","operator":"Shell Recharge","speed_class":"lccp","speeds":"5.5kW","bays":1,"bay_types":"LCCP - Dedicated","dedicated":true,"status":"installed","ward":"Queen's Park","cp_ids":"602190"}},{"type":"Feature","id":1481,"geometry":{"type":"Point","coordinates":[-0.209188,51.530293]},"properties":{"site":"Marne Street","location":"At Or Outside 28/30","lamp_column":"9","operator":"Shell Recharge","speed_class":"lccp","speeds":"5.5kW","bays":1,"bay_types":"LCCP - Dedicated","dedicated":true,"status":"installed","ward":"Queen's Park","cp_ids":"602191"}},{"type":"Feature","id":1482,"geometry":{"type":"Point","coordinates":[-0.209553,51.530248]},"properties":{"site":"Marne Street","location":"At Or Outside 43/45","lamp_column":"8","operator":"Shell Recharge","speed_class":"lccp","speeds":"5.5kW","bays":1,"bay_types":"LCCP","dedicated":false,"status":"installed","ward":"Queen's Park","cp_ids":"602192"}},{"type":"Feature","id":1483,"geometry":{"type":"Point","coordinates":[-0.210006,51.53038]},"properties":{"site":"Marne Street","location":"At Or Outside 54","lamp_column":"7","operator":"Shell Recharge","speed_class":"lccp","speeds":"5.5kW","bays":1,"bay_types":"LCCP","dedicated":false,"status":"installed","ward":"Queen's Park","cp_ids":"808117"}},{"type":"Feature","id":1484,"geometry":{"type":"Point","coordinates":[-0.208044,51.530099]},"properties":{"site":"Marne Street","location":"At Or Outside 85","lamp_column":"11","operator":"Shell Recharge","speed_class":"lccp","speeds":"5.5kW","bays":1,"bay_types":"LCCP","dedicated":false,"status":"installed","ward":"Queen's Park","cp_ids":"808120"}},{"type":"Feature","id":1485,"geometry":{"type":"Point","coordinates":[-0.211813,51.530514]},"properties":{"site":"Marne Street","location":"At Or Outside 88","lamp_column":"3","operator":"Shell Recharge","speed_class":"lccp","speeds":"5.5kW","bays":1,"bay_types":"LCCP","dedicated":false,"status":"installed","ward":"Queen's Park","cp_ids":"602193"}},{"type":"Feature","id":1486,"geometry":{"type":"Point","coordinates":[-0.212743,51.530463]},"properties":{"site":"Marne Street","location":"At Or Outside 88 6th Avenue","lamp_column":"1","operator":"Shell Recharge","speed_class":"lccp","speeds":"5.5kW","bays":1,"bay_types":"LCCP","dedicated":false,"status":"installed","ward":"Queen's Park","cp_ids":"602220"}},{"type":"Feature","id":1487,"geometry":{"type":"Point","coordinates":[-0.212048,51.530428]},"properties":{"site":"Marne Street","location":"At Or Outside 95/97","lamp_column":"2","operator":"Shell Recharge","speed_class":"lccp","speeds":"5.5kW","bays":1,"bay_types":"LCCP","dedicated":false,"status":"installed","ward":"Queen's Park","cp_ids":"602194"}},{"type":"Feature","id":1488,"geometry":{"type":"Point","coordinates":[-0.129222,51.496118]},"properties":{"site":"Marsham Street","location":"At Or Outside 27-31","lamp_column":"4","operator":"Shell Recharge","speed_class":"lccp","speeds":"5.5kW","bays":1,"bay_types":"LCCP","dedicated":false,"status":"installed","ward":"St James's","cp_ids":"807161"}},{"type":"Feature","id":1489,"geometry":{"type":"Point","coordinates":[-0.128725,51.492794]},"properties":{"site":"Marsham Street","location":"At Or Outside Morland House","lamp_column":"20","operator":"Shell Recharge","speed_class":"lccp","speeds":"5.5kW","bays":1,"bay_types":"LCCP","dedicated":false,"status":"installed","ward":"Vincent Square","cp_ids":"807168"}},{"type":"Feature","id":1490,"geometry":{"type":"Point","coordinates":[-0.128144,51.492614]},"properties":{"site":"Marsham Street","location":"Opp John Islip Street","lamp_column":"22","operator":"Shell Recharge","speed_class":"lccp","speeds":"5.5kW","bays":1,"bay_types":"LCCP","dedicated":false,"status":"installed","ward":"Vincent Square","cp_ids":"807162"}},{"type":"Feature","id":1491,"geometry":{"type":"Point","coordinates":[-0.12895,51.493422]},"properties":{"site":"Marsham Street","location":"Opposite Marsham Court","lamp_column":"16","operator":"Shell Recharge","speed_class":"lccp","speeds":"5.5kW","bays":1,"bay_types":"LCCP","dedicated":false,"status":"installed","ward":"Vincent Square","cp_ids":"809530"}},{"type":"Feature","id":1492,"geometry":{"type":"Point","coordinates":[-0.12845,51.492614]},"properties":{"site":"Marsham Street","location":"Opposite Morland House","lamp_column":"21","operator":"Shell Recharge","speed_class":"lccp","speeds":"5.5kW","bays":1,"bay_types":"LCCP","dedicated":false,"status":"installed","ward":"Vincent Square","cp_ids":"807160"}},{"type":"Feature","id":1493,"geometry":{"type":"Point","coordinates":[-0.129253,51.495987]},"properties":{"site":"Marsham Street","location":"Outside 31","lamp_column":null,"operator":"To be confirmed","speed_class":"rapid","speeds":"50-100kW","bays":1,"bay_types":"EV Bay","dedicated":true,"status":"planned","ward":"St James's","cp_ids":null}},{"type":"Feature","id":1494,"geometry":{"type":"Point","coordinates":[-0.194455,51.523643]},"properties":{"site":"Marylands Road","location":"At Or Outside 13","lamp_column":"17","operator":"Shell Recharge","speed_class":"lccp","speeds":"5.5kW","bays":1,"bay_types":"LCCP - Dedicated","dedicated":true,"status":"installed","ward":"Harrow Road","cp_ids":"606645"}},{"type":"Feature","id":1495,"geometry":{"type":"Point","coordinates":[-0.194137,51.523898]},"properties":{"site":"Marylands Road","location":"At Or Outside 23","lamp_column":"15","operator":"Shell Recharge","speed_class":"lccp","speeds":"5.5kW","bays":1,"bay_types":"LCCP","dedicated":false,"status":"installed","ward":"Harrow Road","cp_ids":"806940"}},{"type":"Feature","id":1496,"geometry":{"type":"Point","coordinates":[-0.19373,51.524389]},"properties":{"site":"Marylands Road","location":"At Or Outside 32","lamp_column":"11","operator":"Shell Recharge","speed_class":"lccp","speeds":"5.5kW","bays":1,"bay_types":"LCCP","dedicated":false,"status":"installed","ward":"Harrow Road","cp_ids":"806938"}},{"type":"Feature","id":1497,"geometry":{"type":"Point","coordinates":[-0.194796,51.523532]},"properties":{"site":"Marylands Road","location":"At Or Outside 6d","lamp_column":"18","operator":"Shell Recharge","speed_class":"lccp","speeds":"5.5kW","bays":1,"bay_types":"LCCP","dedicated":false,"status":"installed","ward":"Harrow Road","cp_ids":"807459"}},{"type":"Feature","id":1498,"geometry":{"type":"Point","coordinates":[-0.191802,51.525375]},"properties":{"site":"Marylands Road","location":"At Or Outside 70","lamp_column":"2","operator":"Shell Recharge","speed_class":"lccp","speeds":"5.5kW","bays":1,"bay_types":"LCCP - Dedicated","dedicated":true,"status":"installed","ward":"Harrow Road","cp_ids":"606647"}},{"type":"Feature","id":1499,"geometry":{"type":"Point","coordinates":[-0.161821,51.522412]},"properties":{"site":"Melcombe Place","location":"Outside 1-29 Melcombe Court","lamp_column":null,"operator":"TotalEnergies","speed_class":"fast","speeds":"22kW","bays":2,"bay_types":"EV Bay","dedicated":true,"status":"installed","ward":"Regent's Park","cp_ids":null}},{"type":"Feature","id":1500,"geometry":{"type":"Point","coordinates":[-0.158668,51.523005]},"properties":{"site":"Melcombe Street","location":"Opposite Tesco","lamp_column":"4","operator":"Shell Recharge","speed_class":"lccp","speeds":"5.5kW","bays":1,"bay_types":"LCCP","dedicated":false,"status":"installed","ward":"Regent's Park","cp_ids":"807480"}},{"type":"Feature","id":1501,"geometry":{"type":"Point","coordinates":[-0.158914,51.522963]},"properties":{"site":"Melcombe Street","location":"Opposite Tesco","lamp_column":"S6","operator":"Shell Recharge","speed_class":"lccp","speeds":"5.5kW","bays":1,"bay_types":"LCCP","dedicated":false,"status":"installed","ward":"Regent's Park","cp_ids":"806568"}},{"type":"Feature","id":1502,"geometry":{"type":"Point","coordinates":[-0.176215,51.529212]},"properties":{"site":"Melina Place","location":"At Or Outside Jct Grove End Road","lamp_column":"7","operator":"Shell Recharge","speed_class":"lccp","speeds":"5.5kW","bays":1,"bay_types":"LCCP","dedicated":false,"status":"installed","ward":"Abbey Road","cp_ids":"801719"}},{"type":"Feature","id":1503,"geometry":{"type":"Point","coordinates":[-0.142336,51.512578]},"properties":{"site":"Mill Street","location":"Opposite 2","lamp_column":"2","operator":"Shell Recharge","speed_class":"lccp","speeds":"5.5kW","bays":1,"bay_types":"LCCP","dedicated":false,"status":"installed","ward":"West End","cp_ids":"805075"}},{"type":"Feature","id":1504,"geometry":{"type":"Point","coordinates":[-0.125399,51.491968]},"properties":{"site":"Millbank","location":"Opp Millbank Tower","lamp_column":null,"operator":"To be confirmed","speed_class":"rapid","speeds":"50-100kW","bays":1,"bay_types":"EV Bay","dedicated":true,"status":"planned","ward":"Vincent Square","cp_ids":null}},{"type":"Feature","id":1505,"geometry":{"type":"Point","coordinates":[-0.165111,51.51852]},"properties":{"site":"Molyneux Street","location":"At Or Outside 49","lamp_column":"1","operator":"Shell Recharge","speed_class":"lccp","speeds":"5.5kW","bays":1,"bay_types":"LCCP","dedicated":false,"status":"installed","ward":"Marylebone","cp_ids":"801104"}},{"type":"Feature","id":1506,"geometry":{"type":"Point","coordinates":[-0.130899,51.496301]},"properties":{"site":"Monck Street","location":"At Or Outside 2 Ashley House","lamp_column":"10","operator":"Shell Recharge","speed_class":"lccp","speeds":"5.5kW","bays":1,"bay_types":"LCCP","dedicated":false,"status":"installed","ward":"St James's","cp_ids":"801767"}},{"type":"Feature","id":1507,"geometry":{"type":"Point","coordinates":[-0.130771,51.495289]},"properties":{"site":"Monck Street","location":"O/S 23","lamp_column":null,"operator":"To be confirmed","speed_class":"rapid","speeds":"50kW","bays":1,"bay_types":"EV Bay","dedicated":true,"status":"planned","ward":"St James's","cp_ids":"TBC"}},{"type":"Feature","id":1508,"geometry":{"type":"Point","coordinates":[-0.130765,51.49529]},"properties":{"site":"Monck Street","location":"O/S 23","lamp_column":null,"operator":"To be confirmed","speed_class":"rapid","speeds":"50-100kW","bays":1,"bay_types":"EV Bay","dedicated":true,"status":"planned","ward":"St James's","cp_ids":null}},{"type":"Feature","id":1509,"geometry":{"type":"Point","coordinates":[-0.130888,51.495982]},"properties":{"site":"Monck Street","location":"Opposite 31","lamp_column":"8","operator":"Shell Recharge","speed_class":"lccp","speeds":"5.5kW","bays":1,"bay_types":"LCCP","dedicated":false,"status":"installed","ward":"St James's","cp_ids":"807165"}},{"type":"Feature","id":1510,"geometry":{"type":"Point","coordinates":[-0.13076,51.495774]},"properties":{"site":"Monck Street","location":"Opposite Vestry Court","lamp_column":"7","operator":"Shell Recharge","speed_class":"lccp","speeds":"5.5kW","bays":1,"bay_types":"LCCP","dedicated":false,"status":"installed","ward":"St James's","cp_ids":"807163"}},{"type":"Feature","id":1511,"geometry":{"type":"Point","coordinates":[-0.193096,51.515659]},"properties":{"site":"Monmouth Road","location":"At Or Outside 10","lamp_column":"2","operator":"Shell Recharge","speed_class":"lccp","speeds":"5.5kW","bays":1,"bay_types":"LCCP","dedicated":false,"status":"installed","ward":"Bayswater","cp_ids":"808142"}},{"type":"Feature","id":1512,"geometry":{"type":"Point","coordinates":[-0.192776,51.514929]},"properties":{"site":"Monmouth Road","location":"At Or Outside 13","lamp_column":"5","operator":"Shell Recharge","speed_class":"lccp","speeds":"5.5kW","bays":1,"bay_types":"LCCP","dedicated":false,"status":"installed","ward":"Bayswater","cp_ids":"808149"}},{"type":"Feature","id":1513,"geometry":{"type":"Point","coordinates":[-0.192835,51.51467]},"properties":{"site":"Monmouth Road","location":"At Or Outside 32","lamp_column":"6","operator":"Shell Recharge","speed_class":"lccp","speeds":"5.5kW","bays":1,"bay_types":"LCCP","dedicated":false,"status":"installed","ward":"Bayswater","cp_ids":"808071"}},{"type":"Feature","id":1514,"geometry":{"type":"Point","coordinates":[-0.15919,51.518921]},"properties":{"site":"Montagu Place","location":"Opposite Montagu Mews North","lamp_column":"7","operator":"Shell Recharge","speed_class":"lccp","speeds":"5.5kW","bays":1,"bay_types":"LCCP","dedicated":false,"status":"installed","ward":"Marylebone","cp_ids":"807181"}},{"type":"Feature","id":1515,"geometry":{"type":"Point","coordinates":[-0.158693,51.517208]},"properties":{"site":"Montagu Square","location":"At Or Outside 4","lamp_column":"11","operator":"Shell Recharge","speed_class":"lccp","speeds":"5.5kW","bays":1,"bay_types":"LCCP","dedicated":false,"status":"installed","ward":"Marylebone","cp_ids":"801656"}},{"type":"Feature","id":1516,"geometry":{"type":"Point","coordinates":[-0.159446,51.518823]},"properties":{"site":"Montagu Square","location":"At Or Outside Montagu Court","lamp_column":"1","operator":"Shell Recharge","speed_class":"lccp","speeds":"5.5kW","bays":1,"bay_types":"LCCP","dedicated":false,"status":"installed","ward":"Marylebone","cp_ids":"805027"}},{"type":"Feature","id":1517,"geometry":{"type":"Point","coordinates":[-0.159739,51.518174]},"properties":{"site":"Montagu Square","location":"O/S 42/43","lamp_column":"23","operator":"Shell Recharge","speed_class":"lccp","speeds":"5.5kW","bays":1,"bay_types":"LCCP","dedicated":false,"status":"installed","ward":"Marylebone","cp_ids":"801628"}},{"type":"Feature","id":1518,"geometry":{"type":"Point","coordinates":[-0.159476,51.517606]},"properties":{"site":"Montagu Square","location":"O/S 48/49","lamp_column":"19","operator":"Shell Recharge","speed_class":"lccp","speeds":"5.5kW","bays":1,"bay_types":"LCCP","dedicated":false,"status":"installed","ward":"Marylebone","cp_ids":"801657"}},{"type":"Feature","id":1519,"geometry":{"type":"Point","coordinates":[-0.159107,51.51808]},"properties":{"site":"Montagu Square","location":"Outside 17/18","lamp_column":"5","operator":"Shell Recharge","speed_class":"lccp","speeds":"5.5kW","bays":1,"bay_types":"LCCP","dedicated":false,"status":"installed","ward":"Marylebone","cp_ids":"801655"}},{"type":"Feature","id":1520,"geometry":{"type":"Point","coordinates":[-0.158913,51.516388]},"properties":{"site":"Montagu Street","location":"At Or Outside No.16/18","lamp_column":"2","operator":"Shell Recharge","speed_class":"lccp","speeds":"5.5kW","bays":1,"bay_types":"LCCP - Dedicated","dedicated":true,"status":"installed","ward":"Marylebone","cp_ids":"602747"}},{"type":"Feature","id":1521,"geometry":{"type":"Point","coordinates":[-0.158672,51.516151]},"properties":{"site":"Montagu Street","location":"Opposite No.21/22","lamp_column":"3","operator":"Shell Recharge","speed_class":"lccp","speeds":"5.5kW","bays":1,"bay_types":"LCCP - Dedicated","dedicated":true,"status":"installed","ward":"Marylebone","cp_ids":"602724"}},{"type":"Feature","id":1522,"geometry":{"type":"Point","coordinates":[-0.165803,51.499312]},"properties":{"site":"Montpelier Street","location":"Opposite 14 Outside Bonhams","lamp_column":null,"operator":"TotalEnergies","speed_class":"fast","speeds":"22kW","bays":2,"bay_types":"EV Bay","dedicated":true,"status":"installed","ward":"Knightsbridge & Belgravia","cp_ids":null}},{"type":"Feature","id":1523,"geometry":{"type":"Point","coordinates":[-0.197986,51.515967]},"properties":{"site":"Moorhouse Road","location":"At Or Outside 11","lamp_column":"5","operator":"Shell Recharge","speed_class":"lccp","speeds":"5.5kW","bays":1,"bay_types":"LCCP - Dedicated","dedicated":true,"status":"installed","ward":"Bayswater","cp_ids":"602188"}},{"type":"Feature","id":1524,"geometry":{"type":"Point","coordinates":[-0.197932,51.5162]},"properties":{"site":"Moorhouse Road","location":"At Or Outside 2","lamp_column":"4","operator":"Shell Recharge","speed_class":"lccp","speeds":"5.5kW","bays":1,"bay_types":"LCCP","dedicated":false,"status":"installed","ward":"Bayswater","cp_ids":"808045"}},{"type":"Feature","id":1525,"geometry":{"type":"Point","coordinates":[-0.198084,51.516685]},"properties":{"site":"Moorhouse Road","location":"At Or Outside 22","lamp_column":"2","operator":"Shell Recharge","speed_class":"lccp","speeds":"5.5kW","bays":1,"bay_types":"LCCP - Dedicated","dedicated":true,"status":"installed","ward":"Bayswater","cp_ids":"602189"}},{"type":"Feature","id":1526,"geometry":{"type":"Point","coordinates":[-0.198135,51.516424]},"properties":{"site":"Moorhouse Road","location":"At Or Outside 27","lamp_column":"3","operator":"Shell Recharge","speed_class":"lccp","speeds":"5.5kW","bays":1,"bay_types":"LCCP","dedicated":false,"status":"installed","ward":"Bayswater","cp_ids":"808042"}},{"type":"Feature","id":1527,"geometry":{"type":"Point","coordinates":[-0.137476,51.489339]},"properties":{"site":"Moreton Place","location":"At Or Outside 16","lamp_column":"2","operator":"Shell Recharge","speed_class":"lccp","speeds":"5.5kW","bays":1,"bay_types":"LCCP","dedicated":false,"status":"installed","ward":"Pimlico North","cp_ids":"801874"}},{"type":"Feature","id":1528,"geometry":{"type":"Point","coordinates":[-0.138237,51.489786]},"properties":{"site":"Moreton Place","location":"At Or Outside Clarion House","lamp_column":"1","operator":"Shell Recharge","speed_class":"lccp","speeds":"5.5kW","bays":1,"bay_types":"LCCP","dedicated":false,"status":"installed","ward":"Pimlico North","cp_ids":"801876"}},{"type":"Feature","id":1529,"geometry":{"type":"Point","coordinates":[-0.136678,51.489001]},"properties":{"site":"Moreton Street","location":"At Or Outside 45a","lamp_column":"10","operator":"Shell Recharge","speed_class":"lccp","speeds":"5.5kW","bays":1,"bay_types":"LCCP","dedicated":false,"status":"installed","ward":"Pimlico North","cp_ids":"801872"}},{"type":"Feature","id":1530,"geometry":{"type":"Point","coordinates":[-0.191712,51.528167]},"properties":{"site":"Morshead Road","location":"At Or Outside 17-24 Morshead Mansions","lamp_column":"9","operator":"Shell Recharge","speed_class":"lccp","speeds":"5.5kW","bays":1,"bay_types":"LCCP","dedicated":false,"status":"installed","ward":"Maida Vale","cp_ids":"807030"}},{"type":"Feature","id":1531,"geometry":{"type":"Point","coordinates":[-0.192066,51.528428]},"properties":{"site":"Morshead Road","location":"At Or Outside 41-48 Morshead Mansions","lamp_column":"7","operator":"Shell Recharge","speed_class":"lccp","speeds":"5.5kW","bays":1,"bay_types":"LCCP - Dedicated","dedicated":true,"status":"installed","ward":"Maida Vale","cp_ids":"602888"}},{"type":"Feature","id":1532,"geometry":{"type":"Point","coordinates":[-0.192524,51.528756]},"properties":{"site":"Morshead Road","location":"At Or Outside 73-80 Morshead Mansions","lamp_column":"5","operator":"Shell Recharge","speed_class":"lccp","speeds":"5.5kW","bays":1,"bay_types":"LCCP","dedicated":false,"status":"installed","ward":"Maida Vale","cp_ids":"602886"}},{"type":"Feature","id":1533,"geometry":{"type":"Point","coordinates":[-0.193063,51.529144]},"properties":{"site":"Morshead Road","location":"At Or Outside 97-104 Morshead Mansions","lamp_column":"3","operator":"Shell Recharge","speed_class":"lccp","speeds":"5.5kW","bays":1,"bay_types":"LCCP","dedicated":false,"status":"installed","ward":"Maida Vale","cp_ids":"602884"}},{"type":"Feature","id":1534,"geometry":{"type":"Point","coordinates":[-0.191218,51.527831]},"properties":{"site":"Morshead Road","location":"Opposite 1","lamp_column":"11","operator":"Shell Recharge","speed_class":"lccp","speeds":"5.5kW","bays":1,"bay_types":"LCCP","dedicated":false,"status":"installed","ward":"Maida Vale","cp_ids":"807027"}},{"type":"Feature","id":1535,"geometry":{"type":"Point","coordinates":[-0.191375,51.528099]},"properties":{"site":"Morshead Road","location":"Opposite 1-8 Morshead Mansions","lamp_column":"10","operator":"Shell Recharge","speed_class":"lccp","speeds":"5.5kW","bays":1,"bay_types":"LCCP","dedicated":false,"status":"installed","ward":"Maida Vale","cp_ids":"602890"}},{"type":"Feature","id":1536,"geometry":{"type":"Point","coordinates":[-0.193303,51.529326]},"properties":{"site":"Morshead Road","location":"Opposite 53-59 Essendine Mansions","lamp_column":"1","operator":"Shell Recharge","speed_class":"lccp","speeds":"5.5kW","bays":1,"bay_types":"LCCP","dedicated":false,"status":"installed","ward":"Maida Vale","cp_ids":"807035"}},{"type":"Feature","id":1537,"geometry":{"type":"Point","coordinates":[-0.1922,51.528682]},"properties":{"site":"Morshead Road","location":"Opposite 57-64 Morshead Mmansions","lamp_column":"6","operator":"Shell Recharge","speed_class":"lccp","speeds":"5.5kW","bays":1,"bay_types":"LCCP","dedicated":false,"status":"installed","ward":"Maida Vale","cp_ids":"602887"}},{"type":"Feature","id":1538,"geometry":{"type":"Point","coordinates":[-0.192701,51.529022]},"properties":{"site":"Morshead Road","location":"Opposite 89-96 Morshead Mansions","lamp_column":"4","operator":"Shell Recharge","speed_class":"lccp","speeds":"5.5kW","bays":1,"bay_types":"LCCP - Dedicated","dedicated":true,"status":"installed","ward":"Maida Vale","cp_ids":"602885"}},{"type":"Feature","id":1539,"geometry":{"type":"Point","coordinates":[-0.193348,51.529237]},"properties":{"site":"Morshead Road","location":"Side Of 53-59 Essendine Mansions","lamp_column":"2","operator":"Shell Recharge","speed_class":"lccp","speeds":"5.5kW","bays":1,"bay_types":"LCCP","dedicated":false,"status":"installed","ward":"Maida Vale","cp_ids":"602883"}},{"type":"Feature","id":1540,"geometry":{"type":"Point","coordinates":[-0.189944,51.512503]},"properties":{"site":"Moscow Place","location":"Side Of Moscow Road","lamp_column":"3","operator":"Shell Recharge","speed_class":"lccp","speeds":"5.5kW","bays":1,"bay_types":"LCCP","dedicated":false,"status":"installed","ward":"Bayswater","cp_ids":"807266"}},{"type":"Feature","id":1541,"geometry":{"type":"Point","coordinates":[-0.18937,51.512442]},"properties":{"site":"Moscow Road","location":"At Or Outside 37","lamp_column":"17","operator":"Shell Recharge","speed_class":"lccp","speeds":"5.5kW","bays":1,"bay_types":"LCCP","dedicated":false,"status":"installed","ward":"Lancaster Gate","cp_ids":"807260"}},{"type":"Feature","id":1542,"geometry":{"type":"Point","coordinates":[-0.193124,51.511865]},"properties":{"site":"Moscow Road","location":"At Or Outside Prince Edward Mansions","lamp_column":"4","operator":"Shell Recharge","speed_class":"lccp","speeds":"5.5kW","bays":1,"bay_types":"LCCP","dedicated":false,"status":"installed","ward":"Bayswater","cp_ids":"606618"}},{"type":"Feature","id":1543,"geometry":{"type":"Point","coordinates":[-0.190307,51.512449]},"properties":{"site":"Moscow Road","location":"Opposite 59","lamp_column":"14","operator":"Shell Recharge","speed_class":"lccp","speeds":"5.5kW","bays":1,"bay_types":"LCCP - Dedicated","dedicated":true,"status":"installed","ward":"Bayswater","cp_ids":"602559"}},{"type":"Feature","id":1544,"geometry":{"type":"Point","coordinates":[-0.190619,51.51242]},"properties":{"site":"Moscow Road","location":"Opposite 63","lamp_column":"13","operator":"Shell Recharge","speed_class":"lccp","speeds":"5.5kW","bays":1,"bay_types":"LCCP","dedicated":false,"status":"installed","ward":"Bayswater","cp_ids":"807341"}},{"type":"Feature","id":1545,"geometry":{"type":"Point","coordinates":[-0.191964,51.512086]},"properties":{"site":"Moscow Road","location":"Opposite Bt Exchange","lamp_column":"8","operator":"Shell Recharge","speed_class":"lccp","speeds":"5.5kW","bays":1,"bay_types":"LCCP","dedicated":false,"status":"installed","ward":"Bayswater","cp_ids":"807445"}},{"type":"Feature","id":1546,"geometry":{"type":"Point","coordinates":[-0.152635,51.509429]},"properties":{"site":"Mount Street","location":"At Or Outside 49","lamp_column":"6","operator":"Shell Recharge","speed_class":"lccp","speeds":"5.5kW","bays":1,"bay_types":"LCCP","dedicated":false,"status":"installed","ward":"West End","cp_ids":"802002"}},{"type":"Feature","id":1547,"geometry":{"type":"Point","coordinates":[-0.15442,51.509055]},"properties":{"site":"Mount Street","location":"Near J/W Park Lane","lamp_column":null,"operator":"To be confirmed","speed_class":"rapid","speeds":"50-100kW","bays":1,"bay_types":"EV Bay","dedicated":true,"status":"planned","ward":"West End","cp_ids":null}},{"type":"Feature","id":1548,"geometry":{"type":"Point","coordinates":[-0.154417,51.509053]},"properties":{"site":"Mount Street","location":"Near J/W Park Lane","lamp_column":null,"operator":"To be confirmed","speed_class":"rapid","speeds":"50kW","bays":1,"bay_types":"EV Bay","dedicated":true,"status":"planned","ward":"West End","cp_ids":"TBC"}},{"type":"Feature","id":1549,"geometry":{"type":"Point","coordinates":[-0.205305,51.528769]},"properties":{"site":"Mozart Street","location":"At Or Outside 22","lamp_column":"1","operator":"Shell Recharge","speed_class":"lccp","speeds":"5.5kW","bays":1,"bay_types":"LCCP","dedicated":false,"status":"installed","ward":"Queen's Park","cp_ids":"807101"}},{"type":"Feature","id":1550,"geometry":{"type":"Point","coordinates":[-0.204611,51.528789]},"properties":{"site":"Mozart Street","location":"At Or Outside 4","lamp_column":"3","operator":"Shell Recharge","speed_class":"lccp","speeds":"5.5kW","bays":1,"bay_types":"LCCP","dedicated":false,"status":"installed","ward":"Queen's Park","cp_ids":"807100"}},{"type":"Feature","id":1551,"geometry":{"type":"Point","coordinates":[-0.169572,51.523378]},"properties":{"site":"Mulready Street","location":"At Or Outside 32","lamp_column":"3","operator":"Shell Recharge","speed_class":"lccp","speeds":"5.5kW","bays":1,"bay_types":"LCCP","dedicated":false,"status":"installed","ward":"Church Street","cp_ids":"801786"}},{"type":"Feature","id":1552,"geometry":{"type":"Point","coordinates":[-0.197406,51.515336]},"properties":{"site":"Needham Road","location":"At Or Outside 15","lamp_column":"2","operator":"Shell Recharge","speed_class":"lccp","speeds":"5.5kW","bays":1,"bay_types":"LCCP","dedicated":false,"status":"installed","ward":"Bayswater","cp_ids":"606637"}},{"type":"Feature","id":1553,"geometry":{"type":"Point","coordinates":[-0.197191,51.51525]},"properties":{"site":"Needham Road","location":"At Or Outside 6","lamp_column":"3","operator":"Shell Recharge","speed_class":"lccp","speeds":"5.5kW","bays":1,"bay_types":"LCCP","dedicated":false,"status":"installed","ward":"Bayswater","cp_ids":"606638"}},{"type":"Feature","id":1554,"geometry":{"type":"Point","coordinates":[-0.139836,51.5206]},"properties":{"site":"New Cavendish Street","location":"At Or Outside 148","lamp_column":"23","operator":"Shell Recharge","speed_class":"lccp","speeds":"5.5kW","bays":1,"bay_types":"LCCP - Dedicated","dedicated":true,"status":"installed","ward":"West End","cp_ids":"809195"}},{"type":"Feature","id":1555,"geometry":{"type":"Point","coordinates":[-0.140427,51.520581]},"properties":{"site":"New Cavendish Street","location":"Opposite 142","lamp_column":"22","operator":"Shell Recharge","speed_class":"lccp","speeds":"5.5kW","bays":1,"bay_types":"LCCP","dedicated":false,"status":"installed","ward":"West End","cp_ids":"809194"}},{"type":"Feature","id":1556,"geometry":{"type":"Point","coordinates":[-0.150297,51.51876]},"properties":{"site":"New Cavendish Street","location":"Opposite 19","lamp_column":"3","operator":"Shell Recharge","speed_class":"lccp","speeds":"5.5kW","bays":1,"bay_types":"LCCP - Dedicated","dedicated":true,"status":"installed","ward":"Marylebone","cp_ids":"602120"}},{"type":"Feature","id":1557,"geometry":{"type":"Point","coordinates":[-0.167359,51.533343]},"properties":{"site":"Newcourt Street","location":"Approximately 30m From Junction With Charlbert Street","lamp_column":"2","operator":"Shell Recharge","speed_class":"lccp","speeds":"5.5kW","bays":1,"bay_types":"LCCP","dedicated":false,"status":"installed","ward":"Regent's Park","cp_ids":"602605"}},{"type":"Feature","id":1558,"geometry":{"type":"Point","coordinates":[-0.168318,51.532412]},"properties":{"site":"Newcourt Street","location":"J/W Greenberry Street","lamp_column":"7","operator":"Shell Recharge","speed_class":"lccp","speeds":"5.5kW","bays":1,"bay_types":"LCCP","dedicated":false,"status":"installed","ward":"Regent's Park","cp_ids":"606856"}},{"type":"Feature","id":1559,"geometry":{"type":"Point","coordinates":[-0.167193,51.533534]},"properties":{"site":"Newcourt Street","location":"Near Jct Charlbert Street","lamp_column":"1","operator":"Shell Recharge","speed_class":"lccp","speeds":"5.5kW","bays":1,"bay_types":"LCCP - Dedicated","dedicated":true,"status":"installed","ward":"Regent's Park","cp_ids":"602608"}},{"type":"Feature","id":1560,"geometry":{"type":"Point","coordinates":[-0.168013,51.532772]},"properties":{"site":"Newcourt Street","location":"Opposite 8b To 11c","lamp_column":"5","operator":"Shell Recharge","speed_class":"lccp","speeds":"5.5kW","bays":1,"bay_types":"LCCP","dedicated":false,"status":"installed","ward":"Regent's Park","cp_ids":"606538"}},{"type":"Feature","id":1561,"geometry":{"type":"Point","coordinates":[-0.16766,51.533184]},"properties":{"site":"Newcourt Street","location":"Opposite Culworth Street","lamp_column":"3","operator":"Shell Recharge","speed_class":"lccp","speeds":"5.5kW","bays":1,"bay_types":"LCCP","dedicated":false,"status":"installed","ward":"Regent's Park","cp_ids":"806424"}},{"type":"Feature","id":1562,"geometry":{"type":"Point","coordinates":[-0.168038,51.532548]},"properties":{"site":"Newcourt Street","location":"Outside 16","lamp_column":"6","operator":"Shell Recharge","speed_class":"lccp","speeds":"5.5kW","bays":1,"bay_types":"LCCP","dedicated":false,"status":"installed","ward":"Regent's Park","cp_ids":"806422"}},{"type":"Feature","id":1563,"geometry":{"type":"Point","coordinates":[-0.191501,51.516195]},"properties":{"site":"Newton Road","location":"At Or Outside 24","lamp_column":"5","operator":"Shell Recharge","speed_class":"lccp","speeds":"5.5kW","bays":1,"bay_types":"LCCP","dedicated":false,"status":"installed","ward":"Bayswater","cp_ids":"808147"}},{"type":"Feature","id":1564,"geometry":{"type":"Point","coordinates":[-0.190902,51.516051]},"properties":{"site":"Newton Road","location":"Opposite 15","lamp_column":"7","operator":"Shell Recharge","speed_class":"lccp","speeds":"5.5kW","bays":1,"bay_types":"LCCP","dedicated":false,"status":"installed","ward":"Bayswater","cp_ids":"808144"}},{"type":"Feature","id":1565,"geometry":{"type":"Point","coordinates":[-0.168294,51.5169]},"properties":{"site":"Norfolk Crescent","location":"Opposite The Heron","lamp_column":"3","operator":"Shell Recharge","speed_class":"lccp","speeds":"5.5kW","bays":1,"bay_types":"LCCP","dedicated":false,"status":"installed","ward":"Hyde Park","cp_ids":"802013"}},{"type":"Feature","id":1566,"geometry":{"type":"Point","coordinates":[-0.167593,51.516587]},"properties":{"site":"Norfolk Crescent","location":"Outside 6 (Was Lc22)","lamp_column":"26","operator":"Shell Recharge","speed_class":"lccp","speeds":"5.5kW","bays":1,"bay_types":"LCCP","dedicated":false,"status":"installed","ward":"Hyde Park","cp_ids":"808019"}},{"type":"Feature","id":1567,"geometry":{"type":"Point","coordinates":[-0.172581,51.516913]},"properties":{"site":"Norfolk Place","location":"At Or Outside 13","lamp_column":"S3","operator":"Shell Recharge","speed_class":"lccp","speeds":"5.5kW","bays":1,"bay_types":"LCCP","dedicated":false,"status":"installed","ward":"Hyde Park","cp_ids":"805506"}},{"type":"Feature","id":1568,"geometry":{"type":"Point","coordinates":[-0.171784,51.516359]},"properties":{"site":"Norfolk Place","location":"At Or Outside 3a","lamp_column":"5","operator":"Shell Recharge","speed_class":"lccp","speeds":"5.5kW","bays":1,"bay_types":"LCCP","dedicated":false,"status":"installed","ward":"Hyde Park","cp_ids":"808047"}},{"type":"Feature","id":1569,"geometry":{"type":"Point","coordinates":[-0.172377,51.537009]},"properties":{"site":"Norfolk Road","location":"At Or Outside 14","lamp_column":"10","operator":"Shell Recharge","speed_class":"lccp","speeds":"5.5kW","bays":1,"bay_types":"LCCP","dedicated":false,"status":"installed","ward":"Regent's Park","cp_ids":"606972"}},{"type":"Feature","id":1570,"geometry":{"type":"Point","coordinates":[-0.171945,51.53714]},"properties":{"site":"Norfolk Road","location":"At Or Outside 18","lamp_column":"9","operator":"Shell Recharge","speed_class":"lccp","speeds":"5.5kW","bays":1,"bay_types":"LCCP","dedicated":false,"status":"installed","ward":"Regent's Park","cp_ids":"808100"}},{"type":"Feature","id":1571,"geometry":{"type":"Point","coordinates":[-0.171033,51.537659]},"properties":{"site":"Norfolk Road","location":"At Or Outside 25","lamp_column":"6","operator":"Shell Recharge","speed_class":"lccp","speeds":"5.5kW","bays":1,"bay_types":"LCCP","dedicated":false,"status":"installed","ward":"Regent's Park","cp_ids":"606974"}},{"type":"Feature","id":1572,"geometry":{"type":"Point","coordinates":[-0.170447,51.537988]},"properties":{"site":"Norfolk Road","location":"At Or Outside 28","lamp_column":"4","operator":"Shell Recharge","speed_class":"lccp","speeds":"5.5kW","bays":1,"bay_types":"LCCP - Dedicated","dedicated":true,"status":"installed","ward":"Regent's Park","cp_ids":"606976"}},{"type":"Feature","id":1573,"geometry":{"type":"Point","coordinates":[-0.170169,51.538143]},"properties":{"site":"Norfolk Road","location":"At Or Outside 29","lamp_column":"3","operator":"Shell Recharge","speed_class":"lccp","speeds":"5.5kW","bays":1,"bay_types":"LCCP","dedicated":false,"status":"installed","ward":"Regent's Park","cp_ids":"808108"}},{"type":"Feature","id":1574,"geometry":{"type":"Point","coordinates":[-0.17142,51.537549]},"properties":{"site":"Norfolk Road","location":"At Or Outside 6","lamp_column":"7","operator":"Shell Recharge","speed_class":"lccp","speeds":"5.5kW","bays":1,"bay_types":"LCCP","dedicated":false,"status":"installed","ward":"Regent's Park","cp_ids":"606973"}},{"type":"Feature","id":1575,"geometry":{"type":"Point","coordinates":[-0.171697,51.53739]},"properties":{"site":"Norfolk Road","location":"At Or Outside 8","lamp_column":"8","operator":"Shell Recharge","speed_class":"lccp","speeds":"5.5kW","bays":1,"bay_types":"LCCP","dedicated":false,"status":"installed","ward":"Regent's Park","cp_ids":"808101"}},{"type":"Feature","id":1576,"geometry":{"type":"Point","coordinates":[-0.170816,51.537891]},"properties":{"site":"Norfolk Road","location":"Outside 3 Norfolk Road.","lamp_column":"5","operator":"Shell Recharge","speed_class":"lccp","speeds":"5.5kW","bays":1,"bay_types":"LCCP","dedicated":false,"status":"installed","ward":"Regent's Park","cp_ids":"606975"}},{"type":"Feature","id":1577,"geometry":{"type":"Point","coordinates":[-0.173422,51.515689]},"properties":{"site":"Norfolk Square","location":"At Or Outside 17","lamp_column":"13","operator":"Shell Recharge","speed_class":"lccp","speeds":"5.5kW","bays":1,"bay_types":"LCCP","dedicated":false,"status":"installed","ward":"Hyde Park","cp_ids":"805141"}},{"type":"Feature","id":1578,"geometry":{"type":"Point","coordinates":[-0.17345,51.516103]},"properties":{"site":"Norfolk Square","location":"At Or Outside 28","lamp_column":"5","operator":"Shell Recharge","speed_class":"lccp","speeds":"5.5kW","bays":1,"bay_types":"LCCP","dedicated":false,"status":"installed","ward":"Hyde Park","cp_ids":"802014"}},{"type":"Feature","id":1579,"geometry":{"type":"Point","coordinates":[-0.172784,51.516041]},"properties":{"site":"Norfolk Square","location":"At Or Outside 35-43","lamp_column":"17","operator":"Shell Recharge","speed_class":"lccp","speeds":"5.5kW","bays":1,"bay_types":"LCCP","dedicated":false,"status":"installed","ward":"Hyde Park","cp_ids":"805138"}},{"type":"Feature","id":1580,"geometry":{"type":"Point","coordinates":[-0.173054,51.516323]},"properties":{"site":"Norfolk Square","location":"At Or Outside 40","lamp_column":"3","operator":"Shell Recharge","speed_class":"lccp","speeds":"5.5kW","bays":1,"bay_types":"LCCP","dedicated":false,"status":"installed","ward":"Hyde Park","cp_ids":"805139"}},{"type":"Feature","id":1581,"geometry":{"type":"Point","coordinates":[-0.173868,51.515445]},"properties":{"site":"Norfolk Square","location":"At Or Outside 5","lamp_column":"11","operator":"Shell Recharge","speed_class":"lccp","speeds":"5.5kW","bays":1,"bay_types":"LCCP","dedicated":false,"status":"installed","ward":"Hyde Park","cp_ids":"801405"}},{"type":"Feature","id":1582,"geometry":{"type":"Point","coordinates":[-0.172529,51.516619]},"properties":{"site":"Norfolk Square","location":"At Or Outside 54","lamp_column":"1","operator":"Shell Recharge","speed_class":"lccp","speeds":"5.5kW","bays":1,"bay_types":"LCCP","dedicated":false,"status":"installed","ward":"Hyde Park","cp_ids":"805136"}},{"type":"Feature","id":1583,"geometry":{"type":"Point","coordinates":[-0.152716,51.513711]},"properties":{"site":"North Row","location":"J/W Balderton St","lamp_column":null,"operator":"To be confirmed","speed_class":"rapid","speeds":"50kW","bays":1,"bay_types":"EV Bay","dedicated":true,"status":"planned","ward":"West End","cp_ids":"TBC"}},{"type":"Feature","id":1584,"geometry":{"type":"Point","coordinates":[-0.174771,51.518978]},"properties":{"site":"North Wharf Road","location":"Opp 35 North Wharf Road","lamp_column":null,"operator":"TotalEnergies","speed_class":"fast","speeds":"22kW","bays":2,"bay_types":"EV Bay","dedicated":true,"status":"installed","ward":"Hyde Park","cp_ids":null}},{"type":"Feature","id":1585,"geometry":{"type":"Point","coordinates":[-0.1963,51.516368]},"properties":{"site":"Northumberland Place","location":"At Or Outside 13","lamp_column":"5","operator":"Shell Recharge","speed_class":"lccp","speeds":"5.5kW","bays":1,"bay_types":"LCCP","dedicated":false,"status":"installed","ward":"Bayswater","cp_ids":"808040"}},{"type":"Feature","id":1586,"geometry":{"type":"Point","coordinates":[-0.196412,51.516722]},"properties":{"site":"Northumberland Place","location":"At Or Outside 20","lamp_column":"3","operator":"Shell Recharge","speed_class":"lccp","speeds":"5.5kW","bays":1,"bay_types":"LCCP","dedicated":false,"status":"installed","ward":"Bayswater","cp_ids":"808043"}},{"type":"Feature","id":1587,"geometry":{"type":"Point","coordinates":[-0.196628,51.516991]},"properties":{"site":"Northumberland Place","location":"At Or Outside 30","lamp_column":"2","operator":"Shell Recharge","speed_class":"lccp","speeds":"5.5kW","bays":1,"bay_types":"LCCP - Dedicated","dedicated":true,"status":"installed","ward":"Bayswater","cp_ids":"602803"}},{"type":"Feature","id":1588,"geometry":{"type":"Point","coordinates":[-0.196179,51.515982]},"properties":{"site":"Northumberland Place","location":"At Or Outside 4","lamp_column":"7","operator":"Shell Recharge","speed_class":"lccp","speeds":"5.5kW","bays":1,"bay_types":"LCCP","dedicated":false,"status":"installed","ward":"Bayswater","cp_ids":"808037"}},{"type":"Feature","id":1589,"geometry":{"type":"Point","coordinates":[-0.196493,51.516555]},"properties":{"site":"Northumberland Place","location":"At Or Outside 40","lamp_column":"4","operator":"Shell Recharge","speed_class":"lccp","speeds":"5.5kW","bays":1,"bay_types":"LCCP","dedicated":false,"status":"installed","ward":"Bayswater","cp_ids":"808041"}},{"type":"Feature","id":1590,"geometry":{"type":"Point","coordinates":[-0.196357,51.516149]},"properties":{"site":"Northumberland Place","location":"At Or Outside 48","lamp_column":"6","operator":"Shell Recharge","speed_class":"lccp","speeds":"5.5kW","bays":1,"bay_types":"LCCP","dedicated":false,"status":"installed","ward":"Bayswater","cp_ids":"808036"}},{"type":"Feature","id":1591,"geometry":{"type":"Point","coordinates":[-0.196591,51.517247]},"properties":{"site":"Northumberland Place","location":"Side Of 47 Talbot Road","lamp_column":"1","operator":"Shell Recharge","speed_class":"lccp","speeds":"5.5kW","bays":1,"bay_types":"LCCP","dedicated":false,"status":"installed","ward":"Bayswater","cp_ids":"807415"}},{"type":"Feature","id":1592,"geometry":{"type":"Point","coordinates":[-0.176403,51.525415]},"properties":{"site":"Northwick Terrace","location":"At Or Outside Block 10 Clifton Court","lamp_column":"4","operator":"Shell Recharge","speed_class":"lccp","speeds":"5.5kW","bays":1,"bay_types":"LCCP","dedicated":false,"status":"installed","ward":"Abbey Road","cp_ids":"805001"}},{"type":"Feature","id":1593,"geometry":{"type":"Point","coordinates":[-0.176944,51.525866]},"properties":{"site":"Northwick Terrace","location":"At Or Outside Block 13 Clifton Court","lamp_column":"2","operator":"Shell Recharge","speed_class":"lccp","speeds":"5.5kW","bays":1,"bay_types":"LCCP","dedicated":false,"status":"installed","ward":"Abbey Road","cp_ids":"805000"}},{"type":"Feature","id":1594,"geometry":{"type":"Point","coordinates":[-0.176044,51.525278]},"properties":{"site":"Northwick Terrace","location":"Outside 1 Northwick Terrace","lamp_column":null,"operator":"TotalEnergies","speed_class":"fast","speeds":"22kW","bays":2,"bay_types":"EV Bay","dedicated":true,"status":"installed","ward":"Abbey Road","cp_ids":"TBC"}},{"type":"Feature","id":1595,"geometry":{"type":"Point","coordinates":[-0.153073,51.521726]},"properties":{"site":"Nottingham Place","location":"At Or Outside 26","lamp_column":"7","operator":"Shell Recharge","speed_class":"lccp","speeds":"5.5kW","bays":1,"bay_types":"LCCP","dedicated":false,"status":"installed","ward":"Marylebone","cp_ids":"801692"}},{"type":"Feature","id":1596,"geometry":{"type":"Point","coordinates":[-0.153253,51.521865]},"properties":{"site":"Nottingham Place","location":"At Or Outside 29","lamp_column":"6","operator":"Shell Recharge","speed_class":"lccp","speeds":"5.5kW","bays":1,"bay_types":"LCCP","dedicated":false,"status":"installed","ward":"Marylebone","cp_ids":"801753"}},{"type":"Feature","id":1597,"geometry":{"type":"Point","coordinates":[-0.153175,51.521096]},"properties":{"site":"Nottingham Place","location":"At Or Outside 7","lamp_column":"11","operator":"Shell Recharge","speed_class":"lccp","speeds":"5.5kW","bays":1,"bay_types":"LCCP","dedicated":false,"status":"installed","ward":"Marylebone","cp_ids":"801694"}},{"type":"Feature","id":1598,"geometry":{"type":"Point","coordinates":[-0.153156,51.522378]},"properties":{"site":"Nottingham Place","location":"Opposite 45","lamp_column":"3","operator":"Shell Recharge","speed_class":"lccp","speeds":"5.5kW","bays":1,"bay_types":"LCCP - Dedicated","dedicated":true,"status":"installed","ward":"Marylebone","cp_ids":"606710"}},{"type":"Feature","id":1599,"geometry":{"type":"Point","coordinates":[-0.152555,51.521296]},"properties":{"site":"Nottingham Street","location":"At Or Outside Tenby Mansions","lamp_column":"6","operator":"Shell Recharge","speed_class":"lccp","speeds":"5.5kW","bays":1,"bay_types":"LCCP","dedicated":false,"status":"installed","ward":"Marylebone","cp_ids":"805022"}},{"type":"Feature","id":1600,"geometry":{"type":"Point","coordinates":[-0.153619,51.521245]},"properties":{"site":"Nottingham Street","location":"Opposite Bingham Place","lamp_column":"2","operator":"Shell Recharge","speed_class":"lccp","speeds":"5.5kW","bays":1,"bay_types":"LCCP","dedicated":false,"status":"installed","ward":"Marylebone","cp_ids":"801755"}},{"type":"Feature","id":1601,"geometry":{"type":"Point","coordinates":[-0.209543,51.530772]},"properties":{"site":"Nutbourne Street","location":"At Or Outside 109b","lamp_column":"10","operator":"Shell Recharge","speed_class":"lccp","speeds":"5.5kW","bays":1,"bay_types":"LCCP","dedicated":false,"status":"installed","ward":"Queen's Park","cp_ids":"806717"}},{"type":"Feature","id":1602,"geometry":{"type":"Point","coordinates":[-0.209107,51.530647]},"properties":{"site":"Nutbourne Street","location":"At Or Outside 11","lamp_column":"11","operator":"Shell Recharge","speed_class":"lccp","speeds":"5.5kW","bays":1,"bay_types":"LCCP","dedicated":false,"status":"installed","ward":"Queen's Park","cp_ids":null}},{"type":"Feature","id":1603,"geometry":{"type":"Point","coordinates":[-0.211386,51.530874]},"properties":{"site":"Nutbourne Street","location":"At Or Outside 129","lamp_column":"5","operator":"Shell Recharge","speed_class":"lccp","speeds":"5.5kW","bays":1,"bay_types":"LCCP","dedicated":false,"status":"installed","ward":"Queen's Park","cp_ids":"806720"}},{"type":"Feature","id":1604,"geometry":{"type":"Point","coordinates":[-0.210895,51.530917]},"properties":{"site":"Nutbourne Street","location":"At Or Outside 132","lamp_column":"6","operator":"Shell Recharge","speed_class":"lccp","speeds":"5.5kW","bays":1,"bay_types":"LCCP","dedicated":false,"status":"installed","ward":"Queen's Park","cp_ids":"605088"}},{"type":"Feature","id":1605,"geometry":{"type":"Point","coordinates":[-0.211693,51.530952]},"properties":{"site":"Nutbourne Street","location":"At Or Outside 28","lamp_column":"4","operator":"Shell Recharge","speed_class":"lccp","speeds":"5.5kW","bays":1,"bay_types":"LCCP","dedicated":false,"status":"installed","ward":"Queen's Park","cp_ids":"806723"}},{"type":"Feature","id":1606,"geometry":{"type":"Point","coordinates":[-0.210706,51.530817]},"properties":{"site":"Nutbourne Street","location":"At Or Outside 67","lamp_column":"7","operator":"Shell Recharge","speed_class":"lccp","speeds":"5.5kW","bays":1,"bay_types":"LCCP","dedicated":false,"status":"installed","ward":"Queen's Park","cp_ids":"806721"}},{"type":"Feature","id":1607,"geometry":{"type":"Point","coordinates":[-0.212193,51.530861]},"properties":{"site":"Nutbourne Street","location":"At Or Outside 85/87","lamp_column":"3","operator":"Shell Recharge","speed_class":"lccp","speeds":"5.5kW","bays":1,"bay_types":"LCCP","dedicated":false,"status":"installed","ward":"Queen's Park","cp_ids":"806728"}},{"type":"Feature","id":1608,"geometry":{"type":"Point","coordinates":[-0.212777,51.530905]},"properties":{"site":"Nutbourne Street","location":"Near 104","lamp_column":"1","operator":"Shell Recharge","speed_class":"lccp","speeds":"5.5kW","bays":1,"bay_types":"LCCP","dedicated":false,"status":"installed","ward":"Queen's Park","cp_ids":"606534"}},{"type":"Feature","id":1609,"geometry":{"type":"Point","coordinates":[-0.210305,51.530856]},"properties":{"site":"Nutbourne Street","location":"O/S 12","lamp_column":"8","operator":"Shell Recharge","speed_class":"lccp","speeds":"5.5kW","bays":1,"bay_types":"LCCP","dedicated":false,"status":"installed","ward":"Queen's Park","cp_ids":"806719"}},{"type":"Feature","id":1610,"geometry":{"type":"Point","coordinates":[-0.194265,51.524856]},"properties":{"site":"Oakington Road","location":"At Or Outside 12/14","lamp_column":"6","operator":"Shell Recharge","speed_class":"lccp","speeds":"5.5kW","bays":1,"bay_types":"LCCP - Dedicated","dedicated":true,"status":"installed","ward":"Harrow Road","cp_ids":"602215"}},{"type":"Feature","id":1611,"geometry":{"type":"Point","coordinates":[-0.194903,51.525153]},"properties":{"site":"Oakington Road","location":"At Or Outside 34","lamp_column":"4","operator":"Shell Recharge","speed_class":"lccp","speeds":"5.5kW","bays":1,"bay_types":"LCCP - Dedicated","dedicated":true,"status":"installed","ward":"Harrow Road","cp_ids":"602213"}},{"type":"Feature","id":1612,"geometry":{"type":"Point","coordinates":[-0.195441,51.525436]},"properties":{"site":"Oakington Road","location":"At Or Outside 52","lamp_column":"2","operator":"Shell Recharge","speed_class":"lccp","speeds":"5.5kW","bays":1,"bay_types":"LCCP","dedicated":false,"status":"installed","ward":"Harrow Road","cp_ids":"602216"}},{"type":"Feature","id":1613,"geometry":{"type":"Point","coordinates":[-0.193946,51.524791]},"properties":{"site":"Oakington Road","location":"Opposite 4","lamp_column":"7","operator":"Shell Recharge","speed_class":"lccp","speeds":"5.5kW","bays":1,"bay_types":"LCCP","dedicated":false,"status":"installed","ward":"Harrow Road","cp_ids":"807455"}},{"type":"Feature","id":1614,"geometry":{"type":"Point","coordinates":[-0.193667,51.524575]},"properties":{"site":"Oakington Road","location":"Side Of 34 Marylands Rd","lamp_column":"8","operator":"Shell Recharge","speed_class":"lccp","speeds":"5.5kW","bays":1,"bay_types":"LCCP","dedicated":false,"status":"installed","ward":"Harrow Road","cp_ids":"806963"}},{"type":"Feature","id":1615,"geometry":{"type":"Point","coordinates":[-0.195466,51.525638]},"properties":{"site":"Oakington Road","location":"Side Of 84 Elgin Avenue","lamp_column":"1","operator":"Shell Recharge","speed_class":"lccp","speeds":"5.5kW","bays":1,"bay_types":"LCCP","dedicated":false,"status":"installed","ward":"Harrow Road","cp_ids":"606646"}},{"type":"Feature","id":1616,"geometry":{"type":"Point","coordinates":[-0.139806,51.520092]},"properties":{"site":"Ogle Street","location":"At Or Outside 20yds From Sl3","lamp_column":"4","operator":"Shell Recharge","speed_class":"lccp","speeds":"5.5kW","bays":1,"bay_types":"LCCP","dedicated":false,"status":"installed","ward":"West End","cp_ids":"807968"}},{"type":"Feature","id":1617,"geometry":{"type":"Point","coordinates":[-0.140007,51.520543]},"properties":{"site":"Ogle Street","location":"Opposite 115 New Cavendish Street","lamp_column":"1","operator":"Shell Recharge","speed_class":"lccp","speeds":"5.5kW","bays":1,"bay_types":"LCCP","dedicated":false,"status":"installed","ward":"West End","cp_ids":"808018"}},{"type":"Feature","id":1618,"geometry":{"type":"Point","coordinates":[-0.139717,51.519876]},"properties":{"site":"Ogle Street","location":"Opposite 14","lamp_column":"6","operator":"Shell Recharge","speed_class":"lccp","speeds":"5.5kW","bays":1,"bay_types":"LCCP","dedicated":false,"status":"installed","ward":"West End","cp_ids":"801813"}},{"type":"Feature","id":1619,"geometry":{"type":"Point","coordinates":[-0.212298,51.531293]},"properties":{"site":"Oliphant Street","location":"At Or Outside 102/104","lamp_column":"12","operator":"Shell Recharge","speed_class":"lccp","speeds":"5.5kW","bays":1,"bay_types":"LCCP - Dedicated","dedicated":true,"status":"installed","ward":"Queen's Park","cp_ids":"606517"}},{"type":"Feature","id":1620,"geometry":{"type":"Point","coordinates":[-0.211975,51.531303]},"properties":{"site":"Oliphant Street","location":"At Or Outside 112/114","lamp_column":"13","operator":"Shell Recharge","speed_class":"lccp","speeds":"5.5kW","bays":1,"bay_types":"LCCP","dedicated":false,"status":"installed","ward":"Queen's Park","cp_ids":"806710"}},{"type":"Feature","id":1621,"geometry":{"type":"Point","coordinates":[-0.212923,51.531338]},"properties":{"site":"Oliphant Street","location":"At Or Outside 115/117","lamp_column":"11","operator":"Shell Recharge","speed_class":"lccp","speeds":"5.5kW","bays":1,"bay_types":"LCCP","dedicated":false,"status":"installed","ward":"Queen's Park","cp_ids":"806716"}},{"type":"Feature","id":1622,"geometry":{"type":"Point","coordinates":[-0.211222,51.53131]},"properties":{"site":"Oliphant Street","location":"At Or Outside 145","lamp_column":"15","operator":"Shell Recharge","speed_class":"lccp","speeds":"5.5kW","bays":1,"bay_types":"LCCP","dedicated":false,"status":"installed","ward":"Queen's Park","cp_ids":"806713"}},{"type":"Feature","id":1623,"geometry":{"type":"Point","coordinates":[-0.211656,51.531387]},"properties":{"site":"Oliphant Street","location":"At Or Outside 155","lamp_column":"14","operator":"Shell Recharge","speed_class":"lccp","speeds":"5.5kW","bays":1,"bay_types":"LCCP","dedicated":false,"status":"installed","ward":"Queen's Park","cp_ids":"806711"}},{"type":"Feature","id":1624,"geometry":{"type":"Point","coordinates":[-0.214378,51.530098]},"properties":{"site":"Oliphant Street","location":"At Or Outside 20/22","lamp_column":"3","operator":"Shell Recharge","speed_class":"lccp","speeds":"5.5kW","bays":1,"bay_types":"LCCP","dedicated":false,"status":"installed","ward":"Queen's Park","cp_ids":"806718"}},{"type":"Feature","id":1625,"geometry":{"type":"Point","coordinates":[-0.214486,51.530374]},"properties":{"site":"Oliphant Street","location":"At Or Outside 31/33","lamp_column":"4","operator":"Shell Recharge","speed_class":"lccp","speeds":"5.5kW","bays":1,"bay_types":"LCCP","dedicated":false,"status":"installed","ward":"Queen's Park","cp_ids":"806714"}},{"type":"Feature","id":1626,"geometry":{"type":"Point","coordinates":[-0.214426,51.530775]},"properties":{"site":"Oliphant Street","location":"At Or Outside 54","lamp_column":"5","operator":"Shell Recharge","speed_class":"lccp","speeds":"5.5kW","bays":1,"bay_types":"LCCP","dedicated":false,"status":"installed","ward":"Queen's Park","cp_ids":"806712"}},{"type":"Feature","id":1627,"geometry":{"type":"Point","coordinates":[-0.21463,51.531039]},"properties":{"site":"Oliphant Street","location":"At Or Outside 71","lamp_column":"7","operator":"Shell Recharge","speed_class":"lccp","speeds":"5.5kW","bays":1,"bay_types":"LCCP","dedicated":false,"status":"installed","ward":"Queen's Park","cp_ids":"806755"}},{"type":"Feature","id":1628,"geometry":{"type":"Point","coordinates":[-0.21359,51.531181]},"properties":{"site":"Oliphant Street","location":"At Or Outside 80/82","lamp_column":"10","operator":"Shell Recharge","speed_class":"lccp","speeds":"5.5kW","bays":1,"bay_types":"LCCP","dedicated":false,"status":"installed","ward":"Queen's Park","cp_ids":"606516"}},{"type":"Feature","id":1629,"geometry":{"type":"Point","coordinates":[-0.214267,51.531157]},"properties":{"site":"Oliphant Street","location":"At Or Outside 81","lamp_column":"8","operator":"Shell Recharge","speed_class":"lccp","speeds":"5.5kW","bays":1,"bay_types":"LCCP","dedicated":false,"status":"installed","ward":"Queen's Park","cp_ids":"806753"}},{"type":"Feature","id":1630,"geometry":{"type":"Point","coordinates":[-0.213945,51.531214]},"properties":{"site":"Oliphant Street","location":"At Or Outside 91","lamp_column":"9","operator":"Shell Recharge","speed_class":"lccp","speeds":"5.5kW","bays":1,"bay_types":"LCCP","dedicated":false,"status":"installed","ward":"Queen's Park","cp_ids":"806751"}},{"type":"Feature","id":1631,"geometry":{"type":"Point","coordinates":[-0.172651,51.525627]},"properties":{"site":"Orchardson Street","location":"Opposite 81 - 95","lamp_column":"12","operator":"Shell Recharge","speed_class":"lccp","speeds":"5.5kW","bays":1,"bay_types":"LCCP","dedicated":false,"status":"installed","ward":"Church Street","cp_ids":"805104"}},{"type":"Feature","id":1632,"geometry":{"type":"Point","coordinates":[-0.170755,51.535343]},"properties":{"site":"Ordnance Hill","location":"At Or Outside 23","lamp_column":"4","operator":"Shell Recharge","speed_class":"lccp","speeds":"5.5kW","bays":1,"bay_types":"LCCP","dedicated":false,"status":"installed","ward":"Regent's Park","cp_ids":"602122"}},{"type":"Feature","id":1633,"geometry":{"type":"Point","coordinates":[-0.170307,51.534977]},"properties":{"site":"Ordnance Hill","location":"At Or Outside 3","lamp_column":"2","operator":"Shell Recharge","speed_class":"lccp","speeds":"5.5kW","bays":1,"bay_types":"LCCP - Dedicated","dedicated":true,"status":"installed","ward":"Regent's Park","cp_ids":"602124"}},{"type":"Feature","id":1634,"geometry":{"type":"Point","coordinates":[-0.172313,51.53675]},"properties":{"site":"Ordnance Hill","location":"Side Of 15 Norfolk Road","lamp_column":"12","operator":"Shell Recharge","speed_class":"lccp","speeds":"5.5kW","bays":1,"bay_types":"LCCP - Dedicated","dedicated":true,"status":"installed","ward":"Regent's Park","cp_ids":"602123"}},{"type":"Feature","id":1635,"geometry":{"type":"Point","coordinates":[-0.189226,51.510693]},"properties":{"site":"Orme Court","location":"Outside No. 6","lamp_column":"2","operator":"Shell Recharge","speed_class":"lccp","speeds":"5.5kW","bays":1,"bay_types":"LCCP","dedicated":false,"status":"installed","ward":"Lancaster Gate","cp_ids":"801852"}},{"type":"Feature","id":1636,"geometry":{"type":"Point","coordinates":[-0.185042,51.517486]},"properties":{"site":"Orsett Terrace","location":"At Or Outside 13","lamp_column":"4","operator":"Shell Recharge","speed_class":"lccp","speeds":"5.5kW","bays":1,"bay_types":"LCCP - Dedicated","dedicated":true,"status":"installed","ward":"Bayswater","cp_ids":"602226"}},{"type":"Feature","id":1637,"geometry":{"type":"Point","coordinates":[-0.183618,51.517869]},"properties":{"site":"Orsett Terrace","location":"At Or Outside 1a","lamp_column":"8","operator":"Shell Recharge","speed_class":"lccp","speeds":"5.5kW","bays":1,"bay_types":"LCCP - Dedicated","dedicated":true,"status":"installed","ward":"Bayswater","cp_ids":"606623"}},{"type":"Feature","id":1638,"geometry":{"type":"Point","coordinates":[-0.185934,51.517248]},"properties":{"site":"Orsett Terrace","location":"At Or Outside 35","lamp_column":"1","operator":"Shell Recharge","speed_class":"lccp","speeds":"5.5kW","bays":1,"bay_types":"LCCP","dedicated":false,"status":"installed","ward":"Bayswater","cp_ids":"602225"}},{"type":"Feature","id":1639,"geometry":{"type":"Point","coordinates":[-0.183474,51.518011]},"properties":{"site":"Orsett Terrace","location":"Opposite 1","lamp_column":"9","operator":"Shell Recharge","speed_class":"lccp","speeds":"5.5kW","bays":1,"bay_types":"LCCP","dedicated":false,"status":"installed","ward":"Bayswater","cp_ids":"602227"}},{"type":"Feature","id":1640,"geometry":{"type":"Point","coordinates":[-0.18394,51.517783]},"properties":{"site":"Orsett Terrace","location":"Orsett Terrace Opp 12 (Sign)","lamp_column":"S5","operator":"Shell Recharge","speed_class":"lccp","speeds":"5.5kW","bays":1,"bay_types":"LCCP","dedicated":false,"status":"installed","ward":"Bayswater","cp_ids":"806562"}},{"type":"Feature","id":1641,"geometry":{"type":"Point","coordinates":[-0.183149,51.517996]},"properties":{"site":"Orsett Terrace","location":"Side Of 1","lamp_column":"10","operator":"Shell Recharge","speed_class":"lccp","speeds":"5.5kW","bays":1,"bay_types":"LCCP","dedicated":false,"status":"installed","ward":"Bayswater","cp_ids":"808148"}},{"type":"Feature","id":1642,"geometry":{"type":"Point","coordinates":[-0.184417,51.517649]},"properties":{"site":"Orsett Terrace","location":"Side Of 205 Gloucester Terrace","lamp_column":"6","operator":"Shell Recharge","speed_class":"lccp","speeds":"5.5kW","bays":1,"bay_types":"LCCP","dedicated":false,"status":"installed","ward":"Bayswater","cp_ids":"808177"}},{"type":"Feature","id":1643,"geometry":{"type":"Point","coordinates":[-0.192238,51.535049]},"properties":{"site":"Oxford Road","location":"Opposite 34","lamp_column":"7","operator":"Shell Recharge","speed_class":"lccp","speeds":"5.5kW","bays":1,"bay_types":"LCCP","dedicated":false,"status":"installed","ward":"Maida Vale","cp_ids":"807111"}},{"type":"Feature","id":1644,"geometry":{"type":"Point","coordinates":[-0.167399,51.514977]},"properties":{"site":"Oxford Square","location":"At Or Outside 1","lamp_column":"4","operator":"Shell Recharge","speed_class":"lccp","speeds":"5.5kW","bays":1,"bay_types":"LCCP","dedicated":false,"status":"installed","ward":"Hyde Park","cp_ids":"801730"}},{"type":"Feature","id":1645,"geometry":{"type":"Point","coordinates":[-0.167147,51.515131]},"properties":{"site":"Oxford Square","location":"At Or Outside 6","lamp_column":"3","operator":"Shell Recharge","speed_class":"lccp","speeds":"5.5kW","bays":1,"bay_types":"LCCP","dedicated":false,"status":"installed","ward":"Hyde Park","cp_ids":"801799"}},{"type":"Feature","id":1646,"geometry":{"type":"Point","coordinates":[-0.166878,51.515265]},"properties":{"site":"Oxford Square","location":"At Or Outside Co 11","lamp_column":"2","operator":"Shell Recharge","speed_class":"lccp","speeds":"5.5kW","bays":1,"bay_types":"LCCP","dedicated":false,"status":"installed","ward":"Hyde Park","cp_ids":"801797"}},{"type":"Feature","id":1647,"geometry":{"type":"Point","coordinates":[-0.167778,51.515218]},"properties":{"site":"Oxford Square","location":"At Or Outside Southacre","lamp_column":"6","operator":"Shell Recharge","speed_class":"lccp","speeds":"5.5kW","bays":1,"bay_types":"LCCP","dedicated":false,"status":"installed","ward":"Hyde Park","cp_ids":"808014"}},{"type":"Feature","id":1648,"geometry":{"type":"Point","coordinates":[-0.167537,51.515031]},"properties":{"site":"Oxford Square","location":"Opposite 2","lamp_column":"5","operator":"Shell Recharge","speed_class":"lccp","speeds":"5.5kW","bays":1,"bay_types":"LCCP","dedicated":false,"status":"installed","ward":"Hyde Park","cp_ids":"808015"}},{"type":"Feature","id":1649,"geometry":{"type":"Point","coordinates":[-0.16699,51.515722]},"properties":{"site":"Oxford Square","location":"Opposite 25 Porchester Place","lamp_column":"9","operator":"Shell Recharge","speed_class":"lccp","speeds":"5.5kW","bays":1,"bay_types":"LCCP","dedicated":false,"status":"installed","ward":"Hyde Park","cp_ids":"808012"}},{"type":"Feature","id":1650,"geometry":{"type":"Point","coordinates":[-0.174738,51.520796]},"properties":{"site":"Paddington Green","location":"Opposite So Church  S W Corner Of Westminster College","lamp_column":"4","operator":"Shell Recharge","speed_class":"lccp","speeds":"5.5kW","bays":1,"bay_types":"LCCP","dedicated":false,"status":"installed","ward":"Little Venice","cp_ids":"606715"}},{"type":"Feature","id":1651,"geometry":{"type":"Point","coordinates":[-0.191377,51.531696]},"properties":{"site":"Paddington Recreation Ground","location":"In Car Park For Recreation Ground - Space Marked For Coaches To Be A Hub Site Potentially Otherwise Individual Units Spaced Out Within The Wider Parking Area Is A Possibility","lamp_column":null,"operator":"To be confirmed","speed_class":"rapid","speeds":"50kW","bays":1,"bay_types":"EV Bay","dedicated":true,"status":"planned","ward":"Maida Vale","cp_ids":"TBC"}},{"type":"Feature","id":1652,"geometry":{"type":"Point","coordinates":[-0.153278,51.520653]},"properties":{"site":"Paddington Street","location":"At Or Outside 52-53","lamp_column":"10","operator":"Shell Recharge","speed_class":"lccp","speeds":"5.5kW","bays":1,"bay_types":"LCCP","dedicated":false,"status":"installed","ward":"Marylebone","cp_ids":"807555"}},{"type":"Feature","id":1653,"geometry":{"type":"Point","coordinates":[-0.152543,51.520768]},"properties":{"site":"Paddington Street","location":"At Or Outside 6","lamp_column":"12","operator":"Shell Recharge","speed_class":"lccp","speeds":"5.5kW","bays":1,"bay_types":"LCCP","dedicated":false,"status":"installed","ward":"Marylebone","cp_ids":"807557"}},{"type":"Feature","id":1654,"geometry":{"type":"Point","coordinates":[-0.154308,51.520656]},"properties":{"site":"Paddington Street","location":"Outside Paddington Gardens","lamp_column":null,"operator":"To be confirmed","speed_class":"rapid","speeds":"50-100kW","bays":1,"bay_types":"EV Bay","dedicated":true,"status":"planned","ward":"Marylebone","cp_ids":null}},{"type":"Feature","id":1655,"geometry":{"type":"Point","coordinates":[-0.131434,51.493955]},"properties":{"site":"Page Street","location":"At Or Outside 40","lamp_column":"3","operator":"Shell Recharge","speed_class":"lccp","speeds":"5.5kW","bays":1,"bay_types":"LCCP","dedicated":false,"status":"installed","ward":"Vincent Square","cp_ids":"801339"}},{"type":"Feature","id":1656,"geometry":{"type":"Point","coordinates":[-0.129212,51.493897]},"properties":{"site":"Page Street","location":"At Or Outside 75","lamp_column":"12","operator":"Shell Recharge","speed_class":"lccp","speeds":"5.5kW","bays":1,"bay_types":"LCCP","dedicated":false,"status":"installed","ward":"Vincent Square","cp_ids":"807125"}},{"type":"Feature","id":1657,"geometry":{"type":"Point","coordinates":[-0.13009,51.493891]},"properties":{"site":"Page Street","location":"At Or Outside 83","lamp_column":"8","operator":"Shell Recharge","speed_class":"lccp","speeds":"5.5kW","bays":1,"bay_types":"LCCP - Dedicated","dedicated":true,"status":"installed","ward":"Vincent Square","cp_ids":"606696"}},{"type":"Feature","id":1658,"geometry":{"type":"Point","coordinates":[-0.130998,51.493878]},"properties":{"site":"Page Street","location":"Opposite 36","lamp_column":"5","operator":"Shell Recharge","speed_class":"lccp","speeds":"5.5kW","bays":1,"bay_types":"LCCP","dedicated":false,"status":"installed","ward":"Vincent Square","cp_ids":"807121"}},{"type":"Feature","id":1659,"geometry":{"type":"Point","coordinates":[-0.131232,51.493878]},"properties":{"site":"Page Street","location":"Opposite 38","lamp_column":"4","operator":"Shell Recharge","speed_class":"lccp","speeds":"5.5kW","bays":1,"bay_types":"LCCP","dedicated":false,"status":"installed","ward":"Vincent Square","cp_ids":"801338"}},{"type":"Feature","id":1660,"geometry":{"type":"Point","coordinates":[-0.129562,51.493893]},"properties":{"site":"Page Street","location":"Opposite Bennett House","lamp_column":"10","operator":"Shell Recharge","speed_class":"lccp","speeds":"5.5kW","bays":1,"bay_types":"LCCP","dedicated":false,"status":"installed","ward":"Vincent Square","cp_ids":"801337"}},{"type":"Feature","id":1661,"geometry":{"type":"Point","coordinates":[-0.128687,51.493939]},"properties":{"site":"Page Street","location":"Outside 29","lamp_column":null,"operator":"TotalEnergies","speed_class":"fast","speeds":"22kW","bays":2,"bay_types":"EV Bay","dedicated":true,"status":"installed","ward":"Vincent Square","cp_ids":null}},{"type":"Feature","id":1662,"geometry":{"type":"Point","coordinates":[-0.132122,51.493942]},"properties":{"site":"Page Street","location":"Side Of 19","lamp_column":"1","operator":"Shell Recharge","speed_class":"lccp","speeds":"5.5kW","bays":1,"bay_types":"LCCP","dedicated":false,"status":"installed","ward":"Vincent Square","cp_ids":"801320"}},{"type":"Feature","id":1663,"geometry":{"type":"Point","coordinates":[-0.127205,51.493921]},"properties":{"site":"Page Street","location":"Side Of Defra Building","lamp_column":"18","operator":"Shell Recharge","speed_class":"lccp","speeds":"5.5kW","bays":1,"bay_types":"LCCP","dedicated":false,"status":"installed","ward":"Vincent Square","cp_ids":"801336"}},{"type":"Feature","id":1664,"geometry":{"type":"Point","coordinates":[-0.191937,51.511027]},"properties":{"site":"Palace Court","location":"At Or Outside 22","lamp_column":"5","operator":"Shell Recharge","speed_class":"lccp","speeds":"5.5kW","bays":1,"bay_types":"LCCP - Dedicated","dedicated":true,"status":"installed","ward":"Bayswater","cp_ids":"602843"}},{"type":"Feature","id":1665,"geometry":{"type":"Point","coordinates":[-0.192211,51.511199]},"properties":{"site":"Palace Court","location":"At Or Outside 31","lamp_column":"4","operator":"Shell Recharge","speed_class":"lccp","speeds":"5.5kW","bays":1,"bay_types":"LCCP - Dedicated","dedicated":true,"status":"installed","ward":"Bayswater","cp_ids":"602842"}},{"type":"Feature","id":1666,"geometry":{"type":"Point","coordinates":[-0.192318,51.511439]},"properties":{"site":"Palace Court","location":"At Or Outside 41","lamp_column":"3","operator":"Shell Recharge","speed_class":"lccp","speeds":"5.5kW","bays":1,"bay_types":"LCCP","dedicated":false,"status":"installed","ward":"Bayswater","cp_ids":"807343"}},{"type":"Feature","id":1667,"geometry":{"type":"Point","coordinates":[-0.191787,51.510171]},"properties":{"site":"Palace Court","location":"O/S 7","lamp_column":"9","operator":"Shell Recharge","speed_class":"lccp","speeds":"5.5kW","bays":1,"bay_types":"LCCP - Dedicated","dedicated":true,"status":"installed","ward":"Bayswater","cp_ids":"602844"}},{"type":"Feature","id":1668,"geometry":{"type":"Point","coordinates":[-0.191789,51.51068]},"properties":{"site":"Palace Court","location":"Opposite 17","lamp_column":"6","operator":"Shell Recharge","speed_class":"lccp","speeds":"5.5kW","bays":1,"bay_types":"LCCP","dedicated":false,"status":"installed","ward":"Bayswater","cp_ids":"807443"}},{"type":"Feature","id":1669,"geometry":{"type":"Point","coordinates":[-0.192259,51.51177]},"properties":{"site":"Palace Court","location":"Opposite 49","lamp_column":"2","operator":"Shell Recharge","speed_class":"lccp","speeds":"5.5kW","bays":1,"bay_types":"LCCP","dedicated":false,"status":"installed","ward":"Bayswater","cp_ids":"602841"}},{"type":"Feature","id":1670,"geometry":{"type":"Point","coordinates":[-0.139966,51.498083]},"properties":{"site":"Palace Street","location":"Opposite Castle Lane","lamp_column":"14","operator":"Shell Recharge","speed_class":"lccp","speeds":"5.5kW","bays":1,"bay_types":"LCCP","dedicated":false,"status":"installed","ward":"St James's","cp_ids":"807611"}},{"type":"Feature","id":1671,"geometry":{"type":"Point","coordinates":[-0.14036,51.498341]},"properties":{"site":"Palace Street","location":"Opposite Wilfred Street","lamp_column":"12","operator":"Shell Recharge","speed_class":"lccp","speeds":"5.5kW","bays":1,"bay_types":"LCCP - Dedicated","dedicated":true,"status":"installed","ward":"St James's","cp_ids":"809371"}},{"type":"Feature","id":1672,"geometry":{"type":"Point","coordinates":[-0.139508,51.497304]},"properties":{"site":"Palace Street","location":"Outside Side Of 100 Victoria Street (On Palace Street)","lamp_column":null,"operator":"TotalEnergies","speed_class":"fast","speeds":"22kW","bays":2,"bay_types":"EV Bay","dedicated":true,"status":"installed","ward":"St James's","cp_ids":null}},{"type":"Feature","id":1673,"geometry":{"type":"Point","coordinates":[-0.134334,51.506619]},"properties":{"site":"Pall Mall","location":"Outside 28 - 29","lamp_column":null,"operator":"ESB","speed_class":"rapid","speeds":"50kW","bays":1,"bay_types":"EV Bay","dedicated":true,"status":"installed","ward":"St James's","cp_ids":"UT07Z1"}},{"type":"Feature","id":1674,"geometry":{"type":"Point","coordinates":[-0.147654,51.523091]},"properties":{"site":"Park Crescent","location":"O/S 26","lamp_column":"18","operator":"Shell Recharge","speed_class":"lccp","speeds":"5.5kW","bays":1,"bay_types":"LCCP","dedicated":false,"status":"installed","ward":"Marylebone","cp_ids":"807238"}},{"type":"Feature","id":1675,"geometry":{"type":"Point","coordinates":[-0.14729,51.523054]},"properties":{"site":"Park Crescent","location":"Opposite 24","lamp_column":"17","operator":"Shell Recharge","speed_class":"lccp","speeds":"5.5kW","bays":1,"bay_types":"LCCP","dedicated":false,"status":"installed","ward":"West End","cp_ids":"801690"}},{"type":"Feature","id":1676,"geometry":{"type":"Point","coordinates":[-0.147653,51.523279]},"properties":{"site":"Park Crescent","location":"Opposite 26","lamp_column":"19","operator":"Shell Recharge","speed_class":"lccp","speeds":"5.5kW","bays":1,"bay_types":"LCCP","dedicated":false,"status":"installed","ward":"West End","cp_ids":"807235"}},{"type":"Feature","id":1677,"geometry":{"type":"Point","coordinates":[-0.150774,51.505545]},"properties":{"site":"Park Lane","location":"In The End Bay","lamp_column":null,"operator":"To be confirmed","speed_class":"rapid","speeds":"50-100kW","bays":1,"bay_types":"EV Bay","dedicated":true,"status":"planned","ward":"West End","cp_ids":null}},{"type":"Feature","id":1678,"geometry":{"type":"Point","coordinates":[-0.179659,51.52271]},"properties":{"site":"Park Place Villas","location":"At Or Outside 1","lamp_column":"1","operator":"Shell Recharge","speed_class":"lccp","speeds":"5.5kW","bays":1,"bay_types":"LCCP","dedicated":false,"status":"installed","ward":"Little Venice","cp_ids":"801867"}},{"type":"Feature","id":1679,"geometry":{"type":"Point","coordinates":[-0.179298,51.522347]},"properties":{"site":"Park Place Villas","location":"At Or Outside 14","lamp_column":"2","operator":"Shell Recharge","speed_class":"lccp","speeds":"5.5kW","bays":1,"bay_types":"LCCP","dedicated":false,"status":"installed","ward":"Little Venice","cp_ids":"808005"}},{"type":"Feature","id":1680,"geometry":{"type":"Point","coordinates":[-0.178568,51.521833]},"properties":{"site":"Park Place Villas","location":"At Or Outside 94-106 John Aird Court","lamp_column":"4","operator":"Shell Recharge","speed_class":"lccp","speeds":"5.5kW","bays":1,"bay_types":"LCCP","dedicated":false,"status":"installed","ward":"Little Venice","cp_ids":"808002"}},{"type":"Feature","id":1681,"geometry":{"type":"Point","coordinates":[-0.178422,51.52173]},"properties":{"site":"Park Place Villas","location":"At Or Outside St Mary Mansions","lamp_column":"5","operator":"Shell Recharge","speed_class":"lccp","speeds":"5.5kW","bays":1,"bay_types":"LCCP","dedicated":false,"status":"installed","ward":"Little Venice","cp_ids":"801865"}},{"type":"Feature","id":1682,"geometry":{"type":"Point","coordinates":[-0.154735,51.51118]},"properties":{"site":"Park Street","location":"At Or Outside 74","lamp_column":"17","operator":"Shell Recharge","speed_class":"lccp","speeds":"5.5kW","bays":1,"bay_types":"LCCP","dedicated":false,"status":"installed","ward":"West End","cp_ids":"807909"}},{"type":"Feature","id":1683,"geometry":{"type":"Point","coordinates":[-0.153691,51.508648]},"properties":{"site":"Park Street","location":"Opposite No. 18","lamp_column":"4","operator":"Shell Recharge","speed_class":"lccp","speeds":"5.5kW","bays":1,"bay_types":"LCCP","dedicated":false,"status":"installed","ward":"West End","cp_ids":"807528"}},{"type":"Feature","id":1684,"geometry":{"type":"Point","coordinates":[-0.165623,51.516342]},"properties":{"site":"Park West Place","location":"Block No.7 Park West Place Edgware Road London W2 2qg","lamp_column":null,"operator":"TotalEnergies","speed_class":"fast","speeds":"22kW","bays":2,"bay_types":"EV Bay","dedicated":true,"status":"installed","ward":"Hyde Park","cp_ids":null}},{"type":"Feature","id":1685,"geometry":{"type":"Point","coordinates":[-0.165285,51.516179]},"properties":{"site":"Park West Place","location":"Outside Entrance To Park West","lamp_column":null,"operator":"TotalEnergies","speed_class":"fast","speeds":"22kW","bays":2,"bay_types":"EV Bay","dedicated":true,"status":"installed","ward":"Hyde Park","cp_ids":null}},{"type":"Feature","id":1686,"geometry":{"type":"Point","coordinates":[-0.144092,51.486275]},"properties":{"site":"Paxton Terrace","location":"Side Of Shereton House","lamp_column":"25","operator":"Shell Recharge","speed_class":"lccp","speeds":"5.5kW","bays":1,"bay_types":"LCCP","dedicated":false,"status":"installed","ward":"Pimlico South","cp_ids":"801913"}},{"type":"Feature","id":1687,"geometry":{"type":"Point","coordinates":[-0.213828,51.529502]},"properties":{"site":"Peach Road","location":"At Or Outside 138-140","lamp_column":"7","operator":"Shell Recharge","speed_class":"lccp","speeds":"5.5kW","bays":1,"bay_types":"LCCP","dedicated":false,"status":"installed","ward":"Queen's Park","cp_ids":"605140"}},{"type":"Feature","id":1688,"geometry":{"type":"Point","coordinates":[-0.213741,51.529807]},"properties":{"site":"Peach Road","location":"At Or Outside 158-160","lamp_column":"6","operator":"Shell Recharge","speed_class":"lccp","speeds":"5.5kW","bays":1,"bay_types":"LCCP - Dedicated","dedicated":true,"status":"installed","ward":"Queen's Park","cp_ids":"605141"}},{"type":"Feature","id":1689,"geometry":{"type":"Point","coordinates":[-0.21372,51.530789]},"properties":{"site":"Peach Road","location":"At Or Outside 208-210","lamp_column":"2","operator":"Shell Recharge","speed_class":"lccp","speeds":"5.5kW","bays":1,"bay_types":"LCCP","dedicated":false,"status":"installed","ward":"Queen's Park","cp_ids":"605144"}},{"type":"Feature","id":1690,"geometry":{"type":"Point","coordinates":[-0.213824,51.529985]},"properties":{"site":"Peach Road","location":"At Or Outside 217-219","lamp_column":"5","operator":"Shell Recharge","speed_class":"lccp","speeds":"5.5kW","bays":1,"bay_types":"LCCP","dedicated":false,"status":"installed","ward":"Queen's Park","cp_ids":"605142"}},{"type":"Feature","id":1691,"geometry":{"type":"Point","coordinates":[-0.21378,51.530229]},"properties":{"site":"Peach Road","location":"At Or Outside 229-231","lamp_column":"4","operator":"Shell Recharge","speed_class":"lccp","speeds":"5.5kW","bays":1,"bay_types":"LCCP","dedicated":false,"status":"installed","ward":"Queen's Park","cp_ids":"806752"}},{"type":"Feature","id":1692,"geometry":{"type":"Point","coordinates":[-0.213793,51.530541]},"properties":{"site":"Peach Road","location":"At Or Outside 243-245","lamp_column":"3","operator":"Shell Recharge","speed_class":"lccp","speeds":"5.5kW","bays":1,"bay_types":"LCCP","dedicated":false,"status":"installed","ward":"Queen's Park","cp_ids":"605143"}},{"type":"Feature","id":1693,"geometry":{"type":"Point","coordinates":[-0.213911,51.531001]},"properties":{"site":"Peach Road","location":"Side Of 72 Oliphant Street","lamp_column":"1","operator":"Shell Recharge","speed_class":"lccp","speeds":"5.5kW","bays":1,"bay_types":"LCCP","dedicated":false,"status":"installed","ward":"Queen's Park","cp_ids":"806750"}},{"type":"Feature","id":1694,"geometry":{"type":"Point","coordinates":[-0.170004,51.521253]},"properties":{"site":"Penfold Place","location":"Outside Bowmans Bdgs 31-40","lamp_column":"2","operator":"Shell Recharge","speed_class":"lccp","speeds":"5.5kW","bays":1,"bay_types":"LCCP","dedicated":false,"status":"installed","ward":"Church Street","cp_ids":"801785"}},{"type":"Feature","id":1695,"geometry":{"type":"Point","coordinates":[-0.170631,51.522372]},"properties":{"site":"Penfold Street","location":"At Or Outside 5 Wandle House","lamp_column":"14","operator":"Shell Recharge","speed_class":"lccp","speeds":"5.5kW","bays":1,"bay_types":"LCCP - Dedicated","dedicated":true,"status":"installed","ward":"Church Street","cp_ids":"606533"}},{"type":"Feature","id":1696,"geometry":{"type":"Point","coordinates":[-0.172222,51.523226]},"properties":{"site":"Penfold Street","location":"At Or Outside Berry House","lamp_column":"8","operator":"Shell Recharge","speed_class":"lccp","speeds":"5.5kW","bays":1,"bay_types":"LCCP","dedicated":false,"status":"installed","ward":"Church Street","cp_ids":"801783"}},{"type":"Feature","id":1697,"geometry":{"type":"Point","coordinates":[-0.16991,51.521689]},"properties":{"site":"Penfold Street","location":"At Or Outside Miles Buildings 1-10","lamp_column":"17","operator":"Shell Recharge","speed_class":"lccp","speeds":"5.5kW","bays":1,"bay_types":"LCCP","dedicated":false,"status":"installed","ward":"Church Street","cp_ids":"602565"}},{"type":"Feature","id":1698,"geometry":{"type":"Point","coordinates":[-0.170886,51.522449]},"properties":{"site":"Penfold Street","location":"At Or Outside Pool House","lamp_column":"13","operator":"Shell Recharge","speed_class":"lccp","speeds":"5.5kW","bays":1,"bay_types":"LCCP - Dedicated","dedicated":true,"status":"installed","ward":"Church Street","cp_ids":"602564"}},{"type":"Feature","id":1699,"geometry":{"type":"Point","coordinates":[-0.132409,51.497479]},"properties":{"site":"Perkin's Rents","location":"At Or Outside No.1 - 32c Junction With Old Pye Street","lamp_column":"1","operator":"Shell Recharge","speed_class":"lccp","speeds":"5.5kW","bays":1,"bay_types":"LCCP","dedicated":false,"status":"installed","ward":"St James's","cp_ids":"807285"}},{"type":"Feature","id":1700,"geometry":{"type":"Point","coordinates":[-0.132217,51.4972]},"properties":{"site":"Perkin's Rents","location":"At Or Outside No.1-24n","lamp_column":"3","operator":"Shell Recharge","speed_class":"lccp","speeds":"5.5kW","bays":1,"bay_types":"LCCP","dedicated":false,"status":"installed","ward":"St James's","cp_ids":"807283"}},{"type":"Feature","id":1701,"geometry":{"type":"Point","coordinates":[-0.132352,51.497295]},"properties":{"site":"Perkin's Rents","location":"At Or Outside No.1-32d","lamp_column":"2","operator":"Shell Recharge","speed_class":"lccp","speeds":"5.5kW","bays":1,"bay_types":"LCCP","dedicated":false,"status":"installed","ward":"St James's","cp_ids":"807287"}},{"type":"Feature","id":1702,"geometry":{"type":"Point","coordinates":[-0.132245,51.496957]},"properties":{"site":"Perkin's Rents","location":"At Or Outside Public House","lamp_column":"4","operator":"Shell Recharge","speed_class":"lccp","speeds":"5.5kW","bays":1,"bay_types":"LCCP","dedicated":false,"status":"installed","ward":"St James's","cp_ids":"807281"}},{"type":"Feature","id":1703,"geometry":{"type":"Point","coordinates":[-0.129024,51.489544]},"properties":{"site":"Ponsonby Place","location":"At Or Outside 4","lamp_column":"8","operator":"Shell Recharge","speed_class":"lccp","speeds":"5.5kW","bays":1,"bay_types":"LCCP - Dedicated","dedicated":true,"status":"installed","ward":"Vincent Square","cp_ids":"606760"}},{"type":"Feature","id":1704,"geometry":{"type":"Point","coordinates":[-0.185612,51.513963]},"properties":{"site":"Porchester Gardens","location":"At Or Outside 1","lamp_column":"2","operator":"Shell Recharge","speed_class":"lccp","speeds":"5.5kW","bays":1,"bay_types":"LCCP","dedicated":false,"status":"installed","ward":"Lancaster Gate","cp_ids":"807339"}},{"type":"Feature","id":1705,"geometry":{"type":"Point","coordinates":[-0.166183,51.515547]},"properties":{"site":"Porchester Place","location":"At Or Outside 32","lamp_column":"1","operator":"Shell Recharge","speed_class":"lccp","speeds":"5.5kW","bays":1,"bay_types":"LCCP","dedicated":false,"status":"installed","ward":"Hyde Park","cp_ids":"805106"}},{"type":"Feature","id":1706,"geometry":{"type":"Point","coordinates":[-0.186155,51.517967]},"properties":{"site":"Porchester Square","location":"At Or Outside 4","lamp_column":"8","operator":"Shell Recharge","speed_class":"lccp","speeds":"5.5kW","bays":1,"bay_types":"LCCP","dedicated":false,"status":"installed","ward":"Bayswater","cp_ids":"601639"}},{"type":"Feature","id":1707,"geometry":{"type":"Point","coordinates":[-0.184385,51.512464]},"properties":{"site":"Porchester Terrace","location":"26 Porchester Terrace","lamp_column":null,"operator":"TotalEnergies","speed_class":"fast","speeds":"22kW","bays":2,"bay_types":"EV Bay","dedicated":true,"status":"installed","ward":"Lancaster Gate","cp_ids":null}},{"type":"Feature","id":1708,"geometry":{"type":"Point","coordinates":[-0.184163,51.511696]},"properties":{"site":"Porchester Terrace","location":"At Or Outside 10","lamp_column":"13","operator":"Shell Recharge","speed_class":"lccp","speeds":"5.5kW","bays":1,"bay_types":"LCCP","dedicated":false,"status":"installed","ward":"Lancaster Gate","cp_ids":"807262"}},{"type":"Feature","id":1709,"geometry":{"type":"Point","coordinates":[-0.184077,51.511941]},"properties":{"site":"Porchester Terrace","location":"At Or Outside 13a","lamp_column":"12","operator":"Shell Recharge","speed_class":"lccp","speeds":"5.5kW","bays":1,"bay_types":"LCCP","dedicated":false,"status":"installed","ward":"Lancaster Gate","cp_ids":"807269"}},{"type":"Feature","id":1710,"geometry":{"type":"Point","coordinates":[-0.184692,51.513086]},"properties":{"site":"Porchester Terrace","location":"At Or Outside 34","lamp_column":"7","operator":"Shell Recharge","speed_class":"lccp","speeds":"5.5kW","bays":1,"bay_types":"LCCP","dedicated":false,"status":"installed","ward":"Lancaster Gate","cp_ids":"807263"}},{"type":"Feature","id":1711,"geometry":{"type":"Point","coordinates":[-0.184795,51.51333]},"properties":{"site":"Porchester Terrace","location":"At Or Outside 40","lamp_column":"6","operator":"Shell Recharge","speed_class":"lccp","speeds":"5.5kW","bays":1,"bay_types":"LCCP","dedicated":false,"status":"installed","ward":"Lancaster Gate","cp_ids":"801854"}},{"type":"Feature","id":1712,"geometry":{"type":"Point","coordinates":[-0.184842,51.513813]},"properties":{"site":"Porchester Terrace","location":"At Or Outside 59","lamp_column":"4","operator":"Shell Recharge","speed_class":"lccp","speeds":"5.5kW","bays":1,"bay_types":"LCCP","dedicated":false,"status":"installed","ward":"Lancaster Gate","cp_ids":"807267"}},{"type":"Feature","id":1713,"geometry":{"type":"Point","coordinates":[-0.184102,51.511517]},"properties":{"site":"Porchester Terrace","location":"At Or Outside 8","lamp_column":"14","operator":"Shell Recharge","speed_class":"lccp","speeds":"5.5kW","bays":1,"bay_types":"LCCP","dedicated":false,"status":"installed","ward":"Lancaster Gate","cp_ids":"807264"}},{"type":"Feature","id":1714,"geometry":{"type":"Point","coordinates":[-0.184337,51.51261]},"properties":{"site":"Porchester Terrace","location":"Opposite Fulton Mews","lamp_column":"9","operator":"Shell Recharge","speed_class":"lccp","speeds":"5.5kW","bays":1,"bay_types":"LCCP","dedicated":false,"status":"installed","ward":"Lancaster Gate","cp_ids":"807268"}},{"type":"Feature","id":1715,"geometry":{"type":"Point","coordinates":[-0.186327,51.516986]},"properties":{"site":"Porchester Terrace North","location":"Opposite 157-159","lamp_column":"4","operator":"Shell Recharge","speed_class":"lccp","speeds":"5.5kW","bays":1,"bay_types":"LCCP - Dedicated","dedicated":true,"status":"installed","ward":"Bayswater","cp_ids":"601637"}},{"type":"Feature","id":1716,"geometry":{"type":"Point","coordinates":[-0.186252,51.517484]},"properties":{"site":"Porchester Terrace North","location":"Outside No. 163","lamp_column":"2","operator":"Shell Recharge","speed_class":"lccp","speeds":"5.5kW","bays":1,"bay_types":"LCCP","dedicated":false,"status":"installed","ward":"Bayswater","cp_ids":"601634"}},{"type":"Feature","id":1717,"geometry":{"type":"Point","coordinates":[-0.186087,51.516681]},"properties":{"site":"Porchester Terrace North","location":"Side Of 70 Bishops Bridge Road","lamp_column":null,"operator":"TotalEnergies","speed_class":"fast","speeds":"22kW","bays":2,"bay_types":"EV Bay","dedicated":true,"status":"installed","ward":"Bayswater","cp_ids":null}},{"type":"Feature","id":1718,"geometry":{"type":"Point","coordinates":[-0.178233,51.520599]},"properties":{"site":"Porteus Road","location":"At Or Outside Cabral Court","lamp_column":"3","operator":"Shell Recharge","speed_class":"lccp","speeds":"5.5kW","bays":1,"bay_types":"LCCP","dedicated":false,"status":"installed","ward":"Little Venice","cp_ids":"801938"}},{"type":"Feature","id":1719,"geometry":{"type":"Point","coordinates":[-0.178562,51.520525]},"properties":{"site":"Porteus Road","location":"At Or Outside Gilpin Close","lamp_column":"2","operator":"Shell Recharge","speed_class":"lccp","speeds":"5.5kW","bays":1,"bay_types":"LCCP","dedicated":false,"status":"installed","ward":"Little Venice","cp_ids":"801909"}},{"type":"Feature","id":1720,"geometry":{"type":"Point","coordinates":[-0.178154,51.520753]},"properties":{"site":"Porteus Road","location":"At Or Outside John Aird Court","lamp_column":"4","operator":"Shell Recharge","speed_class":"lccp","speeds":"5.5kW","bays":1,"bay_types":"LCCP","dedicated":false,"status":"installed","ward":"Little Venice","cp_ids":"801940"}},{"type":"Feature","id":1721,"geometry":{"type":"Point","coordinates":[-0.177729,51.520884]},"properties":{"site":"Porteus Road","location":"Opposite John Aird Court","lamp_column":"5","operator":"Shell Recharge","speed_class":"lccp","speeds":"5.5kW","bays":1,"bay_types":"LCCP","dedicated":false,"status":"installed","ward":"Little Venice","cp_ids":"801911"}},{"type":"Feature","id":1722,"geometry":{"type":"Point","coordinates":[-0.145355,51.521354]},"properties":{"site":"Portland Place","location":"At Or Outside 68","lamp_column":"12","operator":"Shell Recharge","speed_class":"lccp","speeds":"5.5kW","bays":1,"bay_types":"LCCP","dedicated":false,"status":"installed","ward":"West End","cp_ids":"807237"}},{"type":"Feature","id":1723,"geometry":{"type":"Point","coordinates":[-0.145034,51.52046]},"properties":{"site":"Portland Place","location":"Opposite 52","lamp_column":null,"operator":"TotalEnergies","speed_class":"fast","speeds":"7kW, 22kW","bays":3,"bay_types":"EV Bay","dedicated":true,"status":"installed","ward":"West End","cp_ids":"9860001564, 9860001396, 9860002008"}},{"type":"Feature","id":1724,"geometry":{"type":"Point","coordinates":[-0.144875,51.520251]},"properties":{"site":"Portland Place","location":"Outside 42","lamp_column":"18","operator":"Shell Recharge","speed_class":"lccp","speeds":"5.5kW","bays":1,"bay_types":"LCCP - Dedicated","dedicated":true,"status":"installed","ward":"West End","cp_ids":"603317"}},{"type":"Feature","id":1725,"geometry":{"type":"Point","coordinates":[-0.145828,51.521591]},"properties":{"site":"Portland Place","location":"Outside 61 - 63","lamp_column":"9","operator":"Shell Recharge","speed_class":"lccp","speeds":"5.5kW","bays":1,"bay_types":"LCCP","dedicated":false,"status":"installed","ward":"Marylebone","cp_ids":"807234"}},{"type":"Feature","id":1726,"geometry":{"type":"Point","coordinates":[-0.145488,51.521653]},"properties":{"site":"Portland Place","location":"Outside 74 - 80","lamp_column":"10","operator":"Shell Recharge","speed_class":"lccp","speeds":"5.5kW","bays":1,"bay_types":"LCCP - Dedicated","dedicated":true,"status":"installed","ward":"West End","cp_ids":"602023"}},{"type":"Feature","id":1727,"geometry":{"type":"Point","coordinates":[-0.145856,51.522487]},"properties":{"site":"Portland Place","location":"Outside 92","lamp_column":"4","operator":"Shell Recharge","speed_class":"lccp","speeds":"5.5kW","bays":1,"bay_types":"LCCP","dedicated":false,"status":"installed","ward":"West End","cp_ids":"807239"}},{"type":"Feature","id":1728,"geometry":{"type":"Point","coordinates":[-0.156359,51.516141]},"properties":{"site":"Portman Square","location":"At Or Outside No.20/19-15","lamp_column":"3a","operator":"Shell Recharge","speed_class":"lccp","speeds":"5.5kW","bays":1,"bay_types":"LCCP","dedicated":false,"status":"installed","ward":"Marylebone","cp_ids":"809840"}},{"type":"Feature","id":1729,"geometry":{"type":"Point","coordinates":[-0.157033,51.51577]},"properties":{"site":"Portman Square","location":"At Or Outside No.30","lamp_column":"29A","operator":"Shell Recharge","speed_class":"lccp","speeds":"5.5kW","bays":1,"bay_types":"LCCP","dedicated":false,"status":"installed","ward":"Marylebone","cp_ids":"805177"}},{"type":"Feature","id":1730,"geometry":{"type":"Point","coordinates":[-0.203569,51.528581]},"properties":{"site":"Portnall Road","location":"At Or Outside 102/104","lamp_column":"21","operator":"Shell Recharge","speed_class":"lccp","speeds":"5.5kW","bays":1,"bay_types":"LCCP","dedicated":false,"status":"installed","ward":"Queen's Park","cp_ids":"806765"}},{"type":"Feature","id":1731,"geometry":{"type":"Point","coordinates":[-0.203513,51.528244]},"properties":{"site":"Portnall Road","location":"At Or Outside 111/113","lamp_column":"22","operator":"Shell Recharge","speed_class":"lccp","speeds":"5.5kW","bays":1,"bay_types":"LCCP","dedicated":false,"status":"installed","ward":"Harrow Road","cp_ids":"806763"}},{"type":"Feature","id":1732,"geometry":{"type":"Point","coordinates":[-0.203435,51.529338]},"properties":{"site":"Portnall Road","location":"At Or Outside 133/135","lamp_column":"18","operator":"Shell Recharge","speed_class":"lccp","speeds":"5.5kW","bays":1,"bay_types":"LCCP","dedicated":false,"status":"installed","ward":"Queen's Park","cp_ids":null}},{"type":"Feature","id":1733,"geometry":{"type":"Point","coordinates":[-0.203771,51.530021]},"properties":{"site":"Portnall Road","location":"At Or Outside 134","lamp_column":"15","operator":"Shell Recharge","speed_class":"lccp","speeds":"5.5kW","bays":1,"bay_types":"LCCP","dedicated":false,"status":"installed","ward":"Queen's Park","cp_ids":"606513"}},{"type":"Feature","id":1734,"geometry":{"type":"Point","coordinates":[-0.203944,51.525844]},"properties":{"site":"Portnall Road","location":"At Or Outside 13b","lamp_column":"34","operator":"Shell Recharge","speed_class":"lccp","speeds":"5.5kW","bays":1,"bay_types":"LCCP","dedicated":false,"status":"installed","ward":"Harrow Road","cp_ids":"806774"}},{"type":"Feature","id":1735,"geometry":{"type":"Point","coordinates":[-0.203973,51.53046]},"properties":{"site":"Portnall Road","location":"At Or Outside 150","lamp_column":"13","operator":"Shell Recharge","speed_class":"lccp","speeds":"5.5kW","bays":1,"bay_types":"LCCP","dedicated":false,"status":"installed","ward":"Queen's Park","cp_ids":null}},{"type":"Feature","id":1736,"geometry":{"type":"Point","coordinates":[-0.203743,51.530284]},"properties":{"site":"Portnall Road","location":"At Or Outside 173","lamp_column":"14","operator":"Shell Recharge","speed_class":"lccp","speeds":"5.5kW","bays":1,"bay_types":"LCCP","dedicated":false,"status":"installed","ward":"Queen's Park","cp_ids":null}},{"type":"Feature","id":1737,"geometry":{"type":"Point","coordinates":[-0.204341,51.531253]},"properties":{"site":"Portnall Road","location":"At Or Outside 180-182","lamp_column":"9","operator":"Shell Recharge","speed_class":"lccp","speeds":"5.5kW","bays":1,"bay_types":"LCCP","dedicated":false,"status":"installed","ward":"Queen's Park","cp_ids":"806985"}},{"type":"Feature","id":1738,"geometry":{"type":"Point","coordinates":[-0.203939,51.530701]},"properties":{"site":"Portnall Road","location":"At Or Outside 189/191","lamp_column":"12","operator":"Shell Recharge","speed_class":"lccp","speeds":"5.5kW","bays":1,"bay_types":"LCCP","dedicated":false,"status":"installed","ward":"Queen's Park","cp_ids":null}},{"type":"Feature","id":1739,"geometry":{"type":"Point","coordinates":[-0.204555,51.531687]},"properties":{"site":"Portnall Road","location":"At Or Outside 198-200","lamp_column":"7","operator":"Shell Recharge","speed_class":"lccp","speeds":"5.5kW","bays":1,"bay_types":"LCCP","dedicated":false,"status":"installed","ward":"Queen's Park","cp_ids":"806984"}},{"type":"Feature","id":1740,"geometry":{"type":"Point","coordinates":[-0.204055,51.530934]},"properties":{"site":"Portnall Road","location":"At Or Outside 201","lamp_column":"11","operator":"Shell Recharge","speed_class":"lccp","speeds":"5.5kW","bays":1,"bay_types":"LCCP","dedicated":false,"status":"installed","ward":"Queen's Park","cp_ids":null}},{"type":"Feature","id":1741,"geometry":{"type":"Point","coordinates":[-0.204914,51.532581]},"properties":{"site":"Portnall Road","location":"At Or Outside 236","lamp_column":"2","operator":"Shell Recharge","speed_class":"lccp","speeds":"5.5kW","bays":1,"bay_types":"LCCP - Dedicated","dedicated":true,"status":"installed","ward":"Queen's Park","cp_ids":"606515"}},{"type":"Feature","id":1742,"geometry":{"type":"Point","coordinates":[-0.203869,51.52627]},"properties":{"site":"Portnall Road","location":"At Or Outside 29/31","lamp_column":"32","operator":"Shell Recharge","speed_class":"lccp","speeds":"5.5kW","bays":1,"bay_types":"LCCP","dedicated":false,"status":"installed","ward":"Harrow Road","cp_ids":"806772"}},{"type":"Feature","id":1743,"geometry":{"type":"Point","coordinates":[-0.2038,51.526628]},"properties":{"site":"Portnall Road","location":"At Or Outside 45/47","lamp_column":"30","operator":"Shell Recharge","speed_class":"lccp","speeds":"5.5kW","bays":1,"bay_types":"LCCP","dedicated":false,"status":"installed","ward":"Harrow Road","cp_ids":"806770"}},{"type":"Feature","id":1744,"geometry":{"type":"Point","coordinates":[-0.203845,51.527051]},"properties":{"site":"Portnall Road","location":"At Or Outside 48","lamp_column":"28","operator":"Shell Recharge","speed_class":"lccp","speeds":"5.5kW","bays":1,"bay_types":"LCCP","dedicated":false,"status":"installed","ward":"Queen's Park","cp_ids":"809493"}},{"type":"Feature","id":1745,"geometry":{"type":"Point","coordinates":[-0.203761,51.526842]},"properties":{"site":"Portnall Road","location":"At Or Outside 55","lamp_column":"29","operator":"Shell Recharge","speed_class":"lccp","speeds":"5.5kW","bays":1,"bay_types":"LCCP - Dedicated","dedicated":true,"status":"installed","ward":"Harrow Road","cp_ids":"605147"}},{"type":"Feature","id":1746,"geometry":{"type":"Point","coordinates":[-0.203773,51.527437]},"properties":{"site":"Portnall Road","location":"At Or Outside 56b","lamp_column":"26","operator":"Shell Recharge","speed_class":"lccp","speeds":"5.5kW","bays":1,"bay_types":"LCCP","dedicated":false,"status":"installed","ward":"Queen's Park","cp_ids":"806775"}},{"type":"Feature","id":1747,"geometry":{"type":"Point","coordinates":[-0.20402,51.526078]},"properties":{"site":"Portnall Road","location":"At Or Outside 6b","lamp_column":"33","operator":"Shell Recharge","speed_class":"lccp","speeds":"5.5kW","bays":1,"bay_types":"LCCP","dedicated":false,"status":"installed","ward":"Queen's Park","cp_ids":"806771"}},{"type":"Feature","id":1748,"geometry":{"type":"Point","coordinates":[-0.203701,51.527824]},"properties":{"site":"Portnall Road","location":"At Or Outside 72b","lamp_column":"24","operator":"Shell Recharge","speed_class":"lccp","speeds":"5.5kW","bays":1,"bay_types":"LCCP","dedicated":false,"status":"installed","ward":"Queen's Park","cp_ids":"806773"}},{"type":"Feature","id":1749,"geometry":{"type":"Point","coordinates":[-0.203627,51.527615]},"properties":{"site":"Portnall Road","location":"At Or Outside 85/87","lamp_column":"25","operator":"Shell Recharge","speed_class":"lccp","speeds":"5.5kW","bays":1,"bay_types":"LCCP","dedicated":false,"status":"installed","ward":"Harrow Road","cp_ids":"606512"}},{"type":"Feature","id":1750,"geometry":{"type":"Point","coordinates":[-0.203602,51.528393]},"properties":{"site":"Portnall Road","location":"At Or Outside No.96","lamp_column":"21A","operator":"Shell Recharge","speed_class":"lccp","speeds":"5.5kW","bays":1,"bay_types":"LCCP","dedicated":false,"status":"installed","ward":"Queen's Park","cp_ids":"806761"}},{"type":"Feature","id":1751,"geometry":{"type":"Point","coordinates":[-0.204818,51.532712]},"properties":{"site":"Portnall Road","location":"Outside 267","lamp_column":null,"operator":"TotalEnergies","speed_class":"fast","speeds":"7kW, 22kW","bays":3,"bay_types":"EV Bay","dedicated":true,"status":"installed","ward":"Queen's Park","cp_ids":"9860001560, 9860001207, 9860001999"}},{"type":"Feature","id":1752,"geometry":{"type":"Point","coordinates":[-0.170044,51.518613]},"properties":{"site":"Praed Street","location":"In Rest Rank R0011 Close To J/W Harbet Road","lamp_column":null,"operator":"ESB","speed_class":"rapid","speeds":"50kW","bays":1,"bay_types":"EV Taxi","dedicated":true,"status":"installed","ward":"Hyde Park","cp_ids":"UT01JK"}},{"type":"Feature","id":1753,"geometry":{"type":"Point","coordinates":[-0.159816,51.536291]},"properties":{"site":"Prince Albert Road","location":"At Or Outside 31 Kings Court","lamp_column":"9","operator":"Shell Recharge","speed_class":"lccp","speeds":"5.5kW","bays":1,"bay_types":"LCCP","dedicated":false,"status":"installed","ward":"Regent's Park","cp_ids":"801891"}},{"type":"Feature","id":1754,"geometry":{"type":"Point","coordinates":[-0.161288,51.53588]},"properties":{"site":"Prince Albert Road","location":"At Or Outside St James Terrace","lamp_column":"12","operator":"Shell Recharge","speed_class":"lccp","speeds":"5.5kW","bays":1,"bay_types":"LCCP","dedicated":false,"status":"installed","ward":"Regent's Park","cp_ids":"606960"}},{"type":"Feature","id":1755,"geometry":{"type":"Point","coordinates":[-0.164943,51.534258]},"properties":{"site":"Prince Albert Road","location":"At Or Outside Viceroy Court","lamp_column":"21","operator":"Shell Recharge","speed_class":"lccp","speeds":"5.5kW","bays":1,"bay_types":"LCCP - Dedicated","dedicated":true,"status":"installed","ward":"Regent's Park","cp_ids":"605391"}},{"type":"Feature","id":1756,"geometry":{"type":"Point","coordinates":[-0.165211,51.534035]},"properties":{"site":"Prince Albert Road","location":"At Or Outside Viceroy Court","lamp_column":"22","operator":"Shell Recharge","speed_class":"lccp","speeds":"5.5kW","bays":1,"bay_types":"LCCP","dedicated":false,"status":"installed","ward":"Regent's Park","cp_ids":"605390"}},{"type":"Feature","id":1757,"geometry":{"type":"Point","coordinates":[-0.164969,51.534104]},"properties":{"site":"Prince Albert Road","location":"O/S Visceroy Court","lamp_column":null,"operator":"To be confirmed","speed_class":"rapid","speeds":"50-100kW","bays":1,"bay_types":"EV Bay","dedicated":true,"status":"planned","ward":"Regent's Park","cp_ids":null}},{"type":"Feature","id":1758,"geometry":{"type":"Point","coordinates":[-0.161121,51.535789]},"properties":{"site":"Prince Albert Road","location":"Opposite 1-47 St James's Terrace, Prince Albert Road","lamp_column":null,"operator":"TotalEnergies","speed_class":"fast","speeds":"22kW","bays":2,"bay_types":"EV Bay","dedicated":true,"status":"installed","ward":"Regent's Park","cp_ids":null}},{"type":"Feature","id":1759,"geometry":{"type":"Point","coordinates":[-0.166957,51.531615]},"properties":{"site":"Prince Albert Road","location":"Opposite 49-60a North Gate","lamp_column":"33","operator":"Shell Recharge","speed_class":"lccp","speeds":"5.5kW","bays":1,"bay_types":"LCCP","dedicated":false,"status":"installed","ward":"Regent's Park","cp_ids":"806420"}},{"type":"Feature","id":1760,"geometry":{"type":"Point","coordinates":[-0.161771,51.53573]},"properties":{"site":"Prince Albert Road","location":"Opposite Park, Outside St James Terrace","lamp_column":"13","operator":"Shell Recharge","speed_class":"lccp","speeds":"5.5kW","bays":1,"bay_types":"LCCP","dedicated":false,"status":"installed","ward":"Regent's Park","cp_ids":"606959"}},{"type":"Feature","id":1761,"geometry":{"type":"Point","coordinates":[-0.166283,51.532468]},"properties":{"site":"Prince Albert Road","location":"Outside Park Opposite North Gate","lamp_column":"30","operator":"Shell Recharge","speed_class":"lccp","speeds":"5.5kW","bays":1,"bay_types":"LCCP - Dedicated","dedicated":true,"status":"installed","ward":"Regent's Park","cp_ids":"605389"}},{"type":"Feature","id":1762,"geometry":{"type":"Point","coordinates":[-0.162636,51.535444]},"properties":{"site":"Prince Albert Road","location":"Side Of 52-61 Stockleigh Hall","lamp_column":"15","operator":"Shell Recharge","speed_class":"lccp","speeds":"5.5kW","bays":1,"bay_types":"LCCP - Dedicated","dedicated":true,"status":"installed","ward":"Regent's Park","cp_ids":"602602"}},{"type":"Feature","id":1763,"geometry":{"type":"Point","coordinates":[-0.176053,51.500007]},"properties":{"site":"Prince Consort Road","location":"At Or Outside 57","lamp_column":"20","operator":"Shell Recharge","speed_class":"lccp","speeds":"5.5kW","bays":1,"bay_types":"LCCP - Dedicated","dedicated":true,"status":"installed","ward":"Knightsbridge & Belgravia","cp_ids":"602224"}},{"type":"Feature","id":1764,"geometry":{"type":"Point","coordinates":[-0.176814,51.499969]},"properties":{"site":"Prince Consort Road","location":"At Or Outside 60","lamp_column":"17","operator":"Shell Recharge","speed_class":"lccp","speeds":"5.5kW","bays":1,"bay_types":"LCCP - Dedicated","dedicated":true,"status":"installed","ward":"Knightsbridge & Belgravia","cp_ids":"602223"}},{"type":"Feature","id":1765,"geometry":{"type":"Point","coordinates":[-0.176471,51.499972]},"properties":{"site":"Prince Consort Road","location":"At Or Outside 60","lamp_column":"18","operator":"Shell Recharge","speed_class":"lccp","speeds":"5.5kW","bays":1,"bay_types":"LCCP","dedicated":false,"status":"installed","ward":"Knightsbridge & Belgravia","cp_ids":"602221"}},{"type":"Feature","id":1766,"geometry":{"type":"Point","coordinates":[-0.179356,51.499783]},"properties":{"site":"Prince Consort Road","location":"O/S Royal College Of Science","lamp_column":"3","operator":"Shell Recharge","speed_class":"lccp","speeds":"5.5kW","bays":1,"bay_types":"LCCP - Dedicated","dedicated":true,"status":"installed","ward":"Knightsbridge & Belgravia","cp_ids":"602517"}},{"type":"Feature","id":1767,"geometry":{"type":"Point","coordinates":[-0.178653,51.499704]},"properties":{"site":"Prince Consort Road","location":"Opposite Holy Trinity Church Near Jct With Callendar Road","lamp_column":null,"operator":"ESB","speed_class":"rapid","speeds":"50kW","bays":2,"bay_types":"EV Bay","dedicated":true,"status":"installed","ward":"Knightsbridge & Belgravia","cp_ids":"UT01DR, UT08R7"}},{"type":"Feature","id":1768,"geometry":{"type":"Point","coordinates":[-0.172288,51.500032]},"properties":{"site":"Princes Gardens","location":"At Or Outside 15","lamp_column":"7","operator":"Shell Recharge","speed_class":"lccp","speeds":"5.5kW","bays":1,"bay_types":"LCCP - Dedicated","dedicated":true,"status":"installed","ward":"Knightsbridge & Belgravia","cp_ids":"606822"}},{"type":"Feature","id":1769,"geometry":{"type":"Point","coordinates":[-0.171966,51.500058]},"properties":{"site":"Princes Gardens","location":"At Or Outside College","lamp_column":"8","operator":"Shell Recharge","speed_class":"lccp","speeds":"5.5kW","bays":1,"bay_types":"LCCP - Dedicated","dedicated":true,"status":"installed","ward":"Knightsbridge & Belgravia","cp_ids":"606764"}},{"type":"Feature","id":1770,"geometry":{"type":"Point","coordinates":[-0.191825,51.51295]},"properties":{"site":"Princes Square","location":"At Or Outside 17","lamp_column":"4","operator":"Shell Recharge","speed_class":"lccp","speeds":"5.5kW","bays":1,"bay_types":"LCCP","dedicated":false,"status":"installed","ward":"Bayswater","cp_ids":"606622"}},{"type":"Feature","id":1771,"geometry":{"type":"Point","coordinates":[-0.193012,51.512811]},"properties":{"site":"Princes Square","location":"At Or Outside 2","lamp_column":"1","operator":"Shell Recharge","speed_class":"lccp","speeds":"5.5kW","bays":1,"bay_types":"LCCP","dedicated":false,"status":"installed","ward":"Bayswater","cp_ids":"606621"}},{"type":"Feature","id":1772,"geometry":{"type":"Point","coordinates":[-0.190682,51.513316]},"properties":{"site":"Princes Square","location":"At Or Outside 33-38","lamp_column":"11","operator":"Shell Recharge","speed_class":"lccp","speeds":"5.5kW","bays":1,"bay_types":"LCCP","dedicated":false,"status":"installed","ward":"Bayswater","cp_ids":"602574"}},{"type":"Feature","id":1773,"geometry":{"type":"Point","coordinates":[-0.192654,51.51285]},"properties":{"site":"Princes Square","location":"At Or Outside 7","lamp_column":"2","operator":"Shell Recharge","speed_class":"lccp","speeds":"5.5kW","bays":1,"bay_types":"LCCP","dedicated":false,"status":"installed","ward":"Bayswater","cp_ids":"606620"}},{"type":"Feature","id":1774,"geometry":{"type":"Point","coordinates":[-0.192191,51.512906]},"properties":{"site":"Princes Square","location":"At Or Outside Bayswater Inn","lamp_column":"3","operator":"Shell Recharge","speed_class":"lccp","speeds":"5.5kW","bays":1,"bay_types":"LCCP","dedicated":false,"status":"installed","ward":"Bayswater","cp_ids":"606619"}},{"type":"Feature","id":1775,"geometry":{"type":"Point","coordinates":[-0.193316,51.513265]},"properties":{"site":"Princes Square","location":"Opposite 71 Princes Square","lamp_column":"21","operator":"Shell Recharge","speed_class":"lccp","speeds":"5.5kW","bays":1,"bay_types":"LCCP","dedicated":false,"status":"installed","ward":"Bayswater","cp_ids":"807441"}},{"type":"Feature","id":1776,"geometry":{"type":"Point","coordinates":[-0.193258,51.513055]},"properties":{"site":"Princes Square","location":"Opposite 72","lamp_column":"22","operator":"Shell Recharge","speed_class":"lccp","speeds":"5.5kW","bays":1,"bay_types":"LCCP","dedicated":false,"status":"installed","ward":"Bayswater","cp_ids":"807447"}},{"type":"Feature","id":1777,"geometry":{"type":"Point","coordinates":[-0.142611,51.514592]},"properties":{"site":"Princes Street","location":"Outside 3/4","lamp_column":"3","operator":"Shell Recharge","speed_class":"lccp","speeds":"5.5kW","bays":1,"bay_types":"LCCP","dedicated":false,"status":"installed","ward":"West End","cp_ids":"805074"}},{"type":"Feature","id":1778,"geometry":{"type":"Point","coordinates":[-0.142888,51.51453]},"properties":{"site":"Princes Street","location":"Outside 8","lamp_column":"2","operator":"Shell Recharge","speed_class":"lccp","speeds":"5.5kW","bays":1,"bay_types":"LCCP","dedicated":false,"status":"installed","ward":"West End","cp_ids":"807558"}},{"type":"Feature","id":1779,"geometry":{"type":"Point","coordinates":[-0.145995,51.518193]},"properties":{"site":"Queen Anne Street","location":"Opposite 12","lamp_column":"9","operator":"Shell Recharge","speed_class":"lccp","speeds":"5.5kW","bays":1,"bay_types":"LCCP","dedicated":false,"status":"installed","ward":"Marylebone","cp_ids":"807962"}},{"type":"Feature","id":1780,"geometry":{"type":"Point","coordinates":[-0.133125,51.500502]},"properties":{"site":"Queen Anne's Gate","location":"At Or Outside 15                                                                                                              Grade Ii   Listed As Per Historic Englad Ref:1227330 Historic England Desc 12 Lamp Standards Numbers 1 To 12 (Consecutive), Queen Anne's Gate Sw1","lamp_column":"8","operator":"Shell Recharge","speed_class":"lccp","speeds":"5.5kW","bays":1,"bay_types":"LCCP","dedicated":false,"status":"installed","ward":"St James's","cp_ids":"805033"}},{"type":"Feature","id":1781,"geometry":{"type":"Point","coordinates":[-0.133548,51.500451]},"properties":{"site":"Queen Anne's Gate","location":"At Or Outside 23                                                                                                              Grade Ii   Listed As Per Historic Englad Ref:1227330 Historic England Desc 12 Lamp Standards Numbers 1 To 12 (Consecutive), Queen Anne's Gate Sw1","lamp_column":"6","operator":"Shell Recharge","speed_class":"lccp","speeds":"5.5kW","bays":1,"bay_types":"LCCP - Dedicated","dedicated":true,"status":"installed","ward":"St James's","cp_ids":"606712"}},{"type":"Feature","id":1782,"geometry":{"type":"Point","coordinates":[-0.133307,51.500571]},"properties":{"site":"Queen Anne's Gate","location":"At Or Outside 28                                                                                                              Grade Ii   Listed As Per Historic Englad Ref:1227330 Historic England Desc 12 Lamp Standards Numbers 1 To 12 (Consecutive), Queen Anne's Gate Sw1","lamp_column":"7","operator":"Shell Recharge","speed_class":"lccp","speeds":"5.5kW","bays":1,"bay_types":"LCCP","dedicated":false,"status":"installed","ward":"St James's","cp_ids":"805049"}},{"type":"Feature","id":1783,"geometry":{"type":"Point","coordinates":[-0.182065,51.513581]},"properties":{"site":"Queen's Gardens","location":"At Or Outside 50","lamp_column":"13","operator":"Shell Recharge","speed_class":"lccp","speeds":"5.5kW","bays":1,"bay_types":"LCCP","dedicated":false,"status":"installed","ward":"Lancaster Gate","cp_ids":"801858"}},{"type":"Feature","id":1784,"geometry":{"type":"Point","coordinates":[-0.172935,51.537882]},"properties":{"site":"Queen's Grove","location":"At Or Outside 27","lamp_column":"8","operator":"Shell Recharge","speed_class":"lccp","speeds":"5.5kW","bays":1,"bay_types":"LCCP","dedicated":false,"status":"installed","ward":"Regent's Park","cp_ids":"805259"}},{"type":"Feature","id":1785,"geometry":{"type":"Point","coordinates":[-0.175031,51.536849]},"properties":{"site":"Queen's Grove","location":"Opposite 59","lamp_column":"14","operator":"Shell Recharge","speed_class":"lccp","speeds":"5.5kW","bays":1,"bay_types":"LCCP","dedicated":false,"status":"installed","ward":"Regent's Park","cp_ids":"805214"}},{"type":"Feature","id":1786,"geometry":{"type":"Point","coordinates":[-0.175495,51.536721]},"properties":{"site":"Queen's Grove","location":"Opposite Queens Terrace","lamp_column":"15","operator":"Shell Recharge","speed_class":"lccp","speeds":"5.5kW","bays":1,"bay_types":"LCCP","dedicated":false,"status":"installed","ward":"Abbey Road","cp_ids":"807456"}},{"type":"Feature","id":1787,"geometry":{"type":"Point","coordinates":[-0.172009,51.538302]},"properties":{"site":"Queen's Grove","location":"Outside 33","lamp_column":null,"operator":"TotalEnergies","speed_class":"fast","speeds":"7kW","bays":2,"bay_types":"EV Bay","dedicated":true,"status":"installed","ward":"Regent's Park","cp_ids":"9860001232, 9860001237"}},{"type":"Feature","id":1788,"geometry":{"type":"Point","coordinates":[-0.174354,51.537177]},"properties":{"site":"Queen's Grove","location":"Outside No. 12","lamp_column":"12","operator":"Shell Recharge","speed_class":"lccp","speeds":"5.5kW","bays":1,"bay_types":"LCCP","dedicated":false,"status":"installed","ward":"Regent's Park","cp_ids":"801717"}},{"type":"Feature","id":1789,"geometry":{"type":"Point","coordinates":[-0.17523,51.535547]},"properties":{"site":"Queen's Terrace","location":"At Or Outside Balmoral Court","lamp_column":"10","operator":"Shell Recharge","speed_class":"lccp","speeds":"5.5kW","bays":1,"bay_types":"LCCP - Dedicated","dedicated":true,"status":"installed","ward":"Regent's Park","cp_ids":"606939"}},{"type":"Feature","id":1790,"geometry":{"type":"Point","coordinates":[-0.174256,51.535604]},"properties":{"site":"Queen's Terrace","location":"At Or Outside Jubilee Buildings","lamp_column":"5","operator":"Shell Recharge","speed_class":"lccp","speeds":"5.5kW","bays":1,"bay_types":"LCCP","dedicated":false,"status":"installed","ward":"Regent's Park","cp_ids":"801626"}},{"type":"Feature","id":1791,"geometry":{"type":"Point","coordinates":[-0.174511,51.535894]},"properties":{"site":"Queen's Terrace","location":"Opposite 25-28 Barton Way","lamp_column":"4","operator":"Shell Recharge","speed_class":"lccp","speeds":"5.5kW","bays":1,"bay_types":"LCCP","dedicated":false,"status":"installed","ward":"Regent's Park","cp_ids":"801627"}},{"type":"Feature","id":1792,"geometry":{"type":"Point","coordinates":[-0.17511,51.536319]},"properties":{"site":"Queen's Terrace","location":"Opposite 7","lamp_column":"2","operator":"Shell Recharge","speed_class":"lccp","speeds":"5.5kW","bays":1,"bay_types":"LCCP","dedicated":false,"status":"installed","ward":"Regent's Park","cp_ids":"801624"}},{"type":"Feature","id":1793,"geometry":{"type":"Point","coordinates":[-0.185821,51.513158]},"properties":{"site":"Queensborough Terrace","location":"At Or Outside 14-15","lamp_column":"4","operator":"Shell Recharge","speed_class":"lccp","speeds":"5.5kW","bays":1,"bay_types":"LCCP - Dedicated","dedicated":true,"status":"installed","ward":"Lancaster Gate","cp_ids":"602547"}},{"type":"Feature","id":1794,"geometry":{"type":"Point","coordinates":[-0.185748,51.512934]},"properties":{"site":"Queensborough Terrace","location":"At Or Outside 18","lamp_column":"5","operator":"Shell Recharge","speed_class":"lccp","speeds":"5.5kW","bays":1,"bay_types":"LCCP - Dedicated","dedicated":true,"status":"installed","ward":"Lancaster Gate","cp_ids":"602546"}},{"type":"Feature","id":1795,"geometry":{"type":"Point","coordinates":[-0.185613,51.512503]},"properties":{"site":"Queensborough Terrace","location":"At Or Outside 25/29","lamp_column":"7","operator":"Shell Recharge","speed_class":"lccp","speeds":"5.5kW","bays":1,"bay_types":"LCCP","dedicated":false,"status":"installed","ward":"Lancaster Gate","cp_ids":"807252"}},{"type":"Feature","id":1796,"geometry":{"type":"Point","coordinates":[-0.185309,51.511992]},"properties":{"site":"Queensborough Terrace","location":"At Or Outside 36","lamp_column":"9","operator":"Shell Recharge","speed_class":"lccp","speeds":"5.5kW","bays":1,"bay_types":"LCCP","dedicated":false,"status":"installed","ward":"Lancaster Gate","cp_ids":"602550"}},{"type":"Feature","id":1797,"geometry":{"type":"Point","coordinates":[-0.185234,51.511771]},"properties":{"site":"Queensborough Terrace","location":"At Or Outside 48","lamp_column":"10","operator":"Shell Recharge","speed_class":"lccp","speeds":"5.5kW","bays":1,"bay_types":"LCCP","dedicated":false,"status":"installed","ward":"Lancaster Gate","cp_ids":"602551"}},{"type":"Feature","id":1798,"geometry":{"type":"Point","coordinates":[-0.185952,51.513565]},"properties":{"site":"Queensborough Terrace","location":"At Or Outside 5","lamp_column":"2","operator":"Shell Recharge","speed_class":"lccp","speeds":"5.5kW","bays":1,"bay_types":"LCCP","dedicated":false,"status":"installed","ward":"Lancaster Gate","cp_ids":"807261"}},{"type":"Feature","id":1799,"geometry":{"type":"Point","coordinates":[-0.18513,51.51144]},"properties":{"site":"Queensborough Terrace","location":"At Or Outside 56/58","lamp_column":"11","operator":"Shell Recharge","speed_class":"lccp","speeds":"5.5kW","bays":1,"bay_types":"LCCP","dedicated":false,"status":"installed","ward":"Lancaster Gate","cp_ids":"807446"}},{"type":"Feature","id":1800,"geometry":{"type":"Point","coordinates":[-0.184996,51.510997]},"properties":{"site":"Queensborough Terrace","location":"At Or Outside 72","lamp_column":"13","operator":"Shell Recharge","speed_class":"lccp","speeds":"5.5kW","bays":1,"bay_types":"LCCP","dedicated":false,"status":"installed","ward":"Lancaster Gate","cp_ids":"807258"}},{"type":"Feature","id":1801,"geometry":{"type":"Point","coordinates":[-0.185512,51.512204]},"properties":{"site":"Queensborough Terrace","location":"Opposite Queensborough Studios","lamp_column":"8","operator":"Shell Recharge","speed_class":"lccp","speeds":"5.5kW","bays":1,"bay_types":"LCCP","dedicated":false,"status":"installed","ward":"Lancaster Gate","cp_ids":"807250"}},{"type":"Feature","id":1802,"geometry":{"type":"Point","coordinates":[-0.184946,51.510689]},"properties":{"site":"Queensborough Terrace","location":"Side Of 1 Porchester Gate","lamp_column":null,"operator":"TotalEnergies","speed_class":"fast","speeds":"22kW","bays":2,"bay_types":"EV Bay","dedicated":true,"status":"installed","ward":"Lancaster Gate","cp_ids":"TBC"}},{"type":"Feature","id":1803,"geometry":{"type":"Point","coordinates":[-0.189063,51.516616]},"properties":{"site":"Queensway","location":"O/S Arthur Court","lamp_column":"44","operator":"Shell Recharge","speed_class":"lccp","speeds":"5.5kW","bays":1,"bay_types":"LCCP","dedicated":false,"status":"installed","ward":"Bayswater","cp_ids":"808136"}},{"type":"Feature","id":1804,"geometry":{"type":"Point","coordinates":[-0.189158,51.516762]},"properties":{"site":"Queensway","location":"O/S Arthur Court","lamp_column":"45","operator":"Shell Recharge","speed_class":"lccp","speeds":"5.5kW","bays":1,"bay_types":"LCCP","dedicated":false,"status":"installed","ward":"Bayswater","cp_ids":"808134"}},{"type":"Feature","id":1805,"geometry":{"type":"Point","coordinates":[-0.18889,51.516631]},"properties":{"site":"Queensway","location":"O/S Ralph Court","lamp_column":"43","operator":"Shell Recharge","speed_class":"lccp","speeds":"5.5kW","bays":1,"bay_types":"LCCP","dedicated":false,"status":"installed","ward":"Bayswater","cp_ids":"808132"}},{"type":"Feature","id":1806,"geometry":{"type":"Point","coordinates":[-0.170591,51.515346]},"properties":{"site":"Radnor Place","location":"At Or Outside 12","lamp_column":"9","operator":"Shell Recharge","speed_class":"lccp","speeds":"5.5kW","bays":1,"bay_types":"LCCP","dedicated":false,"status":"installed","ward":"Hyde Park","cp_ids":"807904"}},{"type":"Feature","id":1807,"geometry":{"type":"Point","coordinates":[-0.17012,51.515195]},"properties":{"site":"Radnor Place","location":"At Or Outside 19","lamp_column":"6","operator":"Shell Recharge","speed_class":"lccp","speeds":"5.5kW","bays":1,"bay_types":"LCCP","dedicated":false,"status":"installed","ward":"Hyde Park","cp_ids":"805002"}},{"type":"Feature","id":1808,"geometry":{"type":"Point","coordinates":[-0.170739,51.515599]},"properties":{"site":"Radnor Place","location":"Opposite 6","lamp_column":"10","operator":"Shell Recharge","speed_class":"lccp","speeds":"5.5kW","bays":1,"bay_types":"LCCP","dedicated":false,"status":"installed","ward":"Hyde Park","cp_ids":"807900"}},{"type":"Feature","id":1809,"geometry":{"type":"Point","coordinates":[-0.13365,51.489602]},"properties":{"site":"Rampayne Street","location":"At Or Outside 3","lamp_column":"6","operator":"Shell Recharge","speed_class":"lccp","speeds":"5.5kW","bays":1,"bay_types":"LCCP","dedicated":false,"status":"installed","ward":"Pimlico North","cp_ids":"602401"}},{"type":"Feature","id":1810,"geometry":{"type":"Point","coordinates":[-0.133282,51.489843]},"properties":{"site":"Rampayne Street","location":"At Or Outside 4","lamp_column":"4","operator":"Shell Recharge","speed_class":"lccp","speeds":"5.5kW","bays":1,"bay_types":"LCCP - Dedicated","dedicated":true,"status":"installed","ward":"Pimlico North","cp_ids":"602402"}},{"type":"Feature","id":1811,"geometry":{"type":"Point","coordinates":[-0.184544,51.528589]},"properties":{"site":"Randolph Avenue","location":"At Or Outside 109","lamp_column":"20","operator":"Shell Recharge","speed_class":"lccp","speeds":"5.5kW","bays":1,"bay_types":"LCCP","dedicated":false,"status":"installed","ward":"Maida Vale","cp_ids":"807018"}},{"type":"Feature","id":1812,"geometry":{"type":"Point","coordinates":[-0.184709,51.528886]},"properties":{"site":"Randolph Avenue","location":"At Or Outside 134","lamp_column":"19","operator":"Shell Recharge","speed_class":"lccp","speeds":"5.5kW","bays":1,"bay_types":"LCCP","dedicated":false,"status":"installed","ward":"Maida Vale","cp_ids":"602868"}},{"type":"Feature","id":1813,"geometry":{"type":"Point","coordinates":[-0.185701,51.529518]},"properties":{"site":"Randolph Avenue","location":"At Or Outside 143","lamp_column":"16","operator":"Shell Recharge","speed_class":"lccp","speeds":"5.5kW","bays":1,"bay_types":"LCCP - Dedicated","dedicated":true,"status":"installed","ward":"Maida Vale","cp_ids":"602866"}},{"type":"Feature","id":1814,"geometry":{"type":"Point","coordinates":[-0.185354,51.529414]},"properties":{"site":"Randolph Avenue","location":"At Or Outside 158","lamp_column":"17","operator":"Shell Recharge","speed_class":"lccp","speeds":"5.5kW","bays":1,"bay_types":"LCCP","dedicated":false,"status":"installed","ward":"Maida Vale","cp_ids":"807011"}},{"type":"Feature","id":1815,"geometry":{"type":"Point","coordinates":[-0.18678,51.530421]},"properties":{"site":"Randolph Avenue","location":"At Or Outside 179","lamp_column":"11","operator":"Shell Recharge","speed_class":"lccp","speeds":"5.5kW","bays":1,"bay_types":"LCCP","dedicated":false,"status":"installed","ward":"Maida Vale","cp_ids":"807010"}},{"type":"Feature","id":1816,"geometry":{"type":"Point","coordinates":[-0.186937,51.530737]},"properties":{"site":"Randolph Avenue","location":"At Or Outside 188","lamp_column":"10","operator":"Shell Recharge","speed_class":"lccp","speeds":"5.5kW","bays":1,"bay_types":"LCCP - Dedicated","dedicated":true,"status":"installed","ward":"Maida Vale","cp_ids":"602864"}},{"type":"Feature","id":1817,"geometry":{"type":"Point","coordinates":[-0.1873,51.530869]},"properties":{"site":"Randolph Avenue","location":"At Or Outside 195","lamp_column":"9","operator":"Shell Recharge","speed_class":"lccp","speeds":"5.5kW","bays":1,"bay_types":"LCCP","dedicated":false,"status":"installed","ward":"Maida Vale","cp_ids":"602863"}},{"type":"Feature","id":1818,"geometry":{"type":"Point","coordinates":[-0.187392,51.531129]},"properties":{"site":"Randolph Avenue","location":"At Or Outside 204","lamp_column":"8","operator":"Shell Recharge","speed_class":"lccp","speeds":"5.5kW","bays":1,"bay_types":"LCCP","dedicated":false,"status":"installed","ward":"Maida Vale","cp_ids":"602862"}},{"type":"Feature","id":1819,"geometry":{"type":"Point","coordinates":[-0.188177,51.531618]},"properties":{"site":"Randolph Avenue","location":"At Or Outside 209","lamp_column":"6","operator":"Shell Recharge","speed_class":"lccp","speeds":"5.5kW","bays":1,"bay_types":"LCCP - Dedicated","dedicated":true,"status":"installed","ward":"Maida Vale","cp_ids":"602091"}},{"type":"Feature","id":1820,"geometry":{"type":"Point","coordinates":[-0.179814,51.524827]},"properties":{"site":"Randolph Avenue","location":"At Or Outside 21","lamp_column":"35","operator":"Shell Recharge","speed_class":"lccp","speeds":"5.5kW","bays":1,"bay_types":"LCCP - Dedicated","dedicated":true,"status":"installed","ward":"Little Venice","cp_ids":"602873"}},{"type":"Feature","id":1821,"geometry":{"type":"Point","coordinates":[-0.188447,51.531845]},"properties":{"site":"Randolph Avenue","location":"At Or Outside 213","lamp_column":"5","operator":"Shell Recharge","speed_class":"lccp","speeds":"5.5kW","bays":1,"bay_types":"LCCP","dedicated":false,"status":"installed","ward":"Maida Vale","cp_ids":"602407"}},{"type":"Feature","id":1822,"geometry":{"type":"Point","coordinates":[-0.188652,51.532019]},"properties":{"site":"Randolph Avenue","location":"At Or Outside 217","lamp_column":"4","operator":"Shell Recharge","speed_class":"lccp","speeds":"5.5kW","bays":1,"bay_types":"LCCP - Dedicated","dedicated":true,"status":"installed","ward":"Maida Vale","cp_ids":"602406"}},{"type":"Feature","id":1823,"geometry":{"type":"Point","coordinates":[-0.179536,51.524823]},"properties":{"site":"Randolph Avenue","location":"At Or Outside 22","lamp_column":"36","operator":"Shell Recharge","speed_class":"lccp","speeds":"5.5kW","bays":1,"bay_types":"LCCP","dedicated":false,"status":"installed","ward":"Little Venice","cp_ids":"606734"}},{"type":"Feature","id":1824,"geometry":{"type":"Point","coordinates":[-0.189043,51.532363]},"properties":{"site":"Randolph Avenue","location":"At Or Outside 225","lamp_column":"2","operator":"Shell Recharge","speed_class":"lccp","speeds":"5.5kW","bays":1,"bay_types":"LCCP","dedicated":false,"status":"installed","ward":"Maida Vale","cp_ids":"807416"}},{"type":"Feature","id":1825,"geometry":{"type":"Point","coordinates":[-0.188799,51.532328]},"properties":{"site":"Randolph Avenue","location":"At Or Outside 258","lamp_column":"3","operator":"Shell Recharge","speed_class":"lccp","speeds":"5.5kW","bays":1,"bay_types":"LCCP","dedicated":false,"status":"installed","ward":"Maida Vale","cp_ids":"602405"}},{"type":"Feature","id":1826,"geometry":{"type":"Point","coordinates":[-0.180574,51.525647]},"properties":{"site":"Randolph Avenue","location":"At Or Outside 34","lamp_column":"32","operator":"Shell Recharge","speed_class":"lccp","speeds":"5.5kW","bays":1,"bay_types":"LCCP - Dedicated","dedicated":true,"status":"installed","ward":"Little Venice","cp_ids":"606735"}},{"type":"Feature","id":1827,"geometry":{"type":"Point","coordinates":[-0.180832,51.525847]},"properties":{"site":"Randolph Avenue","location":"At Or Outside 44","lamp_column":"31","operator":"Shell Recharge","speed_class":"lccp","speeds":"5.5kW","bays":1,"bay_types":"LCCP","dedicated":false,"status":"installed","ward":"Little Venice","cp_ids":"801944"}},{"type":"Feature","id":1828,"geometry":{"type":"Point","coordinates":[-0.178934,51.524365]},"properties":{"site":"Randolph Avenue","location":"At Or Outside 8","lamp_column":"38","operator":"Shell Recharge","speed_class":"lccp","speeds":"5.5kW","bays":1,"bay_types":"LCCP","dedicated":false,"status":"installed","ward":"Little Venice","cp_ids":null}},{"type":"Feature","id":1829,"geometry":{"type":"Point","coordinates":[-0.183657,51.527866]},"properties":{"site":"Randolph Avenue","location":"At Or Outside 81","lamp_column":"23","operator":"Shell Recharge","speed_class":"lccp","speeds":"5.5kW","bays":1,"bay_types":"LCCP","dedicated":false,"status":"installed","ward":"Maida Vale","cp_ids":"602870"}},{"type":"Feature","id":1830,"geometry":{"type":"Point","coordinates":[-0.182168,51.526864]},"properties":{"site":"Randolph Avenue","location":"At Or Outside 88","lamp_column":"27","operator":"Shell Recharge","speed_class":"lccp","speeds":"5.5kW","bays":1,"bay_types":"LCCP - Dedicated","dedicated":true,"status":"installed","ward":"Little Venice","cp_ids":"602090"}},{"type":"Feature","id":1831,"geometry":{"type":"Point","coordinates":[-0.179359,51.524499]},"properties":{"site":"Randolph Avenue","location":"At Or Outside 9","lamp_column":"37","operator":"Shell Recharge","speed_class":"lccp","speeds":"5.5kW","bays":1,"bay_types":"LCCP","dedicated":false,"status":"installed","ward":"Little Venice","cp_ids":"807014"}},{"type":"Feature","id":1832,"geometry":{"type":"Point","coordinates":[-0.184298,51.528387]},"properties":{"site":"Randolph Avenue","location":"At Or Outside 99","lamp_column":"21","operator":"Shell Recharge","speed_class":"lccp","speeds":"5.5kW","bays":1,"bay_types":"LCCP - Dedicated","dedicated":true,"status":"installed","ward":"Maida Vale","cp_ids":"606736"}},{"type":"Feature","id":1833,"geometry":{"type":"Point","coordinates":[-0.189179,51.53258]},"properties":{"site":"Randolph Avenue","location":"End Bay At Junction With Carlton Vale","lamp_column":null,"operator":"To be confirmed","speed_class":"rapid","speeds":"50kW","bays":1,"bay_types":"EV Bay","dedicated":true,"status":"planned","ward":"Maida Vale","cp_ids":"TBC"}},{"type":"Feature","id":1834,"geometry":{"type":"Point","coordinates":[-0.178887,51.524143]},"properties":{"site":"Randolph Avenue","location":"Opposite 14 Bloomfield Road","lamp_column":"39","operator":"Shell Recharge","speed_class":"lccp","speeds":"5.5kW","bays":1,"bay_types":"LCCP","dedicated":false,"status":"installed","ward":"Little Venice","cp_ids":"807433"}},{"type":"Feature","id":1835,"geometry":{"type":"Point","coordinates":[-0.18639,51.530271]},"properties":{"site":"Randolph Avenue","location":"Opposite 171","lamp_column":"12","operator":"Shell Recharge","speed_class":"lccp","speeds":"5.5kW","bays":1,"bay_types":"LCCP","dedicated":false,"status":"installed","ward":"Maida Vale","cp_ids":"809624"}},{"type":"Feature","id":1836,"geometry":{"type":"Point","coordinates":[-0.182071,51.526616]},"properties":{"site":"Randolph Avenue","location":"Opposite No. 30","lamp_column":"28","operator":"Shell Recharge","speed_class":"lccp","speeds":"5.5kW","bays":1,"bay_types":"LCCP","dedicated":false,"status":"installed","ward":"Little Venice","cp_ids":"602089"}},{"type":"Feature","id":1837,"geometry":{"type":"Point","coordinates":[-0.178723,51.524121]},"properties":{"site":"Randolph Avenue","location":"Side Of 14 Bloomfield Road","lamp_column":null,"operator":"TotalEnergies","speed_class":"fast","speeds":"22kW","bays":2,"bay_types":"EV Bay","dedicated":true,"status":"installed","ward":"Little Venice","cp_ids":null}},{"type":"Feature","id":1838,"geometry":{"type":"Point","coordinates":[-0.182435,51.524727]},"properties":{"site":"Randolph Crescent","location":"At Or Outside 1","lamp_column":"8","operator":"Shell Recharge","speed_class":"lccp","speeds":"5.5kW","bays":1,"bay_types":"LCCP - Dedicated","dedicated":true,"status":"installed","ward":"Little Venice","cp_ids":"602210"}},{"type":"Feature","id":1839,"geometry":{"type":"Point","coordinates":[-0.182236,51.525631]},"properties":{"site":"Randolph Crescent","location":"At Or Outside 18","lamp_column":"4","operator":"Shell Recharge","speed_class":"lccp","speeds":"5.5kW","bays":1,"bay_types":"LCCP","dedicated":false,"status":"installed","ward":"Little Venice","cp_ids":"807017"}},{"type":"Feature","id":1840,"geometry":{"type":"Point","coordinates":[-0.182451,51.525443]},"properties":{"site":"Randolph Crescent","location":"At Or Outside 19","lamp_column":"5","operator":"Shell Recharge","speed_class":"lccp","speeds":"5.5kW","bays":1,"bay_types":"LCCP","dedicated":false,"status":"installed","ward":"Little Venice","cp_ids":"807019"}},{"type":"Feature","id":1841,"geometry":{"type":"Point","coordinates":[-0.182324,51.525816]},"properties":{"site":"Randolph Crescent","location":"At Or Outside 27","lamp_column":"3","operator":"Shell Recharge","speed_class":"lccp","speeds":"5.5kW","bays":1,"bay_types":"LCCP","dedicated":false,"status":"installed","ward":"Little Venice","cp_ids":"801861"}},{"type":"Feature","id":1842,"geometry":{"type":"Point","coordinates":[-0.1825,51.524941]},"properties":{"site":"Randolph Crescent","location":"At Or Outside 7","lamp_column":"7","operator":"Shell Recharge","speed_class":"lccp","speeds":"5.5kW","bays":1,"bay_types":"LCCP - Dedicated","dedicated":true,"status":"installed","ward":"Little Venice","cp_ids":"602211"}},{"type":"Feature","id":1843,"geometry":{"type":"Point","coordinates":[-0.182342,51.525133]},"properties":{"site":"Randolph Crescent","location":"At Or Outside 8","lamp_column":"6","operator":"Shell Recharge","speed_class":"lccp","speeds":"5.5kW","bays":1,"bay_types":"LCCP - Dedicated","dedicated":true,"status":"installed","ward":"Little Venice","cp_ids":"606864"}},{"type":"Feature","id":1844,"geometry":{"type":"Point","coordinates":[-0.182015,51.526307]},"properties":{"site":"Randolph Crescent","location":"Opposite 28","lamp_column":"1","operator":"Shell Recharge","speed_class":"lccp","speeds":"5.5kW","bays":1,"bay_types":"LCCP - Dedicated","dedicated":true,"status":"installed","ward":"Little Venice","cp_ids":"603339"}},{"type":"Feature","id":1845,"geometry":{"type":"Point","coordinates":[-0.181987,51.526116]},"properties":{"site":"Randolph Crescent","location":"Opposite 35","lamp_column":"2","operator":"Shell Recharge","speed_class":"lccp","speeds":"5.5kW","bays":1,"bay_types":"LCCP","dedicated":false,"status":"installed","ward":"Little Venice","cp_ids":"805073"}},{"type":"Feature","id":1846,"geometry":{"type":"Point","coordinates":[-0.190988,51.53411]},"properties":{"site":"Randolph Gardens","location":"At J/W Kilburn Park Road","lamp_column":null,"operator":"To be confirmed","speed_class":"rapid","speeds":"50-100kW","bays":1,"bay_types":"EV Bay","dedicated":true,"status":"planned","ward":"Maida Vale","cp_ids":null}},{"type":"Feature","id":1847,"geometry":{"type":"Point","coordinates":[-0.189944,51.533298]},"properties":{"site":"Randolph Gardens","location":"At Or Outside 4","lamp_column":"4","operator":"Shell Recharge","speed_class":"lccp","speeds":"5.5kW","bays":1,"bay_types":"LCCP - Dedicated","dedicated":true,"status":"installed","ward":"Maida Vale","cp_ids":"602429"}},{"type":"Feature","id":1848,"geometry":{"type":"Point","coordinates":[-0.189814,51.533011]},"properties":{"site":"Randolph Gardens","location":"At Or Outside 5 Thurso House","lamp_column":"5","operator":"Shell Recharge","speed_class":"lccp","speeds":"5.5kW","bays":1,"bay_types":"LCCP","dedicated":false,"status":"installed","ward":"Maida Vale","cp_ids":null}},{"type":"Feature","id":1849,"geometry":{"type":"Point","coordinates":[-0.190985,51.534135]},"properties":{"site":"Randolph Gardens","location":"At Or Outside Torridon House","lamp_column":"1","operator":"Shell Recharge","speed_class":"lccp","speeds":"5.5kW","bays":1,"bay_types":"LCCP - Dedicated","dedicated":true,"status":"installed","ward":"Maida Vale","cp_ids":"602430"}},{"type":"Feature","id":1850,"geometry":{"type":"Point","coordinates":[-0.190333,51.533612]},"properties":{"site":"Randolph Gardens","location":"At Or Outside Torridon House","lamp_column":"3","operator":"Shell Recharge","speed_class":"lccp","speeds":"5.5kW","bays":1,"bay_types":"LCCP - Dedicated","dedicated":true,"status":"installed","ward":"Maida Vale","cp_ids":"602431"}},{"type":"Feature","id":1851,"geometry":{"type":"Point","coordinates":[-0.189589,51.532824]},"properties":{"site":"Randolph Gardens","location":"Junction With Carlton Vale O/S No.1 Thurso House","lamp_column":"6","operator":"Shell Recharge","speed_class":"lccp","speeds":"5.5kW","bays":1,"bay_types":"LCCP","dedicated":false,"status":"installed","ward":"Maida Vale","cp_ids":"807012"}},{"type":"Feature","id":1852,"geometry":{"type":"Point","coordinates":[-0.181455,51.523744]},"properties":{"site":"Randolph Road","location":"At Or Outside 15","lamp_column":"4","operator":"Shell Recharge","speed_class":"lccp","speeds":"5.5kW","bays":1,"bay_types":"LCCP","dedicated":false,"status":"installed","ward":"Little Venice","cp_ids":"807985"}},{"type":"Feature","id":1853,"geometry":{"type":"Point","coordinates":[-0.18095,51.52339]},"properties":{"site":"Randolph Road","location":"At Or Outside 21","lamp_column":"6","operator":"Shell Recharge","speed_class":"lccp","speeds":"5.5kW","bays":1,"bay_types":"LCCP","dedicated":false,"status":"installed","ward":"Little Venice","cp_ids":"807981"}},{"type":"Feature","id":1854,"geometry":{"type":"Point","coordinates":[-0.18049,51.523084]},"properties":{"site":"Randolph Road","location":"At Or Outside 25","lamp_column":"8","operator":"Shell Recharge","speed_class":"lccp","speeds":"5.5kW","bays":1,"bay_types":"LCCP","dedicated":false,"status":"installed","ward":"Little Venice","cp_ids":"807980"}},{"type":"Feature","id":1855,"geometry":{"type":"Point","coordinates":[-0.181045,51.52365]},"properties":{"site":"Randolph Road","location":"At Or Outside 3","lamp_column":"5","operator":"Shell Recharge","speed_class":"lccp","speeds":"5.5kW","bays":1,"bay_types":"LCCP - Dedicated","dedicated":true,"status":"installed","ward":"Little Venice","cp_ids":"602095"}},{"type":"Feature","id":1856,"geometry":{"type":"Point","coordinates":[-0.181515,51.523975]},"properties":{"site":"Randolph Road","location":"At Or Outside 6","lamp_column":"3","operator":"Shell Recharge","speed_class":"lccp","speeds":"5.5kW","bays":1,"bay_types":"LCCP - Dedicated","dedicated":true,"status":"installed","ward":"Little Venice","cp_ids":"602096"}},{"type":"Feature","id":1857,"geometry":{"type":"Point","coordinates":[-0.181953,51.524104]},"properties":{"site":"Randolph Road","location":"At Or Outside 9a","lamp_column":"2","operator":"Shell Recharge","speed_class":"lccp","speeds":"5.5kW","bays":1,"bay_types":"LCCP","dedicated":false,"status":"installed","ward":"Little Venice","cp_ids":"807982"}},{"type":"Feature","id":1858,"geometry":{"type":"Point","coordinates":[-0.181951,51.524286]},"properties":{"site":"Randolph Road","location":"At Or Outside Co 8a","lamp_column":"1","operator":"Shell Recharge","speed_class":"lccp","speeds":"5.5kW","bays":1,"bay_types":"LCCP","dedicated":false,"status":"installed","ward":"Little Venice","cp_ids":"602097"}},{"type":"Feature","id":1859,"geometry":{"type":"Point","coordinates":[-0.180498,51.52326]},"properties":{"site":"Randolph Road","location":"Opposite 25","lamp_column":"7","operator":"Shell Recharge","speed_class":"lccp","speeds":"5.5kW","bays":1,"bay_types":"LCCP","dedicated":false,"status":"installed","ward":"Little Venice","cp_ids":"807983"}},{"type":"Feature","id":1860,"geometry":{"type":"Point","coordinates":[-0.139144,51.487742]},"properties":{"site":"Ranelagh Road","location":"At Or Outside 3","lamp_column":"1","operator":"Shell Recharge","speed_class":"lccp","speeds":"5.5kW","bays":1,"bay_types":"LCCP","dedicated":false,"status":"installed","ward":"Pimlico South","cp_ids":"801684"}},{"type":"Feature","id":1861,"geometry":{"type":"Point","coordinates":[-0.162578,51.501288]},"properties":{"site":"Raphael Street","location":"Behind 171 Knightsbridge","lamp_column":null,"operator":"TotalEnergies","speed_class":"fast","speeds":"22kW","bays":2,"bay_types":"EV Bay","dedicated":true,"status":"installed","ward":"Knightsbridge & Belgravia","cp_ids":null}},{"type":"Feature","id":1862,"geometry":{"type":"Point","coordinates":[-0.155076,51.513136]},"properties":{"site":"Red Place","location":"O/S 1 Red Place","lamp_column":"3","operator":"Shell Recharge","speed_class":"lccp","speeds":"5.5kW","bays":1,"bay_types":"LCCP","dedicated":false,"status":"installed","ward":"West End","cp_ids":"807917"}},{"type":"Feature","id":1863,"geometry":{"type":"Point","coordinates":[-0.155137,51.512968]},"properties":{"site":"Red Place","location":"Opposite 11","lamp_column":"2","operator":"Shell Recharge","speed_class":"lccp","speeds":"5.5kW","bays":1,"bay_types":"LCCP","dedicated":false,"status":"installed","ward":"West End","cp_ids":"807517"}},{"type":"Feature","id":1864,"geometry":{"type":"Point","coordinates":[-0.132367,51.494746]},"properties":{"site":"Regency Place","location":"Opposite 106 Horseferry Road","lamp_column":null,"operator":"ESB","speed_class":"rapid","speeds":"50kW","bays":3,"bay_types":"EV Taxi","dedicated":true,"status":"installed","ward":"Vincent Square","cp_ids":"UT05ZY, UT068S, UT09A4"}},{"type":"Feature","id":1865,"geometry":{"type":"Point","coordinates":[-0.132277,51.492615]},"properties":{"site":"Regency Street","location":"Opp Hide Tower Near J/W Chapter Street","lamp_column":null,"operator":"To be confirmed","speed_class":"rapid","speeds":"50kW","bays":1,"bay_types":"EV Bay","dedicated":true,"status":"planned","ward":"Vincent Square","cp_ids":"TBC"}},{"type":"Feature","id":1866,"geometry":{"type":"Point","coordinates":[-0.132241,51.492528]},"properties":{"site":"Regency Street","location":"Opposite Hide Tower","lamp_column":"11","operator":"Shell Recharge","speed_class":"lccp","speeds":"5.5kW","bays":1,"bay_types":"LCCP - Dedicated","dedicated":true,"status":"installed","ward":"Vincent Square","cp_ids":"606705"}},{"type":"Feature","id":1867,"geometry":{"type":"Point","coordinates":[-0.154392,51.517106]},"properties":{"site":"Robert Adam Street","location":"At Or Outside 7-8","lamp_column":"2","operator":"Shell Recharge","speed_class":"lccp","speeds":"5.5kW","bays":1,"bay_types":"LCCP","dedicated":false,"status":"installed","ward":"Marylebone","cp_ids":"807474"}},{"type":"Feature","id":1868,"geometry":{"type":"Point","coordinates":[-0.135259,51.495901]},"properties":{"site":"Rochester Row","location":"Outside 33 Greycoat Street","lamp_column":"2","operator":"Shell Recharge","speed_class":"lccp","speeds":"5.5kW","bays":1,"bay_types":"LCCP","dedicated":false,"status":"installed","ward":"Vincent Square","cp_ids":"805210"}},{"type":"Feature","id":1869,"geometry":{"type":"Point","coordinates":[-0.135586,51.495742]},"properties":{"site":"Rochester Row","location":"Outside Sainsbury’s","lamp_column":"3","operator":"Shell Recharge","speed_class":"lccp","speeds":"5.5kW","bays":1,"bay_types":"LCCP - Dedicated","dedicated":true,"status":"installed","ward":"Vincent Square","cp_ids":"605367"}},{"type":"Feature","id":1870,"geometry":{"type":"Point","coordinates":[-0.157478,51.518742]},"properties":{"site":"Rodmarton Street","location":"O/P No.11","lamp_column":"5","operator":"Shell Recharge","speed_class":"lccp","speeds":"5.5kW","bays":1,"bay_types":"LCCP","dedicated":false,"status":"installed","ward":"Marylebone","cp_ids":"807205"}},{"type":"Feature","id":1871,"geometry":{"type":"Point","coordinates":[-0.157362,51.518503]},"properties":{"site":"Rodmarton Street","location":"O/P No.35","lamp_column":"4","operator":"Shell Recharge","speed_class":"lccp","speeds":"5.5kW","bays":1,"bay_types":"LCCP","dedicated":false,"status":"installed","ward":"Marylebone","cp_ids":"807207"}},{"type":"Feature","id":1872,"geometry":{"type":"Point","coordinates":[-0.157293,51.518359]},"properties":{"site":"Rodmarton Street","location":"O/P No.40","lamp_column":"3","operator":"Shell Recharge","speed_class":"lccp","speeds":"5.5kW","bays":1,"bay_types":"LCCP","dedicated":false,"status":"installed","ward":"Marylebone","cp_ids":"801697"}},{"type":"Feature","id":1873,"geometry":{"type":"Point","coordinates":[-0.161851,51.525563]},"properties":{"site":"Rossmore Road","location":"At J/W Gloucester Place","lamp_column":null,"operator":"To be confirmed","speed_class":"rapid","speeds":"50kW","bays":1,"bay_types":"EV Bay","dedicated":true,"status":"planned","ward":"Regent's Park","cp_ids":"TBC"}},{"type":"Feature","id":1874,"geometry":{"type":"Point","coordinates":[-0.16185,51.525562]},"properties":{"site":"Rossmore Road","location":"At J/W Gloucester Place","lamp_column":null,"operator":"To be confirmed","speed_class":"rapid","speeds":"50-100kW","bays":1,"bay_types":"EV Bay","dedicated":true,"status":"planned","ward":"Regent's Park","cp_ids":null}},{"type":"Feature","id":1875,"geometry":{"type":"Point","coordinates":[-0.164653,51.525075]},"properties":{"site":"Rossmore Road","location":"At J/W Lilestone Street","lamp_column":null,"operator":"ESB","speed_class":"rapid","speeds":"50kW","bays":1,"bay_types":"EV Bay","dedicated":true,"status":"installed","ward":"Church Street","cp_ids":"UT02GS"}},{"type":"Feature","id":1876,"geometry":{"type":"Point","coordinates":[-0.164665,51.525121]},"properties":{"site":"Rossmore Road","location":"At Or Outside 20yds From Sl10","lamp_column":"12","operator":"Shell Recharge","speed_class":"lccp","speeds":"5.5kW","bays":1,"bay_types":"LCCP","dedicated":false,"status":"installed","ward":"Church Street","cp_ids":"606586"}},{"type":"Feature","id":1877,"geometry":{"type":"Point","coordinates":[-0.163777,51.525167]},"properties":{"site":"Rossmore Road","location":"At Or Outside 48","lamp_column":"15","operator":"Shell Recharge","speed_class":"lccp","speeds":"5.5kW","bays":1,"bay_types":"LCCP","dedicated":false,"status":"installed","ward":"Regent's Park","cp_ids":"606589"}},{"type":"Feature","id":1878,"geometry":{"type":"Point","coordinates":[-0.165013,51.525054]},"properties":{"site":"Rossmore Road","location":"At Or Outside 50yds From Sl9","lamp_column":"10","operator":"Shell Recharge","speed_class":"lccp","speeds":"5.5kW","bays":1,"bay_types":"LCCP - Dedicated","dedicated":true,"status":"installed","ward":"Church Street","cp_ids":"606585"}},{"type":"Feature","id":1879,"geometry":{"type":"Point","coordinates":[-0.165973,51.524662]},"properties":{"site":"Rossmore Road","location":"At Or Outside 9a","lamp_column":"5","operator":"Shell Recharge","speed_class":"lccp","speeds":"5.5kW","bays":1,"bay_types":"LCCP - Dedicated","dedicated":true,"status":"installed","ward":"Regent's Park","cp_ids":"602750"}},{"type":"Feature","id":1880,"geometry":{"type":"Point","coordinates":[-0.163094,51.525288]},"properties":{"site":"Rossmore Road","location":"At Or Outside Palgrave Gardens","lamp_column":"18","operator":"Shell Recharge","speed_class":"lccp","speeds":"5.5kW","bays":1,"bay_types":"LCCP - Dedicated","dedicated":true,"status":"installed","ward":"Regent's Park","cp_ids":"602530"}},{"type":"Feature","id":1881,"geometry":{"type":"Point","coordinates":[-0.162461,51.525456]},"properties":{"site":"Rossmore Road","location":"O/S 61","lamp_column":null,"operator":"To be confirmed","speed_class":"rapid","speeds":"50kW","bays":1,"bay_types":"EV Bay","dedicated":true,"status":"planned","ward":"Regent's Park","cp_ids":"TBC"}},{"type":"Feature","id":1882,"geometry":{"type":"Point","coordinates":[-0.162459,51.525453]},"properties":{"site":"Rossmore Road","location":"O/S 61","lamp_column":null,"operator":"To be confirmed","speed_class":"rapid","speeds":"50-100kW","bays":1,"bay_types":"EV Bay","dedicated":true,"status":"planned","ward":"Regent's Park","cp_ids":null}},{"type":"Feature","id":1883,"geometry":{"type":"Point","coordinates":[-0.166918,51.524358]},"properties":{"site":"Rossmore Road","location":"Opposite 2","lamp_column":"2","operator":"Shell Recharge","speed_class":"lccp","speeds":"5.5kW","bays":1,"bay_types":"LCCP","dedicated":false,"status":"installed","ward":"Church Street","cp_ids":"805290"}},{"type":"Feature","id":1884,"geometry":{"type":"Point","coordinates":[-0.188896,51.522303]},"properties":{"site":"Rowington Close","location":"At Or O/S St Marys Church Behind School On F/Path","lamp_column":"4","operator":"Shell Recharge","speed_class":"lccp","speeds":"5.5kW","bays":1,"bay_types":"LCCP","dedicated":false,"status":"installed","ward":"Westbourne","cp_ids":"806946"}},{"type":"Feature","id":1885,"geometry":{"type":"Point","coordinates":[-0.188865,51.52193]},"properties":{"site":"Rowington Close","location":"Junction Of Senior St","lamp_column":"1","operator":"Shell Recharge","speed_class":"lccp","speeds":"5.5kW","bays":1,"bay_types":"LCCP","dedicated":false,"status":"installed","ward":"Westbourne","cp_ids":"806948"}},{"type":"Feature","id":1886,"geometry":{"type":"Point","coordinates":[-0.18889,51.522163]},"properties":{"site":"Rowington Close","location":"O/S 48-55","lamp_column":"2","operator":"Shell Recharge","speed_class":"lccp","speeds":"5.5kW","bays":1,"bay_types":"LCCP","dedicated":false,"status":"installed","ward":"Westbourne","cp_ids":"806947"}},{"type":"Feature","id":1887,"geometry":{"type":"Point","coordinates":[-0.132688,51.494312]},"properties":{"site":"Rutherford Street","location":"At Or Outside Carey Mansions 1-8","lamp_column":"2","operator":"Shell Recharge","speed_class":"lccp","speeds":"5.5kW","bays":1,"bay_types":"LCCP","dedicated":false,"status":"installed","ward":"Vincent Square","cp_ids":"606702"}},{"type":"Feature","id":1888,"geometry":{"type":"Point","coordinates":[-0.167946,51.499339]},"properties":{"site":"Rutland Gate","location":"At Or Outside 41                                                                                                               Grade Ii   Listed As Per Historic Englad Ref: 1235392","lamp_column":"14","operator":"Shell Recharge","speed_class":"lccp","speeds":"5.5kW","bays":1,"bay_types":"LCCP","dedicated":false,"status":"installed","ward":"Knightsbridge & Belgravia","cp_ids":"801664"}},{"type":"Feature","id":1889,"geometry":{"type":"Point","coordinates":[-0.168368,51.499129]},"properties":{"site":"Rutland Gate","location":"At Or Outside 48c","lamp_column":"16","operator":"Shell Recharge","speed_class":"lccp","speeds":"5.5kW","bays":1,"bay_types":"LCCP","dedicated":false,"status":"installed","ward":"Knightsbridge & Belgravia","cp_ids":"801665"}},{"type":"Feature","id":1890,"geometry":{"type":"Point","coordinates":[-0.167937,51.501314]},"properties":{"site":"Rutland Gate","location":"At Or Outside 7 Listed Historic England 1235359 Grade Ii","lamp_column":"3","operator":"Shell Recharge","speed_class":"lccp","speeds":"5.5kW","bays":1,"bay_types":"LCCP - Dedicated","dedicated":true,"status":"installed","ward":"Knightsbridge & Belgravia","cp_ids":"606762"}},{"type":"Feature","id":1891,"geometry":{"type":"Point","coordinates":[-0.168324,51.500876]},"properties":{"site":"Rutland Gate","location":"At Or Outside Co 22","lamp_column":"24","operator":"Shell Recharge","speed_class":"lccp","speeds":"5.5kW","bays":1,"bay_types":"LCCP - Dedicated","dedicated":true,"status":"installed","ward":"Knightsbridge & Belgravia","cp_ids":"602755"}},{"type":"Feature","id":1892,"geometry":{"type":"Point","coordinates":[-0.168447,51.501458]},"properties":{"site":"Rutland Gate","location":"Opposite 3                                                                                                                         Grade Ii   Listed As Per Historic Englad Ref: 1235365","lamp_column":"27","operator":"Shell Recharge","speed_class":"lccp","speeds":"5.5kW","bays":1,"bay_types":"LCCP - Dedicated","dedicated":true,"status":"installed","ward":"Knightsbridge & Belgravia","cp_ids":"606993"}},{"type":"Feature","id":1893,"geometry":{"type":"Point","coordinates":[-0.170256,51.518256]},"properties":{"site":"Sale Place","location":"Opposite 27a","lamp_column":"6","operator":"Shell Recharge","speed_class":"lccp","speeds":"5.5kW","bays":1,"bay_types":"LCCP","dedicated":false,"status":"installed","ward":"Hyde Park","cp_ids":"807883"}},{"type":"Feature","id":1894,"geometry":{"type":"Point","coordinates":[-0.188732,51.513084]},"properties":{"site":"Salem Road","location":"At Or Outside 5","lamp_column":"2","operator":"Shell Recharge","speed_class":"lccp","speeds":"5.5kW","bays":1,"bay_types":"LCCP - Dedicated","dedicated":true,"status":"installed","ward":"Lancaster Gate","cp_ids":"606531"}},{"type":"Feature","id":1895,"geometry":{"type":"Point","coordinates":[-0.188585,51.512772]},"properties":{"site":"Salem Road","location":"Side Of Moscow Road","lamp_column":"4","operator":"Shell Recharge","speed_class":"lccp","speeds":"5.5kW","bays":1,"bay_types":"LCCP","dedicated":false,"status":"installed","ward":"Lancaster Gate","cp_ids":null}},{"type":"Feature","id":1896,"geometry":{"type":"Point","coordinates":[-0.199115,51.530682]},"properties":{"site":"Saltram Crescent","location":"At Or Outside 101","lamp_column":"12","operator":"Shell Recharge","speed_class":"lccp","speeds":"5.5kW","bays":1,"bay_types":"LCCP","dedicated":false,"status":"installed","ward":"Harrow Road","cp_ids":"603331"}},{"type":"Feature","id":1897,"geometry":{"type":"Point","coordinates":[-0.20161,51.531802]},"properties":{"site":"Saltram Crescent","location":"At Or Outside 112","lamp_column":"4","operator":"Shell Recharge","speed_class":"lccp","speeds":"5.5kW","bays":1,"bay_types":"LCCP","dedicated":false,"status":"installed","ward":"Harrow Road","cp_ids":"602418"}},{"type":"Feature","id":1898,"geometry":{"type":"Point","coordinates":[-0.201815,51.531968]},"properties":{"site":"Saltram Crescent","location":"At Or Outside 171","lamp_column":"3","operator":"Shell Recharge","speed_class":"lccp","speeds":"5.5kW","bays":1,"bay_types":"LCCP - Dedicated","dedicated":true,"status":"installed","ward":"Harrow Road","cp_ids":"602419"}},{"type":"Feature","id":1899,"geometry":{"type":"Point","coordinates":[-0.198336,51.528693]},"properties":{"site":"Saltram Crescent","location":"At Or Outside 21","lamp_column":"21","operator":"Shell Recharge","speed_class":"lccp","speeds":"5.5kW","bays":1,"bay_types":"LCCP","dedicated":false,"status":"installed","ward":"Harrow Road","cp_ids":"806213"}},{"type":"Feature","id":1900,"geometry":{"type":"Point","coordinates":[-0.198358,51.528153]},"properties":{"site":"Saltram Crescent","location":"At Or Outside 221b","lamp_column":"23","operator":"Shell Recharge","speed_class":"lccp","speeds":"5.5kW","bays":1,"bay_types":"LCCP","dedicated":false,"status":"installed","ward":"Harrow Road","cp_ids":"809497"}},{"type":"Feature","id":1901,"geometry":{"type":"Point","coordinates":[-0.198852,51.530422]},"properties":{"site":"Saltram Crescent","location":"At Or Outside 38","lamp_column":"13","operator":"Shell Recharge","speed_class":"lccp","speeds":"5.5kW","bays":1,"bay_types":"LCCP","dedicated":false,"status":"installed","ward":"Harrow Road","cp_ids":"806214"}},{"type":"Feature","id":1902,"geometry":{"type":"Point","coordinates":[-0.19829,51.529414]},"properties":{"site":"Saltram Crescent","location":"At Or Outside 45","lamp_column":"18","operator":"Shell Recharge","speed_class":"lccp","speeds":"5.5kW","bays":1,"bay_types":"LCCP","dedicated":false,"status":"installed","ward":"Harrow Road","cp_ids":"806211"}},{"type":"Feature","id":1903,"geometry":{"type":"Point","coordinates":[-0.199531,51.530799]},"properties":{"site":"Saltram Crescent","location":"At Or Outside 58","lamp_column":"11","operator":"Shell Recharge","speed_class":"lccp","speeds":"5.5kW","bays":1,"bay_types":"LCCP","dedicated":false,"status":"installed","ward":"Harrow Road","cp_ids":"603332"}},{"type":"Feature","id":1904,"geometry":{"type":"Point","coordinates":[-0.200185,51.531118]},"properties":{"site":"Saltram Crescent","location":"At Or Outside 74","lamp_column":"9","operator":"Shell Recharge","speed_class":"lccp","speeds":"5.5kW","bays":1,"bay_types":"LCCP","dedicated":false,"status":"installed","ward":"Harrow Road","cp_ids":"602744"}},{"type":"Feature","id":1905,"geometry":{"type":"Point","coordinates":[-0.198393,51.53015]},"properties":{"site":"Saltram Crescent","location":"At Or Outside 75","lamp_column":"15","operator":"Shell Recharge","speed_class":"lccp","speeds":"5.5kW","bays":1,"bay_types":"LCCP","dedicated":false,"status":"installed","ward":"Harrow Road","cp_ids":"806215"}},{"type":"Feature","id":1906,"geometry":{"type":"Point","coordinates":[-0.200798,51.531415]},"properties":{"site":"Saltram Crescent","location":"At Or Outside 86/88","lamp_column":"7","operator":"Shell Recharge","speed_class":"lccp","speeds":"5.5kW","bays":1,"bay_types":"LCCP - Dedicated","dedicated":true,"status":"installed","ward":"Harrow Road","cp_ids":"602417"}},{"type":"Feature","id":1907,"geometry":{"type":"Point","coordinates":[-0.198291,51.528456]},"properties":{"site":"Saltram Crescent","location":"At Or Outside 9/11","lamp_column":"22","operator":"Shell Recharge","speed_class":"lccp","speeds":"5.5kW","bays":1,"bay_types":"LCCP - Dedicated","dedicated":true,"status":"installed","ward":"Harrow Road","cp_ids":"603342"}},{"type":"Feature","id":1908,"geometry":{"type":"Point","coordinates":[-0.198507,51.528976]},"properties":{"site":"Saltram Crescent","location":"At Or Outside Simon Court","lamp_column":"20","operator":"Shell Recharge","speed_class":"lccp","speeds":"5.5kW","bays":1,"bay_types":"LCCP","dedicated":false,"status":"installed","ward":"Harrow Road","cp_ids":"806217"}},{"type":"Feature","id":1909,"geometry":{"type":"Point","coordinates":[-0.140538,51.511078]},"properties":{"site":"Savile Row","location":"At Or Outside 14-15","lamp_column":"7","operator":"Shell Recharge","speed_class":"lccp","speeds":"5.5kW","bays":1,"bay_types":"LCCP","dedicated":false,"status":"installed","ward":"West End","cp_ids":"807516"}},{"type":"Feature","id":1910,"geometry":{"type":"Point","coordinates":[-0.176526,51.528078]},"properties":{"site":"Scott Ellis Gardens","location":"At Or Outside 202-229","lamp_column":"1","operator":"Shell Recharge","speed_class":"lccp","speeds":"5.5kW","bays":1,"bay_types":"LCCP","dedicated":false,"status":"installed","ward":"Abbey Road","cp_ids":"805040"}},{"type":"Feature","id":1911,"geometry":{"type":"Point","coordinates":[-0.206936,51.527471]},"properties":{"site":"Second Avenue","location":"At Or Outside 16/18","lamp_column":"4","operator":"Shell Recharge","speed_class":"lccp","speeds":"5.5kW","bays":1,"bay_types":"LCCP - Dedicated","dedicated":true,"status":"installed","ward":"Queen's Park","cp_ids":"605089"}},{"type":"Feature","id":1912,"geometry":{"type":"Point","coordinates":[-0.207059,51.527025]},"properties":{"site":"Second Avenue","location":"At Or Outside 32","lamp_column":"6","operator":"Shell Recharge","speed_class":"lccp","speeds":"5.5kW","bays":1,"bay_types":"LCCP","dedicated":false,"status":"installed","ward":"Queen's Park","cp_ids":"806777"}},{"type":"Feature","id":1913,"geometry":{"type":"Point","coordinates":[-0.206955,51.527884]},"properties":{"site":"Second Avenue","location":"At Or Outside 55/57","lamp_column":"2","operator":"Shell Recharge","speed_class":"lccp","speeds":"5.5kW","bays":1,"bay_types":"LCCP","dedicated":false,"status":"installed","ward":"Queen's Park","cp_ids":"605146"}},{"type":"Feature","id":1914,"geometry":{"type":"Point","coordinates":[-0.206782,51.528062]},"properties":{"site":"Second Avenue","location":"Near Caird Street","lamp_column":"1","operator":"Shell Recharge","speed_class":"lccp","speeds":"5.5kW","bays":1,"bay_types":"LCCP","dedicated":false,"status":"installed","ward":"Queen's Park","cp_ids":"806779"}},{"type":"Feature","id":1915,"geometry":{"type":"Point","coordinates":[-0.207119,51.526789]},"properties":{"site":"Second Avenue","location":"Opposite 3","lamp_column":"8","operator":"Shell Recharge","speed_class":"lccp","speeds":"5.5kW","bays":1,"bay_types":"LCCP","dedicated":false,"status":"installed","ward":"Queen's Park","cp_ids":"806776"}},{"type":"Feature","id":1916,"geometry":{"type":"Point","coordinates":[-0.207278,51.526677]},"properties":{"site":"Second Avenue","location":"Side Of 608 Harrow Rd","lamp_column":"9","operator":"Shell Recharge","speed_class":"lccp","speeds":"5.5kW","bays":1,"bay_types":"LCCP","dedicated":false,"status":"installed","ward":"Queen's Park","cp_ids":"806758"}},{"type":"Feature","id":1917,"geometry":{"type":"Point","coordinates":[-0.15028,51.492152]},"properties":{"site":"Semley Place","location":"Opposite Ebury Square","lamp_column":"4","operator":"Shell Recharge","speed_class":"lccp","speeds":"5.5kW","bays":1,"bay_types":"LCCP","dedicated":false,"status":"installed","ward":"Knightsbridge & Belgravia","cp_ids":"801689"}},{"type":"Feature","id":1918,"geometry":{"type":"Point","coordinates":[-0.190758,51.521306]},"properties":{"site":"Senior Street","location":"At Or Outside 18-32 Senior Street","lamp_column":"11","operator":"Shell Recharge","speed_class":"lccp","speeds":"5.5kW","bays":1,"bay_types":"LCCP - Dedicated","dedicated":true,"status":"installed","ward":"Westbourne","cp_ids":"606524"}},{"type":"Feature","id":1919,"geometry":{"type":"Point","coordinates":[-0.190485,51.521541]},"properties":{"site":"Senior Street","location":"At Or Outside 34-80 Senior Street","lamp_column":"9","operator":"Shell Recharge","speed_class":"lccp","speeds":"5.5kW","bays":1,"bay_types":"LCCP","dedicated":false,"status":"installed","ward":"Westbourne","cp_ids":"606525"}},{"type":"Feature","id":1920,"geometry":{"type":"Point","coordinates":[-0.18881,51.521818]},"properties":{"site":"Senior Street","location":"Opposite Rowington Close","lamp_column":"3","operator":"Shell Recharge","speed_class":"lccp","speeds":"5.5kW","bays":1,"bay_types":"LCCP - Dedicated","dedicated":true,"status":"installed","ward":"Westbourne","cp_ids":"606526"}},{"type":"Feature","id":1921,"geometry":{"type":"Point","coordinates":[-0.191751,51.524506]},"properties":{"site":"Sevington Street","location":"At Or Outside 4b","lamp_column":"4","operator":"Shell Recharge","speed_class":"lccp","speeds":"5.5kW","bays":1,"bay_types":"LCCP","dedicated":false,"status":"installed","ward":"Harrow Road","cp_ids":"806933"}},{"type":"Feature","id":1922,"geometry":{"type":"Point","coordinates":[-0.192243,51.52492]},"properties":{"site":"Sevington Street","location":"At Or Outside 75 Maryland Road","lamp_column":"1","operator":"Shell Recharge","speed_class":"lccp","speeds":"5.5kW","bays":1,"bay_types":"LCCP","dedicated":false,"status":"installed","ward":"Harrow Road","cp_ids":"806930"}},{"type":"Feature","id":1923,"geometry":{"type":"Point","coordinates":[-0.162419,51.517611]},"properties":{"site":"Seymour Place","location":"At Or Outside 101","lamp_column":"15","operator":"Shell Recharge","speed_class":"lccp","speeds":"5.5kW","bays":1,"bay_types":"LCCP","dedicated":false,"status":"installed","ward":"Marylebone","cp_ids":"801890"}},{"type":"Feature","id":1924,"geometry":{"type":"Point","coordinates":[-0.161473,51.515689]},"properties":{"site":"Seymour Place","location":"At Or Outside 34","lamp_column":"8","operator":"Shell Recharge","speed_class":"lccp","speeds":"5.5kW","bays":1,"bay_types":"LCCP","dedicated":false,"status":"installed","ward":"Marylebone","cp_ids":"807719"}},{"type":"Feature","id":1925,"geometry":{"type":"Point","coordinates":[-0.161756,51.516002]},"properties":{"site":"Seymour Place","location":"Opposite Bryanston Court","lamp_column":"9","operator":"Shell Recharge","speed_class":"lccp","speeds":"5.5kW","bays":1,"bay_types":"LCCP","dedicated":false,"status":"installed","ward":"Marylebone","cp_ids":"801892"}},{"type":"Feature","id":1926,"geometry":{"type":"Point","coordinates":[-0.158759,51.514728]},"properties":{"site":"Seymour Street","location":"At Or Outside 34","lamp_column":"16","operator":"Shell Recharge","speed_class":"lccp","speeds":"5.5kW","bays":1,"bay_types":"LCCP","dedicated":false,"status":"installed","ward":"Marylebone","cp_ids":"602441"}},{"type":"Feature","id":1927,"geometry":{"type":"Point","coordinates":[-0.162541,51.514107]},"properties":{"site":"Seymour Street","location":"At Or Outside Lanchester Court","lamp_column":"3","operator":"Shell Recharge","speed_class":"lccp","speeds":"5.5kW","bays":1,"bay_types":"LCCP","dedicated":false,"status":"installed","ward":"Hyde Park","cp_ids":"602386"}},{"type":"Feature","id":1928,"geometry":{"type":"Point","coordinates":[-0.157223,51.51489]},"properties":{"site":"Seymour Street","location":"At Or Outside Police Station","lamp_column":"22","operator":"Shell Recharge","speed_class":"lccp","speeds":"5.5kW","bays":1,"bay_types":"LCCP - Dedicated","dedicated":true,"status":"installed","ward":"West End","cp_ids":"602382"}},{"type":"Feature","id":1929,"geometry":{"type":"Point","coordinates":[-0.157871,51.514874]},"properties":{"site":"Seymour Street","location":"Near J/W Portman Square","lamp_column":"20","operator":"Shell Recharge","speed_class":"lccp","speeds":"5.5kW","bays":1,"bay_types":"LCCP","dedicated":false,"status":"installed","ward":"Marylebone","cp_ids":"602440"}},{"type":"Feature","id":1930,"geometry":{"type":"Point","coordinates":[-0.157497,51.514844]},"properties":{"site":"Seymour Street","location":"Opposite 12","lamp_column":"21","operator":"Shell Recharge","speed_class":"lccp","speeds":"5.5kW","bays":1,"bay_types":"LCCP","dedicated":false,"status":"installed","ward":"West End","cp_ids":"602439"}},{"type":"Feature","id":1931,"geometry":{"type":"Point","coordinates":[-0.162849,51.513951]},"properties":{"site":"Seymour Street","location":"Opposite 88","lamp_column":"2","operator":"Shell Recharge","speed_class":"lccp","speeds":"5.5kW","bays":1,"bay_types":"LCCP","dedicated":false,"status":"installed","ward":"Hyde Park","cp_ids":"602385"}},{"type":"Feature","id":1932,"geometry":{"type":"Point","coordinates":[-0.160409,51.514365]},"properties":{"site":"Seymour Street","location":"Outside York House","lamp_column":"10","operator":"Shell Recharge","speed_class":"lccp","speeds":"5.5kW","bays":1,"bay_types":"LCCP","dedicated":false,"status":"installed","ward":"West End","cp_ids":"602383"}},{"type":"Feature","id":1933,"geometry":{"type":"Point","coordinates":[-0.163148,51.514005]},"properties":{"site":"Seymour Street","location":"Side Of 1 Connaught Square","lamp_column":"1","operator":"Shell Recharge","speed_class":"lccp","speeds":"5.5kW","bays":1,"bay_types":"LCCP - Dedicated","dedicated":true,"status":"installed","ward":"Hyde Park","cp_ids":"602384"}},{"type":"Feature","id":1934,"geometry":{"type":"Point","coordinates":[-0.166282,51.53474]},"properties":{"site":"Shannon Place","location":"At Or Outside 72-81 Eamont Court","lamp_column":"2","operator":"Shell Recharge","speed_class":"lccp","speeds":"5.5kW","bays":1,"bay_types":"LCCP","dedicated":false,"status":"installed","ward":"Regent's Park","cp_ids":"801838"}},{"type":"Feature","id":1935,"geometry":{"type":"Point","coordinates":[-0.165917,51.534507]},"properties":{"site":"Shannon Place","location":"Near Jct Mackenal Street","lamp_column":"1","operator":"Shell Recharge","speed_class":"lccp","speeds":"5.5kW","bays":1,"bay_types":"LCCP","dedicated":false,"status":"installed","ward":"Regent's Park","cp_ids":"606961"}},{"type":"Feature","id":1936,"geometry":{"type":"Point","coordinates":[-0.200133,51.5278]},"properties":{"site":"Shirland Mews","location":"Opposite 33","lamp_column":"4","operator":"Shell Recharge","speed_class":"lccp","speeds":"5.5kW","bays":1,"bay_types":"LCCP","dedicated":false,"status":"installed","ward":"Harrow Road","cp_ids":"808085"}},{"type":"Feature","id":1937,"geometry":{"type":"Point","coordinates":[-0.19491,51.526934]},"properties":{"site":"Shirland Road","location":"At Or Outside 122","lamp_column":"27","operator":"Shell Recharge","speed_class":"lccp","speeds":"5.5kW","bays":1,"bay_types":"LCCP","dedicated":false,"status":"installed","ward":"Maida Vale","cp_ids":"805241"}},{"type":"Feature","id":1938,"geometry":{"type":"Point","coordinates":[-0.194106,51.526774]},"properties":{"site":"Shirland Road","location":"At Or Outside 137 Bcd","lamp_column":"29","operator":"Shell Recharge","speed_class":"lccp","speeds":"5.5kW","bays":1,"bay_types":"LCCP","dedicated":false,"status":"installed","ward":"Maida Vale","cp_ids":"805244"}},{"type":"Feature","id":1939,"geometry":{"type":"Point","coordinates":[-0.195809,51.527259]},"properties":{"site":"Shirland Road","location":"At Or Outside 148","lamp_column":"24","operator":"Shell Recharge","speed_class":"lccp","speeds":"5.5kW","bays":1,"bay_types":"LCCP","dedicated":false,"status":"installed","ward":"Maida Vale","cp_ids":"809802"}},{"type":"Feature","id":1940,"geometry":{"type":"Point","coordinates":[-0.195115,51.527136]},"properties":{"site":"Shirland Road","location":"At Or Outside 167","lamp_column":"26","operator":"Shell Recharge","speed_class":"lccp","speeds":"5.5kW","bays":1,"bay_types":"LCCP - Dedicated","dedicated":true,"status":"installed","ward":"Maida Vale","cp_ids":"805240"}},{"type":"Feature","id":1941,"geometry":{"type":"Point","coordinates":[-0.19908,51.528151]},"properties":{"site":"Shirland Road","location":"At Or Outside 235b","lamp_column":"14","operator":"Shell Recharge","speed_class":"lccp","speeds":"5.5kW","bays":1,"bay_types":"LCCP","dedicated":false,"status":"installed","ward":"Harrow Road","cp_ids":"809819"}},{"type":"Feature","id":1942,"geometry":{"type":"Point","coordinates":[-0.200498,51.528327]},"properties":{"site":"Shirland Road","location":"At Or Outside 242b","lamp_column":"11","operator":"Shell Recharge","speed_class":"lccp","speeds":"5.5kW","bays":1,"bay_types":"LCCP","dedicated":false,"status":"installed","ward":"Harrow Road","cp_ids":"809801"}},{"type":"Feature","id":1943,"geometry":{"type":"Point","coordinates":[-0.199963,51.528325]},"properties":{"site":"Shirland Road","location":"At Or Outside 259","lamp_column":"12","operator":"Shell Recharge","speed_class":"lccp","speeds":"5.5kW","bays":1,"bay_types":"LCCP","dedicated":false,"status":"installed","ward":"Harrow Road","cp_ids":"809800"}},{"type":"Feature","id":1944,"geometry":{"type":"Point","coordinates":[-0.187905,51.523844]},"properties":{"site":"Shirland Road","location":"At Or Outside 29","lamp_column":"52","operator":"Shell Recharge","speed_class":"lccp","speeds":"5.5kW","bays":1,"bay_types":"LCCP","dedicated":false,"status":"installed","ward":"Little Venice","cp_ids":"809820"}},{"type":"Feature","id":1945,"geometry":{"type":"Point","coordinates":[-0.203025,51.528918]},"properties":{"site":"Shirland Road","location":"At Or Outside 309","lamp_column":"4","operator":"Shell Recharge","speed_class":"lccp","speeds":"5.5kW","bays":1,"bay_types":"LCCP","dedicated":false,"status":"installed","ward":"Queen's Park","cp_ids":"809817"}},{"type":"Feature","id":1946,"geometry":{"type":"Point","coordinates":[-0.203312,51.528969]},"properties":{"site":"Shirland Road","location":"At Or Outside 315","lamp_column":"3","operator":"Shell Recharge","speed_class":"lccp","speeds":"5.5kW","bays":1,"bay_types":"LCCP","dedicated":false,"status":"installed","ward":"Queen's Park","cp_ids":"805175"}},{"type":"Feature","id":1947,"geometry":{"type":"Point","coordinates":[-0.204148,51.529142]},"properties":{"site":"Shirland Road","location":"At Or Outside 333-331","lamp_column":"1","operator":"Shell Recharge","speed_class":"lccp","speeds":"5.5kW","bays":1,"bay_types":"LCCP","dedicated":false,"status":"installed","ward":"Queen's Park","cp_ids":"809818"}},{"type":"Feature","id":1948,"geometry":{"type":"Point","coordinates":[-0.190291,51.525002]},"properties":{"site":"Shirland Road","location":"At Or Outside 65","lamp_column":"45","operator":"Shell Recharge","speed_class":"lccp","speeds":"5.5kW","bays":1,"bay_types":"LCCP","dedicated":false,"status":"installed","ward":"Maida Vale","cp_ids":"809809"}},{"type":"Feature","id":1949,"geometry":{"type":"Point","coordinates":[-0.190645,51.525038]},"properties":{"site":"Shirland Road","location":"At Or Outside 66","lamp_column":"44","operator":"Shell Recharge","speed_class":"lccp","speeds":"5.5kW","bays":1,"bay_types":"LCCP","dedicated":false,"status":"installed","ward":"Harrow Road","cp_ids":"809808"}},{"type":"Feature","id":1950,"geometry":{"type":"Point","coordinates":[-0.190833,51.525265]},"properties":{"site":"Shirland Road","location":"At Or Outside 81","lamp_column":"43","operator":"Shell Recharge","speed_class":"lccp","speeds":"5.5kW","bays":1,"bay_types":"LCCP - Dedicated","dedicated":true,"status":"installed","ward":"Maida Vale","cp_ids":"809807"}},{"type":"Feature","id":1951,"geometry":{"type":"Point","coordinates":[-0.192344,51.525867]},"properties":{"site":"Shirland Road","location":"At Or Outside 90/92","lamp_column":"38","operator":"Shell Recharge","speed_class":"lccp","speeds":"5.5kW","bays":1,"bay_types":"LCCP","dedicated":false,"status":"installed","ward":"Harrow Road","cp_ids":"809803"}},{"type":"Feature","id":1952,"geometry":{"type":"Point","coordinates":[-0.190178,51.524925]},"properties":{"site":"Shirland Road","location":"Opp Or Outside Madia Vale Library","lamp_column":null,"operator":"To be confirmed","speed_class":"rapid","speeds":"50-100kW","bays":1,"bay_types":"EV Bay","dedicated":true,"status":"planned","ward":"Little Venice","cp_ids":null}},{"type":"Feature","id":1953,"geometry":{"type":"Point","coordinates":[-0.191749,51.525578]},"properties":{"site":"Shirland Road","location":"Opposite 105","lamp_column":"40","operator":"Shell Recharge","speed_class":"lccp","speeds":"5.5kW","bays":1,"bay_types":"LCCP","dedicated":false,"status":"installed","ward":"Harrow Road","cp_ids":"809805"}},{"type":"Feature","id":1954,"geometry":{"type":"Point","coordinates":[-0.187691,51.523598]},"properties":{"site":"Shirland Road","location":"Opposite 21","lamp_column":"53","operator":"Shell Recharge","speed_class":"lccp","speeds":"5.5kW","bays":1,"bay_types":"LCCP","dedicated":false,"status":"installed","ward":"Westbourne","cp_ids":"606607"}},{"type":"Feature","id":1955,"geometry":{"type":"Point","coordinates":[-0.192005,51.52584]},"properties":{"site":"Shirland Road","location":"Opposite 84","lamp_column":"39","operator":"Shell Recharge","speed_class":"lccp","speeds":"5.5kW","bays":1,"bay_types":"LCCP","dedicated":false,"status":"installed","ward":"Maida Vale","cp_ids":"809804"}},{"type":"Feature","id":1956,"geometry":{"type":"Point","coordinates":[-0.191193,51.525307]},"properties":{"site":"Shirland Road","location":"Opposite 89","lamp_column":"42","operator":"Shell Recharge","speed_class":"lccp","speeds":"5.5kW","bays":1,"bay_types":"LCCP","dedicated":false,"status":"installed","ward":"Harrow Road","cp_ids":"809806"}},{"type":"Feature","id":1957,"geometry":{"type":"Point","coordinates":[-0.20272,51.528776]},"properties":{"site":"Shirland Road","location":"Side Of 130 Ashmore Road","lamp_column":"5","operator":"Shell Recharge","speed_class":"lccp","speeds":"5.5kW","bays":1,"bay_types":"LCCP","dedicated":false,"status":"installed","ward":"Harrow Road","cp_ids":"809816"}},{"type":"Feature","id":1958,"geometry":{"type":"Point","coordinates":[-0.197794,51.518522]},"properties":{"site":"Shrewsbury Road","location":"Opposite 14","lamp_column":null,"operator":"TotalEnergies","speed_class":"fast","speeds":"7kW, 22kW","bays":3,"bay_types":"EV Bay","dedicated":true,"status":"installed","ward":"Westbourne","cp_ids":"9860001372, 9860001414, 9860001998"}},{"type":"Feature","id":1959,"geometry":{"type":"Point","coordinates":[-0.197763,51.518598]},"properties":{"site":"Shrewsbury Road","location":"Side Of 137 Westbourne Park Road","lamp_column":"1","operator":"Shell Recharge","speed_class":"lccp","speeds":"5.5kW","bays":1,"bay_types":"LCCP - Dedicated","dedicated":true,"status":"installed","ward":"Bayswater","cp_ids":"606675"}},{"type":"Feature","id":1960,"geometry":{"type":"Point","coordinates":[-0.167238,51.522372]},"properties":{"site":"Shroton Street","location":"At Or Outside 19-20","lamp_column":"5","operator":"Shell Recharge","speed_class":"lccp","speeds":"5.5kW","bays":1,"bay_types":"LCCP - Dedicated","dedicated":true,"status":"installed","ward":"Church Street","cp_ids":"809189"}},{"type":"Feature","id":1961,"geometry":{"type":"Point","coordinates":[-0.213036,51.531059]},"properties":{"site":"Sixth Avenue","location":"At Or Outside 112","lamp_column":"3","operator":"Shell Recharge","speed_class":"lccp","speeds":"5.5kW","bays":1,"bay_types":"LCCP","dedicated":false,"status":"installed","ward":"Queen's Park","cp_ids":"806286"}},{"type":"Feature","id":1962,"geometry":{"type":"Point","coordinates":[-0.213359,51.528387]},"properties":{"site":"Sixth Avenue","location":"At Or Outside 18","lamp_column":"13","operator":"Shell Recharge","speed_class":"lccp","speeds":"5.5kW","bays":1,"bay_types":"LCCP - Dedicated","dedicated":true,"status":"installed","ward":"Queen's Park","cp_ids":"602424"}},{"type":"Feature","id":1963,"geometry":{"type":"Point","coordinates":[-0.213554,51.528137]},"properties":{"site":"Sixth Avenue","location":"At Or Outside 3/5","lamp_column":"14","operator":"Shell Recharge","speed_class":"lccp","speeds":"5.5kW","bays":1,"bay_types":"LCCP - Dedicated","dedicated":true,"status":"installed","ward":"Queen's Park","cp_ids":"602425"}},{"type":"Feature","id":1964,"geometry":{"type":"Point","coordinates":[-0.213283,51.528691]},"properties":{"site":"Sixth Avenue","location":"At Or Outside 32/34","lamp_column":"12","operator":"Shell Recharge","speed_class":"lccp","speeds":"5.5kW","bays":1,"bay_types":"LCCP","dedicated":false,"status":"installed","ward":"Queen's Park","cp_ids":"602423"}},{"type":"Feature","id":1965,"geometry":{"type":"Point","coordinates":[-0.212958,51.529948]},"properties":{"site":"Sixth Avenue","location":"At Or Outside 72","lamp_column":"8","operator":"Shell Recharge","speed_class":"lccp","speeds":"5.5kW","bays":1,"bay_types":"LCCP","dedicated":false,"status":"installed","ward":"Queen's Park","cp_ids":"806280"}},{"type":"Feature","id":1966,"geometry":{"type":"Point","coordinates":[-0.21303,51.530415]},"properties":{"site":"Sixth Avenue","location":"At Or Outside 93","lamp_column":"6","operator":"Shell Recharge","speed_class":"lccp","speeds":"5.5kW","bays":1,"bay_types":"LCCP","dedicated":false,"status":"installed","ward":"Queen's Park","cp_ids":"806284"}},{"type":"Feature","id":1967,"geometry":{"type":"Point","coordinates":[-0.21293,51.530654]},"properties":{"site":"Sixth Avenue","location":"At Or Outside 96","lamp_column":"5","operator":"Shell Recharge","speed_class":"lccp","speeds":"5.5kW","bays":1,"bay_types":"LCCP","dedicated":false,"status":"installed","ward":"Queen's Park","cp_ids":"806289"}},{"type":"Feature","id":1968,"geometry":{"type":"Point","coordinates":[-0.213214,51.529423]},"properties":{"site":"Sixth Avenue","location":"Opposite 54","lamp_column":"10","operator":"Shell Recharge","speed_class":"lccp","speeds":"5.5kW","bays":1,"bay_types":"LCCP","dedicated":false,"status":"installed","ward":"Queen's Park","cp_ids":"806364"}},{"type":"Feature","id":1969,"geometry":{"type":"Point","coordinates":[-0.213168,51.529145]},"properties":{"site":"Sixth Avenue","location":"Side Of 119 Ilbert Street","lamp_column":"11","operator":"Shell Recharge","speed_class":"lccp","speeds":"5.5kW","bays":1,"bay_types":"LCCP","dedicated":false,"status":"installed","ward":"Queen's Park","cp_ids":"809629"}},{"type":"Feature","id":1970,"geometry":{"type":"Point","coordinates":[-0.213284,51.531537]},"properties":{"site":"Sixth Avenue","location":"Side Of 160 Kilburn Lane","lamp_column":null,"operator":"TotalEnergies","speed_class":"fast","speeds":"7kW, 22kW","bays":3,"bay_types":"EV Bay","dedicated":true,"status":"installed","ward":"Queen's Park","cp_ids":"9860001369, 9860001382, 9860002004"}},{"type":"Feature","id":1971,"geometry":{"type":"Point","coordinates":[-0.132682,51.514907]},"properties":{"site":"Soho Square","location":"At Or Outside 33","lamp_column":"18","operator":"Shell Recharge","speed_class":"lccp","speeds":"5.5kW","bays":1,"bay_types":"LCCP","dedicated":false,"status":"installed","ward":"West End","cp_ids":"807548"}},{"type":"Feature","id":1972,"geometry":{"type":"Point","coordinates":[-0.131888,51.515608]},"properties":{"site":"Soho Square","location":"Opposite 21","lamp_column":"9","operator":"Shell Recharge","speed_class":"lccp","speeds":"5.5kW","bays":1,"bay_types":"LCCP","dedicated":false,"status":"installed","ward":"West End","cp_ids":"805281"}},{"type":"Feature","id":1973,"geometry":{"type":"Point","coordinates":[-0.131673,51.515297]},"properties":{"site":"Soho Square","location":"Opposite 21a","lamp_column":"11","operator":"Shell Recharge","speed_class":"lccp","speeds":"5.5kW","bays":1,"bay_types":"LCCP","dedicated":false,"status":"installed","ward":"West End","cp_ids":"806412"}},{"type":"Feature","id":1974,"geometry":{"type":"Point","coordinates":[-0.132148,51.514928]},"properties":{"site":"Soho Square","location":"Opposite Bateman's Building","lamp_column":"16","operator":"Shell Recharge","speed_class":"lccp","speeds":"5.5kW","bays":1,"bay_types":"LCCP","dedicated":false,"status":"installed","ward":"West End","cp_ids":"801981"}},{"type":"Feature","id":1975,"geometry":{"type":"Point","coordinates":[-0.132038,51.51487]},"properties":{"site":"Soho Square","location":"Outside 29 Soho Square","lamp_column":null,"operator":"TotalEnergies","speed_class":"fast","speeds":"22kW","bays":2,"bay_types":"EV Bay","dedicated":true,"status":"installed","ward":"West End","cp_ids":"TBC"}},{"type":"Feature","id":1976,"geometry":{"type":"Point","coordinates":[-0.16933,51.515548]},"properties":{"site":"Somers Crescent","location":"Siode Of No.12 Hyde Park Crescent","lamp_column":"4","operator":"Shell Recharge","speed_class":"lccp","speeds":"5.5kW","bays":1,"bay_types":"LCCP","dedicated":false,"status":"installed","ward":"Hyde Park","cp_ids":"802017"}},{"type":"Feature","id":1977,"geometry":{"type":"Point","coordinates":[-0.151208,51.508087]},"properties":{"site":"South Audley Street","location":"Outside 74","lamp_column":"4","operator":"Shell Recharge","speed_class":"lccp","speeds":"5.5kW","bays":1,"bay_types":"LCCP","dedicated":false,"status":"installed","ward":"West End","cp_ids":"807525"}},{"type":"Feature","id":1978,"geometry":{"type":"Point","coordinates":[-0.150253,51.508664]},"properties":{"site":"South Street","location":"At Or Outside 37","lamp_column":"6","operator":"Shell Recharge","speed_class":"lccp","speeds":"5.5kW","bays":1,"bay_types":"LCCP - Dedicated","dedicated":true,"status":"installed","ward":"West End","cp_ids":"602374"}},{"type":"Feature","id":1979,"geometry":{"type":"Point","coordinates":[-0.149686,51.508704]},"properties":{"site":"South Street","location":"S/O 51","lamp_column":"7","operator":"Shell Recharge","speed_class":"lccp","speeds":"5.5kW","bays":1,"bay_types":"LCCP - Dedicated","dedicated":true,"status":"installed","ward":"West End","cp_ids":"602373"}},{"type":"Feature","id":1980,"geometry":{"type":"Point","coordinates":[-0.173329,51.517897]},"properties":{"site":"South Wharf Road","location":"At Or Outside Acrow West","lamp_column":"12","operator":"Shell Recharge","speed_class":"lccp","speeds":"5.5kW","bays":1,"bay_types":"LCCP","dedicated":false,"status":"installed","ward":"Hyde Park","cp_ids":"807404"}},{"type":"Feature","id":1981,"geometry":{"type":"Point","coordinates":[-0.171966,51.518048]},"properties":{"site":"South Wharf Road","location":"Opposite 11","lamp_column":"17","operator":"Shell Recharge","speed_class":"lccp","speeds":"5.5kW","bays":1,"bay_types":"LCCP","dedicated":false,"status":"installed","ward":"Hyde Park","cp_ids":"807400"}},{"type":"Feature","id":1982,"geometry":{"type":"Point","coordinates":[-0.172977,51.517875]},"properties":{"site":"South Wharf Road","location":"Opposite Acrow East","lamp_column":"13","operator":"Shell Recharge","speed_class":"lccp","speeds":"5.5kW","bays":1,"bay_types":"LCCP","dedicated":false,"status":"installed","ward":"Hyde Park","cp_ids":"807402"}},{"type":"Feature","id":1983,"geometry":{"type":"Point","coordinates":[-0.173567,51.517769]},"properties":{"site":"South Wharf Road","location":"Opposite Bonney House","lamp_column":"11","operator":"Shell Recharge","speed_class":"lccp","speeds":"5.5kW","bays":1,"bay_types":"LCCP","dedicated":false,"status":"installed","ward":"Hyde Park","cp_ids":"807407"}},{"type":"Feature","id":1984,"geometry":{"type":"Point","coordinates":[-0.175506,51.51744]},"properties":{"site":"South Wharf Road","location":"Opposite Hospital","lamp_column":"4","operator":"Shell Recharge","speed_class":"lccp","speeds":"5.5kW","bays":1,"bay_types":"LCCP","dedicated":false,"status":"installed","ward":"Hyde Park","cp_ids":"807409"}},{"type":"Feature","id":1985,"geometry":{"type":"Point","coordinates":[-0.171702,51.518095]},"properties":{"site":"South Wharf Road","location":"Opposite West End Quay","lamp_column":"18","operator":"Shell Recharge","speed_class":"lccp","speeds":"5.5kW","bays":1,"bay_types":"LCCP - Dedicated","dedicated":true,"status":"installed","ward":"Hyde Park","cp_ids":"606576"}},{"type":"Feature","id":1986,"geometry":{"type":"Point","coordinates":[-0.122032,51.511002]},"properties":{"site":"Southampton Street","location":"Outside Tower House 10 Southampton Street","lamp_column":null,"operator":"TotalEnergies","speed_class":"fast","speeds":"22kW","bays":2,"bay_types":"EV Bay","dedicated":true,"status":"installed","ward":"St James's","cp_ids":null}},{"type":"Feature","id":1987,"geometry":{"type":"Point","coordinates":[-0.169525,51.5147]},"properties":{"site":"Southwick Place","location":"At Or Outside 7","lamp_column":"3","operator":"Shell Recharge","speed_class":"lccp","speeds":"5.5kW","bays":1,"bay_types":"LCCP","dedicated":false,"status":"installed","ward":"Hyde Park","cp_ids":"808010"}},{"type":"Feature","id":1988,"geometry":{"type":"Point","coordinates":[-0.170484,51.516816]},"properties":{"site":"Southwick Street","location":"At Or Outside Sussex Hotel","lamp_column":"3","operator":"Shell Recharge","speed_class":"lccp","speeds":"5.5kW","bays":1,"bay_types":"LCCP","dedicated":false,"status":"installed","ward":"Hyde Park","cp_ids":"805096"}},{"type":"Feature","id":1989,"geometry":{"type":"Point","coordinates":[-0.136709,51.497757]},"properties":{"site":"Spenser Street","location":"Side Of 62 Buckingham Gate","lamp_column":null,"operator":"TotalEnergies","speed_class":"fast","speeds":"22kW","bays":2,"bay_types":"EV Bay","dedicated":true,"status":"installed","ward":"St James's","cp_ids":null}},{"type":"Feature","id":1990,"geometry":{"type":"Point","coordinates":[-0.175798,51.514712]},"properties":{"site":"Spring Street","location":"Outside Or Near No. 11","lamp_column":"3","operator":"Shell Recharge","speed_class":"lccp","speeds":"5.5kW","bays":1,"bay_types":"LCCP","dedicated":false,"status":"installed","ward":"Lancaster Gate","cp_ids":"807397"}},{"type":"Feature","id":1991,"geometry":{"type":"Point","coordinates":[-0.183315,51.537591]},"properties":{"site":"Springfield Road","location":"At Or Outside 3","lamp_column":"2","operator":"Shell Recharge","speed_class":"lccp","speeds":"5.5kW","bays":1,"bay_types":"LCCP","dedicated":false,"status":"installed","ward":"Abbey Road","cp_ids":"806396"}},{"type":"Feature","id":1992,"geometry":{"type":"Point","coordinates":[-0.180996,51.53844]},"properties":{"site":"Springfield Road","location":"At Or Outside 34","lamp_column":"9","operator":"Shell Recharge","speed_class":"lccp","speeds":"5.5kW","bays":1,"bay_types":"LCCP","dedicated":false,"status":"installed","ward":"Abbey Road","cp_ids":"806406"}},{"type":"Feature","id":1993,"geometry":{"type":"Point","coordinates":[-0.179558,51.538901]},"properties":{"site":"Springfield Road","location":"At Or Outside 46","lamp_column":"14","operator":"Shell Recharge","speed_class":"lccp","speeds":"5.5kW","bays":1,"bay_types":"LCCP","dedicated":false,"status":"installed","ward":"Abbey Road","cp_ids":"602772"}},{"type":"Feature","id":1994,"geometry":{"type":"Point","coordinates":[-0.178758,51.539159]},"properties":{"site":"Springfield Road","location":"At Or Outside 54","lamp_column":"16","operator":"Shell Recharge","speed_class":"lccp","speeds":"5.5kW","bays":1,"bay_types":"LCCP","dedicated":false,"status":"installed","ward":"Abbey Road","cp_ids":"806405"}},{"type":"Feature","id":1995,"geometry":{"type":"Point","coordinates":[-0.179787,51.538732]},"properties":{"site":"Springfield Road","location":"At Or Outside 55","lamp_column":"13","operator":"Shell Recharge","speed_class":"lccp","speeds":"5.5kW","bays":1,"bay_types":"LCCP","dedicated":false,"status":"installed","ward":"Abbey Road","cp_ids":"606861"}},{"type":"Feature","id":1996,"geometry":{"type":"Point","coordinates":[-0.182709,51.537789]},"properties":{"site":"Springfield Road","location":"At Or Outside 9","lamp_column":"4","operator":"Shell Recharge","speed_class":"lccp","speeds":"5.5kW","bays":1,"bay_types":"LCCP - Dedicated","dedicated":true,"status":"installed","ward":"Abbey Road","cp_ids":"602765"}},{"type":"Feature","id":1997,"geometry":{"type":"Point","coordinates":[-0.183704,51.537559]},"properties":{"site":"Springfield Road","location":"At Or Outside Crowland House","lamp_column":"1","operator":"Shell Recharge","speed_class":"lccp","speeds":"5.5kW","bays":1,"bay_types":"LCCP","dedicated":false,"status":"installed","ward":"Abbey Road","cp_ids":"806394"}},{"type":"Feature","id":1998,"geometry":{"type":"Point","coordinates":[-0.181658,51.538225]},"properties":{"site":"Springfield Road","location":"Opposite 27","lamp_column":"7","operator":"Shell Recharge","speed_class":"lccp","speeds":"5.5kW","bays":1,"bay_types":"LCCP","dedicated":false,"status":"installed","ward":"Abbey Road","cp_ids":"602764"}},{"type":"Feature","id":1999,"geometry":{"type":"Point","coordinates":[-0.180732,51.53851]},"properties":{"site":"Springfield Road","location":"Outside 36","lamp_column":"10","operator":"Shell Recharge","speed_class":"lccp","speeds":"5.5kW","bays":1,"bay_types":"LCCP - Dedicated","dedicated":true,"status":"installed","ward":"Abbey Road","cp_ids":"602761"}},{"type":"Feature","id":2000,"geometry":{"type":"Point","coordinates":[-0.171897,51.53454]},"properties":{"site":"St Ann's Terrace","location":"At Or Outside 20","lamp_column":"3","operator":"Shell Recharge","speed_class":"lccp","speeds":"5.5kW","bays":1,"bay_types":"LCCP","dedicated":false,"status":"installed","ward":"Regent's Park","cp_ids":"806417"}},{"type":"Feature","id":2001,"geometry":{"type":"Point","coordinates":[-0.172254,51.534676]},"properties":{"site":"St Ann's Terrace","location":"At Or Outside 23","lamp_column":"4","operator":"Shell Recharge","speed_class":"lccp","speeds":"5.5kW","bays":1,"bay_types":"LCCP - Dedicated","dedicated":true,"status":"installed","ward":"Regent's Park","cp_ids":"606940"}},{"type":"Feature","id":2002,"geometry":{"type":"Point","coordinates":[-0.16174,51.536857]},"properties":{"site":"St Edmund's Terrace","location":"At Or Outside No.7","lamp_column":"15","operator":"Shell Recharge","speed_class":"lccp","speeds":"5.5kW","bays":1,"bay_types":"LCCP","dedicated":false,"status":"installed","ward":"Regent's Park","cp_ids":"801947"}},{"type":"Feature","id":2003,"geometry":{"type":"Point","coordinates":[-0.143392,51.512837]},"properties":{"site":"St George Street","location":"O/S No.14","lamp_column":"4","operator":"Shell Recharge","speed_class":"lccp","speeds":"5.5kW","bays":1,"bay_types":"LCCP - Dedicated","dedicated":true,"status":"installed","ward":"West End","cp_ids":"606594"}},{"type":"Feature","id":2004,"geometry":{"type":"Point","coordinates":[-0.142948,51.512288]},"properties":{"site":"St George Street","location":"Opposite 8","lamp_column":"8","operator":"Shell Recharge","speed_class":"lccp","speeds":"5.5kW","bays":1,"bay_types":"LCCP","dedicated":false,"status":"installed","ward":"West End","cp_ids":"807503"}},{"type":"Feature","id":2005,"geometry":{"type":"Point","coordinates":[-0.139099,51.488499]},"properties":{"site":"St George's Drive","location":"At Or Outside 123","lamp_column":"27","operator":"Shell Recharge","speed_class":"lccp","speeds":"5.5kW","bays":1,"bay_types":"LCCP - Dedicated","dedicated":true,"status":"installed","ward":"Pimlico North","cp_ids":"805248"}},{"type":"Feature","id":2006,"geometry":{"type":"Point","coordinates":[-0.143512,51.490738]},"properties":{"site":"St George's Drive","location":"At Or Outside 30","lamp_column":"6","operator":"Shell Recharge","speed_class":"lccp","speeds":"5.5kW","bays":1,"bay_types":"LCCP - Dedicated","dedicated":true,"status":"installed","ward":"Pimlico North","cp_ids":"602461"}},{"type":"Feature","id":2007,"geometry":{"type":"Point","coordinates":[-0.143669,51.490657]},"properties":{"site":"St George's Drive","location":"At Or Outside 41","lamp_column":"7","operator":"Shell Recharge","speed_class":"lccp","speeds":"5.5kW","bays":1,"bay_types":"LCCP - Dedicated","dedicated":true,"status":"installed","ward":"Pimlico North","cp_ids":"602462"}},{"type":"Feature","id":2008,"geometry":{"type":"Point","coordinates":[-0.140849,51.489479]},"properties":{"site":"St George's Drive","location":"At Or Outside 52","lamp_column":"18","operator":"Shell Recharge","speed_class":"lccp","speeds":"5.5kW","bays":1,"bay_types":"LCCP - Dedicated","dedicated":true,"status":"installed","ward":"Pimlico North","cp_ids":"606568"}},{"type":"Feature","id":2009,"geometry":{"type":"Point","coordinates":[-0.141621,51.489858]},"properties":{"site":"St George's Drive","location":"Opposite St Gabriels Church","lamp_column":"15","operator":"Shell Recharge","speed_class":"lccp","speeds":"5.5kW","bays":1,"bay_types":"LCCP - Dedicated","dedicated":true,"status":"installed","ward":"Pimlico North","cp_ids":"606567"}},{"type":"Feature","id":2010,"geometry":{"type":"Point","coordinates":[-0.142593,51.490306]},"properties":{"site":"St George's Drive","location":"Outside 23 Warwick Square.","lamp_column":"10","operator":"Shell Recharge","speed_class":"lccp","speeds":"5.5kW","bays":1,"bay_types":"LCCP - Dedicated","dedicated":true,"status":"installed","ward":"Pimlico North","cp_ids":"805249"}},{"type":"Feature","id":2011,"geometry":{"type":"Point","coordinates":[-0.14155,51.489677]},"properties":{"site":"St George's Drive","location":"Side Of 33 Warwick Square","lamp_column":null,"operator":"TotalEnergies","speed_class":"fast","speeds":"22kW","bays":2,"bay_types":"EV Bay","dedicated":true,"status":"installed","ward":"Pimlico North","cp_ids":null}},{"type":"Feature","id":2012,"geometry":{"type":"Point","coordinates":[-0.133773,51.486337]},"properties":{"site":"St George's Square","location":"At Or Outside 115","lamp_column":"18","operator":"Shell Recharge","speed_class":"lccp","speeds":"5.5kW","bays":1,"bay_types":"LCCP - Dedicated","dedicated":true,"status":"installed","ward":"Pimlico South","cp_ids":"608000"}},{"type":"Feature","id":2013,"geometry":{"type":"Point","coordinates":[-0.13534,51.489099]},"properties":{"site":"St George's Square","location":"At Or Outside 19","lamp_column":"4","operator":"Shell Recharge","speed_class":"lccp","speeds":"5.5kW","bays":1,"bay_types":"LCCP - Dedicated","dedicated":true,"status":"installed","ward":"Pimlico North","cp_ids":"805088"}},{"type":"Feature","id":2014,"geometry":{"type":"Point","coordinates":[-0.134758,51.488491]},"properties":{"site":"St George's Square","location":"At Or Outside 39","lamp_column":"8","operator":"Shell Recharge","speed_class":"lccp","speeds":"5.5kW","bays":1,"bay_types":"LCCP","dedicated":false,"status":"installed","ward":"Pimlico South","cp_ids":"807610"}},{"type":"Feature","id":2015,"geometry":{"type":"Point","coordinates":[-0.134552,51.488039]},"properties":{"site":"St George's Square","location":"At Or Outside 55/57","lamp_column":"10","operator":"Shell Recharge","speed_class":"lccp","speeds":"5.5kW","bays":1,"bay_types":"LCCP","dedicated":false,"status":"installed","ward":"Pimlico South","cp_ids":"602171"}},{"type":"Feature","id":2016,"geometry":{"type":"Point","coordinates":[-0.135817,51.489323]},"properties":{"site":"St George's Square","location":"At Or Outside 7","lamp_column":"2","operator":"Shell Recharge","speed_class":"lccp","speeds":"5.5kW","bays":1,"bay_types":"LCCP - Dedicated","dedicated":true,"status":"installed","ward":"Pimlico North","cp_ids":"805226"}},{"type":"Feature","id":2017,"geometry":{"type":"Point","coordinates":[-0.134974,51.486716]},"properties":{"site":"St George's Square","location":"At Or Outside 80/82","lamp_column":"24","operator":"Shell Recharge","speed_class":"lccp","speeds":"5.5kW","bays":1,"bay_types":"LCCP","dedicated":false,"status":"installed","ward":"Pimlico South","cp_ids":"801873"}},{"type":"Feature","id":2018,"geometry":{"type":"Point","coordinates":[-0.134202,51.487269]},"properties":{"site":"St George's Square","location":"At Or Outside 83/85","lamp_column":"14","operator":"Shell Recharge","speed_class":"lccp","speeds":"5.5kW","bays":1,"bay_types":"LCCP","dedicated":false,"status":"installed","ward":"Pimlico South","cp_ids":"807616"}},{"type":"Feature","id":2019,"geometry":{"type":"Point","coordinates":[-0.134775,51.486284]},"properties":{"site":"St George's Square","location":"At Or Outside 96","lamp_column":"22","operator":"Shell Recharge","speed_class":"lccp","speeds":"5.5kW","bays":1,"bay_types":"LCCP","dedicated":false,"status":"installed","ward":"Pimlico South","cp_ids":"805299"}},{"type":"Feature","id":2020,"geometry":{"type":"Point","coordinates":[-0.135586,51.48806]},"properties":{"site":"St George's Square","location":"At Or Outside School Gates","lamp_column":"30","operator":"Shell Recharge","speed_class":"lccp","speeds":"5.5kW","bays":1,"bay_types":"LCCP","dedicated":false,"status":"installed","ward":"Pimlico South","cp_ids":"801908"}},{"type":"Feature","id":2021,"geometry":{"type":"Point","coordinates":[-0.136064,51.507007]},"properties":{"site":"St James's Square","location":"Opposite 18/19","lamp_column":null,"operator":"ESB","speed_class":"rapid","speeds":"50kW","bays":2,"bay_types":"EV Bay","dedicated":true,"status":"installed","ward":"St James's","cp_ids":"UT04MV, UT08BC"}},{"type":"Feature","id":2022,"geometry":{"type":"Point","coordinates":[-0.13463,51.507597]},"properties":{"site":"St James's Square","location":"Outside 1 St James's Square","lamp_column":null,"operator":"bp pulse","speed_class":"fast","speeds":"7kW","bays":2,"bay_types":"EV Bay","dedicated":true,"status":"installed","ward":"St James's","cp_ids":"TBC"}},{"type":"Feature","id":2023,"geometry":{"type":"Point","coordinates":[-0.134662,51.507443]},"properties":{"site":"St James's Square","location":"St James Square (Opp Junction With Charles Ii Street)","lamp_column":null,"operator":"bp pulse","speed_class":"fast","speeds":"7kW","bays":2,"bay_types":"EV Bay","dedicated":true,"status":"installed","ward":"St James's","cp_ids":null}},{"type":"Feature","id":2024,"geometry":{"type":"Point","coordinates":[-0.139339,51.506666]},"properties":{"site":"St James's Street","location":"Opp 61","lamp_column":"10","operator":"Shell Recharge","speed_class":"lccp","speeds":"5.5kW","bays":1,"bay_types":"LCCP","dedicated":false,"status":"installed","ward":"St James's","cp_ids":"807551"}},{"type":"Feature","id":2025,"geometry":{"type":"Point","coordinates":[-0.167681,51.531082]},"properties":{"site":"St John's Wood High Street","location":"At Or Outside 1-6a Northgate","lamp_column":"2","operator":"Shell Recharge","speed_class":"lccp","speeds":"5.5kW","bays":1,"bay_types":"LCCP","dedicated":false,"status":"installed","ward":"Regent's Park","cp_ids":"807723"}},{"type":"Feature","id":2026,"geometry":{"type":"Point","coordinates":[-0.168636,51.53186]},"properties":{"site":"St John's Wood High Street","location":"At Or Outside 25-36 Hannover House","lamp_column":"7","operator":"Shell Recharge","speed_class":"lccp","speeds":"5.5kW","bays":1,"bay_types":"LCCP","dedicated":false,"status":"installed","ward":"Regent's Park","cp_ids":"801840"}},{"type":"Feature","id":2027,"geometry":{"type":"Point","coordinates":[-0.168545,51.531636]},"properties":{"site":"St John's Wood High Street","location":"Opposite 1-12 Hannover House","lamp_column":"6","operator":"Shell Recharge","speed_class":"lccp","speeds":"5.5kW","bays":1,"bay_types":"LCCP","dedicated":false,"status":"installed","ward":"Regent's Park","cp_ids":"605395"}},{"type":"Feature","id":2028,"geometry":{"type":"Point","coordinates":[-0.16896,51.531972]},"properties":{"site":"St John's Wood High Street","location":"Opposite 37-48 Hannover House","lamp_column":"8","operator":"Shell Recharge","speed_class":"lccp","speeds":"5.5kW","bays":1,"bay_types":"LCCP - Dedicated","dedicated":true,"status":"installed","ward":"Regent's Park","cp_ids":"605396"}},{"type":"Feature","id":2029,"geometry":{"type":"Point","coordinates":[-0.168052,51.531224]},"properties":{"site":"St John's Wood High Street","location":"Opposite Greenberry Street","lamp_column":"3","operator":"Shell Recharge","speed_class":"lccp","speeds":"5.5kW","bays":1,"bay_types":"LCCP","dedicated":false,"status":"installed","ward":"Regent's Park","cp_ids":"807722"}},{"type":"Feature","id":2030,"geometry":{"type":"Point","coordinates":[-0.1682,51.531333]},"properties":{"site":"St John's Wood High Street","location":"Opposite Greenberry Street","lamp_column":"4","operator":"Shell Recharge","speed_class":"lccp","speeds":"5.5kW","bays":1,"bay_types":"LCCP","dedicated":false,"status":"installed","ward":"Regent's Park","cp_ids":"606952"}},{"type":"Feature","id":2031,"geometry":{"type":"Point","coordinates":[-0.174067,51.539242]},"properties":{"site":"St John's Wood Park","location":"At Or Outside 8","lamp_column":"7","operator":"Shell Recharge","speed_class":"lccp","speeds":"5.5kW","bays":1,"bay_types":"LCCP - Dedicated","dedicated":true,"status":"installed","ward":"Abbey Road","cp_ids":"606849"}},{"type":"Feature","id":2032,"geometry":{"type":"Point","coordinates":[-0.169971,51.529508]},"properties":{"site":"St John's Wood Road","location":"Outside Dora House, 60 St John’s Wood Road, London","lamp_column":null,"operator":"TotalEnergies","speed_class":"fast","speeds":"22kW","bays":2,"bay_types":"EV Bay","dedicated":true,"status":"installed","ward":"Regent's Park","cp_ids":"TBC"}},{"type":"Feature","id":2033,"geometry":{"type":"Point","coordinates":[-0.173052,51.528094]},"properties":{"site":"St John's Wood Road","location":"Outside St John's Wood Court","lamp_column":null,"operator":"TotalEnergies","speed_class":"fast","speeds":"22kW","bays":2,"bay_types":"EV Bay","dedicated":true,"status":"installed","ward":"Regent's Park","cp_ids":"TBC"}},{"type":"Feature","id":2034,"geometry":{"type":"Point","coordinates":[-0.17051,51.534369]},"properties":{"site":"St John's Wood Terrace","location":"At Or Outside 30","lamp_column":"14","operator":"Shell Recharge","speed_class":"lccp","speeds":"5.5kW","bays":1,"bay_types":"LCCP","dedicated":false,"status":"installed","ward":"Regent's Park","cp_ids":"805250"}},{"type":"Feature","id":2035,"geometry":{"type":"Point","coordinates":[-0.169654,51.534871]},"properties":{"site":"St John's Wood Terrace","location":"At Or Outside 34 Queens Grove","lamp_column":"11","operator":"Shell Recharge","speed_class":"lccp","speeds":"5.5kW","bays":1,"bay_types":"LCCP","dedicated":false,"status":"installed","ward":"Regent's Park","cp_ids":"805209"}},{"type":"Feature","id":2036,"geometry":{"type":"Point","coordinates":[-0.169186,51.534967]},"properties":{"site":"St John's Wood Terrace","location":"At Or Outside 36","lamp_column":"10","operator":"Shell Recharge","speed_class":"lccp","speeds":"5.5kW","bays":1,"bay_types":"LCCP","dedicated":false,"status":"installed","ward":"Regent's Park","cp_ids":"805253"}},{"type":"Feature","id":2037,"geometry":{"type":"Point","coordinates":[-0.169784,51.534723]},"properties":{"site":"St John's Wood Terrace","location":"At Or Outside 4a","lamp_column":"12","operator":"Shell Recharge","speed_class":"lccp","speeds":"5.5kW","bays":1,"bay_types":"LCCP","dedicated":false,"status":"installed","ward":"Regent's Park","cp_ids":"602504"}},{"type":"Feature","id":2038,"geometry":{"type":"Point","coordinates":[-0.16732,51.535973]},"properties":{"site":"St John's Wood Terrace","location":"At Or Outside 75","lamp_column":"2","operator":"Shell Recharge","speed_class":"lccp","speeds":"5.5kW","bays":1,"bay_types":"LCCP","dedicated":false,"status":"installed","ward":"Regent's Park","cp_ids":"805215"}},{"type":"Feature","id":2039,"geometry":{"type":"Point","coordinates":[-0.168137,51.535569]},"properties":{"site":"St John's Wood Terrace","location":"At Or Outside 80","lamp_column":"5","operator":"Shell Recharge","speed_class":"lccp","speeds":"5.5kW","bays":1,"bay_types":"LCCP - Dedicated","dedicated":true,"status":"installed","ward":"Regent's Park","cp_ids":"602507"}},{"type":"Feature","id":2040,"geometry":{"type":"Point","coordinates":[-0.170268,51.534596]},"properties":{"site":"St John's Wood Terrace","location":"Opposite 17","lamp_column":"13","operator":"Shell Recharge","speed_class":"lccp","speeds":"5.5kW","bays":1,"bay_types":"LCCP","dedicated":false,"status":"installed","ward":"Regent's Park","cp_ids":"805251"}},{"type":"Feature","id":2041,"geometry":{"type":"Point","coordinates":[-0.16755,51.535864]},"properties":{"site":"St John's Wood Terrace","location":"Opposite 3 Turner House","lamp_column":"3","operator":"Shell Recharge","speed_class":"lccp","speeds":"5.5kW","bays":1,"bay_types":"LCCP","dedicated":false,"status":"installed","ward":"Regent's Park","cp_ids":"806263"}},{"type":"Feature","id":2042,"geometry":{"type":"Point","coordinates":[-0.168825,51.535257]},"properties":{"site":"St John's Wood Terrace","location":"Outside Infant School","lamp_column":"8","operator":"Shell Recharge","speed_class":"lccp","speeds":"5.5kW","bays":1,"bay_types":"LCCP","dedicated":false,"status":"installed","ward":"Regent's Park","cp_ids":"602506"}},{"type":"Feature","id":2043,"geometry":{"type":"Point","coordinates":[-0.166956,51.535986]},"properties":{"site":"St John's Wood Terrace","location":"Side Of Townshend Rd","lamp_column":"1","operator":"Shell Recharge","speed_class":"lccp","speeds":"5.5kW","bays":1,"bay_types":"LCCP","dedicated":false,"status":"installed","ward":"Regent's Park","cp_ids":"805252"}},{"type":"Feature","id":2044,"geometry":{"type":"Point","coordinates":[-0.177136,51.520817]},"properties":{"site":"St Mary's Terrace","location":"At Or Outside 20","lamp_column":"4","operator":"Shell Recharge","speed_class":"lccp","speeds":"5.5kW","bays":1,"bay_types":"LCCP - Dedicated","dedicated":true,"status":"installed","ward":"Little Venice","cp_ids":"602896"}},{"type":"Feature","id":2045,"geometry":{"type":"Point","coordinates":[-0.178007,51.521437]},"properties":{"site":"St Mary's Terrace","location":"At Or Outside John Aird Court","lamp_column":"1","operator":"Shell Recharge","speed_class":"lccp","speeds":"5.5kW","bays":1,"bay_types":"LCCP","dedicated":false,"status":"installed","ward":"Little Venice","cp_ids":"808006"}},{"type":"Feature","id":2046,"geometry":{"type":"Point","coordinates":[-0.177791,51.521283]},"properties":{"site":"St Mary's Terrace","location":"Opposite 20 St Mary Mansions","lamp_column":"2","operator":"Shell Recharge","speed_class":"lccp","speeds":"5.5kW","bays":1,"bay_types":"LCCP","dedicated":false,"status":"installed","ward":"Little Venice","cp_ids":"808004"}},{"type":"Feature","id":2047,"geometry":{"type":"Point","coordinates":[-0.177434,51.521138]},"properties":{"site":"St Mary's Terrace","location":"Opposite Porteus Road","lamp_column":"3","operator":"Shell Recharge","speed_class":"lccp","speeds":"5.5kW","bays":1,"bay_types":"LCCP","dedicated":false,"status":"installed","ward":"Little Venice","cp_ids":"807449"}},{"type":"Feature","id":2048,"geometry":{"type":"Point","coordinates":[-0.171217,51.517578]},"properties":{"site":"St Michael's Street","location":"At Or Outside Alm Houses Estate","lamp_column":"5","operator":"Shell Recharge","speed_class":"lccp","speeds":"5.5kW","bays":1,"bay_types":"LCCP","dedicated":false,"status":"installed","ward":"Hyde Park","cp_ids":"801406"}},{"type":"Feature","id":2049,"geometry":{"type":"Point","coordinates":[-0.190633,51.511337]},"properties":{"site":"St Petersburgh Place","location":"At Or Outside 16","lamp_column":"6","operator":"Shell Recharge","speed_class":"lccp","speeds":"5.5kW","bays":1,"bay_types":"LCCP","dedicated":false,"status":"installed","ward":"Bayswater","cp_ids":"807345"}},{"type":"Feature","id":2050,"geometry":{"type":"Point","coordinates":[-0.190646,51.511058]},"properties":{"site":"St Petersburgh Place","location":"At Or Outside 181-190 Wymering Mansions","lamp_column":"7","operator":"Shell Recharge","speed_class":"lccp","speeds":"5.5kW","bays":1,"bay_types":"LCCP","dedicated":false,"status":"installed","ward":"Bayswater","cp_ids":"801848"}},{"type":"Feature","id":2051,"geometry":{"type":"Point","coordinates":[-0.190709,51.51154]},"properties":{"site":"St Petersburgh Place","location":"At Or Outside 24","lamp_column":"5","operator":"Shell Recharge","speed_class":"lccp","speeds":"5.5kW","bays":1,"bay_types":"LCCP","dedicated":false,"status":"installed","ward":"Bayswater","cp_ids":"807342"}},{"type":"Feature","id":2052,"geometry":{"type":"Point","coordinates":[-0.19075,51.511732]},"properties":{"site":"St Petersburgh Place","location":"Opposite 209","lamp_column":"4","operator":"Shell Recharge","speed_class":"lccp","speeds":"5.5kW","bays":1,"bay_types":"LCCP","dedicated":false,"status":"installed","ward":"Bayswater","cp_ids":"801850"}},{"type":"Feature","id":2053,"geometry":{"type":"Point","coordinates":[-0.19084,51.511911]},"properties":{"site":"St Petersburgh Place","location":"Opposite St Matthews Church","lamp_column":"3","operator":"Shell Recharge","speed_class":"lccp","speeds":"5.5kW","bays":1,"bay_types":"LCCP","dedicated":false,"status":"installed","ward":"Bayswater","cp_ids":"807340"}},{"type":"Feature","id":2054,"geometry":{"type":"Point","coordinates":[-0.19501,51.518561]},"properties":{"site":"St Stephen's Gardens","location":"At Or Outside 10","lamp_column":"15","operator":"Shell Recharge","speed_class":"lccp","speeds":"5.5kW","bays":1,"bay_types":"LCCP","dedicated":false,"status":"installed","ward":"Bayswater","cp_ids":"808056"}},{"type":"Feature","id":2055,"geometry":{"type":"Point","coordinates":[-0.196843,51.518305]},"properties":{"site":"St Stephen's Gardens","location":"At Or Outside 131-140 Wymering Mansions","lamp_column":"3","operator":"Shell Recharge","speed_class":"lccp","speeds":"5.5kW","bays":1,"bay_types":"LCCP","dedicated":false,"status":"installed","ward":"Bayswater","cp_ids":"606673"}},{"type":"Feature","id":2056,"geometry":{"type":"Point","coordinates":[-0.196583,51.51835]},"properties":{"site":"St Stephen's Gardens","location":"At Or Outside 141-150 Wymering Mansions","lamp_column":"2","operator":"Shell Recharge","speed_class":"lccp","speeds":"5.5kW","bays":1,"bay_types":"LCCP - Dedicated","dedicated":true,"status":"installed","ward":"Bayswater","cp_ids":"602812"}},{"type":"Feature","id":2057,"geometry":{"type":"Point","coordinates":[-0.195575,51.518461]},"properties":{"site":"St Stephen's Gardens","location":"At Or Outside 24","lamp_column":"13","operator":"Shell Recharge","speed_class":"lccp","speeds":"5.5kW","bays":1,"bay_types":"LCCP","dedicated":false,"status":"installed","ward":"Bayswater","cp_ids":"808058"}},{"type":"Feature","id":2058,"geometry":{"type":"Point","coordinates":[-0.19582,51.518298]},"properties":{"site":"St Stephen's Gardens","location":"At Or Outside 25","lamp_column":"11","operator":"Shell Recharge","speed_class":"lccp","speeds":"5.5kW","bays":1,"bay_types":"LCCP","dedicated":false,"status":"installed","ward":"Bayswater","cp_ids":"807410"}},{"type":"Feature","id":2059,"geometry":{"type":"Point","coordinates":[-0.196214,51.518086]},"properties":{"site":"St Stephen's Gardens","location":"At Or Outside 29","lamp_column":"10","operator":"Shell Recharge","speed_class":"lccp","speeds":"5.5kW","bays":1,"bay_types":"LCCP","dedicated":false,"status":"installed","ward":"Bayswater","cp_ids":"808065"}},{"type":"Feature","id":2060,"geometry":{"type":"Point","coordinates":[-0.195826,51.518417]},"properties":{"site":"St Stephen's Gardens","location":"At Or Outside 30","lamp_column":"12","operator":"Shell Recharge","speed_class":"lccp","speeds":"5.5kW","bays":1,"bay_types":"LCCP","dedicated":false,"status":"installed","ward":"Bayswater","cp_ids":"808054"}},{"type":"Feature","id":2061,"geometry":{"type":"Point","coordinates":[-0.196469,51.518045]},"properties":{"site":"St Stephen's Gardens","location":"At Or Outside 35","lamp_column":"9","operator":"Shell Recharge","speed_class":"lccp","speeds":"5.5kW","bays":1,"bay_types":"LCCP","dedicated":false,"status":"installed","ward":"Bayswater","cp_ids":"808069"}},{"type":"Feature","id":2062,"geometry":{"type":"Point","coordinates":[-0.196717,51.517999]},"properties":{"site":"St Stephen's Gardens","location":"At Or Outside 41","lamp_column":"8","operator":"Shell Recharge","speed_class":"lccp","speeds":"5.5kW","bays":1,"bay_types":"LCCP","dedicated":false,"status":"installed","ward":"Bayswater","cp_ids":"808066"}},{"type":"Feature","id":2063,"geometry":{"type":"Point","coordinates":[-0.195218,51.518406]},"properties":{"site":"St Stephen's Gardens","location":"At Or Outside 9","lamp_column":"14","operator":"Shell Recharge","speed_class":"lccp","speeds":"5.5kW","bays":1,"bay_types":"LCCP","dedicated":false,"status":"installed","ward":"Bayswater","cp_ids":"808050"}},{"type":"Feature","id":2064,"geometry":{"type":"Point","coordinates":[-0.197219,51.517911]},"properties":{"site":"St Stephen's Gardens","location":"At Or Outside Bryanston Mansions","lamp_column":"6","operator":"Shell Recharge","speed_class":"lccp","speeds":"5.5kW","bays":1,"bay_types":"LCCP - Dedicated","dedicated":true,"status":"installed","ward":"Bayswater","cp_ids":"602814"}},{"type":"Feature","id":2065,"geometry":{"type":"Point","coordinates":[-0.197082,51.51826]},"properties":{"site":"St Stephen's Gardens","location":"Opposite Bryanston Mansions","lamp_column":"4","operator":"Shell Recharge","speed_class":"lccp","speeds":"5.5kW","bays":1,"bay_types":"LCCP","dedicated":false,"status":"installed","ward":"Bayswater","cp_ids":"606674"}},{"type":"Feature","id":2066,"geometry":{"type":"Point","coordinates":[-0.196968,51.517957]},"properties":{"site":"St Stephen's Gardens","location":"Opposite J/W Knox Street","lamp_column":"7","operator":"Shell Recharge","speed_class":"lccp","speeds":"5.5kW","bays":1,"bay_types":"LCCP","dedicated":false,"status":"installed","ward":"Bayswater","cp_ids":"606672"}},{"type":"Feature","id":2067,"geometry":{"type":"Point","coordinates":[-0.197339,51.518211]},"properties":{"site":"St Stephen's Gardens","location":"Outside St Mary's Church Near J/W Wyndham Place","lamp_column":"5","operator":"Shell Recharge","speed_class":"lccp","speeds":"5.5kW","bays":1,"bay_types":"LCCP","dedicated":false,"status":"installed","ward":"Bayswater","cp_ids":"602811"}},{"type":"Feature","id":2068,"geometry":{"type":"Point","coordinates":[-0.14175,51.499026]},"properties":{"site":"Stafford Place","location":"At Or Outside 41","lamp_column":"1","operator":"Shell Recharge","speed_class":"lccp","speeds":"5.5kW","bays":1,"bay_types":"LCCP - Dedicated","dedicated":true,"status":"installed","ward":"St James's","cp_ids":"606711"}},{"type":"Feature","id":2069,"geometry":{"type":"Point","coordinates":[-0.163146,51.513581]},"properties":{"site":"Stanhope Place","location":"At Or Outside 25","lamp_column":"2","operator":"Shell Recharge","speed_class":"lccp","speeds":"5.5kW","bays":1,"bay_types":"LCCP","dedicated":false,"status":"installed","ward":"Hyde Park","cp_ids":"809340"}},{"type":"Feature","id":2070,"geometry":{"type":"Point","coordinates":[-0.17362,51.512507]},"properties":{"site":"Stanhope Terrace","location":"Opposite 12","lamp_column":"3","operator":"Shell Recharge","speed_class":"lccp","speeds":"5.5kW","bays":1,"bay_types":"LCCP - Dedicated","dedicated":true,"status":"installed","ward":"Hyde Park","cp_ids":"602107"}},{"type":"Feature","id":2071,"geometry":{"type":"Point","coordinates":[-0.173835,51.512386]},"properties":{"site":"Stanhope Terrace","location":"Opposite 20","lamp_column":"2","operator":"Shell Recharge","speed_class":"lccp","speeds":"5.5kW","bays":1,"bay_types":"LCCP - Dedicated","dedicated":true,"status":"installed","ward":"Hyde Park","cp_ids":"602108"}},{"type":"Feature","id":2072,"geometry":{"type":"Point","coordinates":[-0.169015,51.5182]},"properties":{"site":"Star Street","location":"At Or Outside 101","lamp_column":"11","operator":"Shell Recharge","speed_class":"lccp","speeds":"5.5kW","bays":1,"bay_types":"LCCP","dedicated":false,"status":"installed","ward":"Hyde Park","cp_ids":"807403"}},{"type":"Feature","id":2073,"geometry":{"type":"Point","coordinates":[-0.17107,51.517155]},"properties":{"site":"Star Street","location":"At Or Outside 39","lamp_column":"4","operator":"Shell Recharge","speed_class":"lccp","speeds":"5.5kW","bays":1,"bay_types":"LCCP","dedicated":false,"status":"installed","ward":"Hyde Park","cp_ids":"801409"}},{"type":"Feature","id":2074,"geometry":{"type":"Point","coordinates":[-0.171203,51.516973]},"properties":{"site":"Star Street","location":"At Or Outside 62","lamp_column":"3","operator":"Shell Recharge","speed_class":"lccp","speeds":"5.5kW","bays":1,"bay_types":"LCCP","dedicated":false,"status":"installed","ward":"Hyde Park","cp_ids":"808051"}},{"type":"Feature","id":2075,"geometry":{"type":"Point","coordinates":[-0.170697,51.517253]},"properties":{"site":"Star Street","location":"At Or Outside 64","lamp_column":"5","operator":"Shell Recharge","speed_class":"lccp","speeds":"5.5kW","bays":1,"bay_types":"LCCP - Dedicated","dedicated":true,"status":"installed","ward":"Hyde Park","cp_ids":"602600"}},{"type":"Feature","id":2076,"geometry":{"type":"Point","coordinates":[-0.16874,51.518463]},"properties":{"site":"Star Street","location":"Opposite 106","lamp_column":"12","operator":"Shell Recharge","speed_class":"lccp","speeds":"5.5kW","bays":1,"bay_types":"LCCP","dedicated":false,"status":"installed","ward":"Hyde Park","cp_ids":"807405"}},{"type":"Feature","id":2077,"geometry":{"type":"Point","coordinates":[-0.17163,51.516837]},"properties":{"site":"Star Street","location":"Outside 4","lamp_column":"2","operator":"Shell Recharge","speed_class":"lccp","speeds":"5.5kW","bays":1,"bay_types":"LCCP - Dedicated","dedicated":true,"status":"installed","ward":"Hyde Park","cp_ids":"605158"}},{"type":"Feature","id":2078,"geometry":{"type":"Point","coordinates":[-0.138422,51.494565]},"properties":{"site":"Stillington Street","location":"Opposite 1 -24 Queen Mary's Building","lamp_column":"2","operator":"Shell Recharge","speed_class":"lccp","speeds":"5.5kW","bays":1,"bay_types":"LCCP","dedicated":false,"status":"installed","ward":"Vincent Square","cp_ids":"807153"}},{"type":"Feature","id":2079,"geometry":{"type":"Point","coordinates":[-0.138287,51.494378]},"properties":{"site":"Stillington Street","location":"Opposite 25 To 48 Queen Mary's Building","lamp_column":"3","operator":"Shell Recharge","speed_class":"lccp","speeds":"5.5kW","bays":1,"bay_types":"LCCP - Dedicated","dedicated":true,"status":"installed","ward":"Vincent Square","cp_ids":"606691"}},{"type":"Feature","id":2080,"geometry":{"type":"Point","coordinates":[-0.137714,51.493883]},"properties":{"site":"Stillington Street","location":"Opposite Royal Military Police Depot","lamp_column":"6","operator":"Shell Recharge","speed_class":"lccp","speeds":"5.5kW","bays":1,"bay_types":"LCCP","dedicated":false,"status":"installed","ward":"Vincent Square","cp_ids":"801349"}},{"type":"Feature","id":2081,"geometry":{"type":"Point","coordinates":[-0.162431,51.515895]},"properties":{"site":"Stourcliffe Street","location":"At Or Outside Synagogue","lamp_column":"3","operator":"Shell Recharge","speed_class":"lccp","speeds":"5.5kW","bays":1,"bay_types":"LCCP","dedicated":false,"status":"installed","ward":"Marylebone","cp_ids":"807189"}},{"type":"Feature","id":2082,"geometry":{"type":"Point","coordinates":[-0.192224,51.516734]},"properties":{"site":"Sunderland Terrace","location":"At Or Outside 12","lamp_column":"4","operator":"Shell Recharge","speed_class":"lccp","speeds":"5.5kW","bays":1,"bay_types":"LCCP","dedicated":false,"status":"installed","ward":"Bayswater","cp_ids":"808174"}},{"type":"Feature","id":2083,"geometry":{"type":"Point","coordinates":[-0.19114,51.516829]},"properties":{"site":"Sunderland Terrace","location":"At Or Outside 26","lamp_column":"1","operator":"Shell Recharge","speed_class":"lccp","speeds":"5.5kW","bays":1,"bay_types":"LCCP","dedicated":false,"status":"installed","ward":"Bayswater","cp_ids":"808178"}},{"type":"Feature","id":2084,"geometry":{"type":"Point","coordinates":[-0.192873,51.52437]},"properties":{"site":"Surrendale Place","location":"At Or Outside 12","lamp_column":"2","operator":"Shell Recharge","speed_class":"lccp","speeds":"5.5kW","bays":1,"bay_types":"LCCP","dedicated":false,"status":"installed","ward":"Harrow Road","cp_ids":"805093"}},{"type":"Feature","id":2085,"geometry":{"type":"Point","coordinates":[-0.192678,51.524202]},"properties":{"site":"Surrendale Place","location":"At Or Outside 8","lamp_column":"3","operator":"Shell Recharge","speed_class":"lccp","speeds":"5.5kW","bays":1,"bay_types":"LCCP","dedicated":false,"status":"installed","ward":"Harrow Road","cp_ids":"806935"}},{"type":"Feature","id":2086,"geometry":{"type":"Point","coordinates":[-0.193192,51.524502]},"properties":{"site":"Surrendale Place","location":"Opposite Sutherland Court","lamp_column":"1","operator":"Shell Recharge","speed_class":"lccp","speeds":"5.5kW","bays":1,"bay_types":"LCCP","dedicated":false,"status":"installed","ward":"Harrow Road","cp_ids":"806932"}},{"type":"Feature","id":2087,"geometry":{"type":"Point","coordinates":[-0.11558,51.511985]},"properties":{"site":"Surrey Street","location":"At Or Outside 35","lamp_column":"2","operator":"Shell Recharge","speed_class":"lccp","speeds":"5.5kW","bays":1,"bay_types":"LCCP","dedicated":false,"status":"installed","ward":"St James's","cp_ids":"807290"}},{"type":"Feature","id":2088,"geometry":{"type":"Point","coordinates":[-0.119649,51.51189]},"properties":{"site":"Surrey Street","location":"Opposite 17 Exeter Street","lamp_column":null,"operator":"TotalEnergies","speed_class":"fast","speeds":"22kW","bays":2,"bay_types":"EV Bay","dedicated":true,"status":"installed","ward":"St James's","cp_ids":"TBC"}},{"type":"Feature","id":2089,"geometry":{"type":"Point","coordinates":[-0.175264,51.513442]},"properties":{"site":"Sussex Gardens","location":"Sussex Gardens 225 (Sign)","lamp_column":"S7","operator":"Shell Recharge","speed_class":"lccp","speeds":"5.5kW","bays":1,"bay_types":"LCCP","dedicated":false,"status":"installed","ward":"Hyde Park","cp_ids":"806560"}},{"type":"Feature","id":2090,"geometry":{"type":"Point","coordinates":[-0.172137,51.513863]},"properties":{"site":"Sussex Place","location":"At Or Outside 1-23","lamp_column":"6","operator":"Shell Recharge","speed_class":"lccp","speeds":"5.5kW","bays":1,"bay_types":"LCCP","dedicated":false,"status":"installed","ward":"Hyde Park","cp_ids":"807399"}},{"type":"Feature","id":2091,"geometry":{"type":"Point","coordinates":[-0.172367,51.514208]},"properties":{"site":"Sussex Place","location":"Outside 1-12 Radnor Lodge","lamp_column":"4","operator":"Shell Recharge","speed_class":"lccp","speeds":"5.5kW","bays":1,"bay_types":"LCCP","dedicated":false,"status":"installed","ward":"Hyde Park","cp_ids":null}},{"type":"Feature","id":2092,"geometry":{"type":"Point","coordinates":[-0.17309,51.514552]},"properties":{"site":"Sussex Place","location":"Outside 2","lamp_column":"2","operator":"Shell Recharge","speed_class":"lccp","speeds":"5.5kW","bays":1,"bay_types":"LCCP - Dedicated","dedicated":true,"status":"installed","ward":"Hyde Park","cp_ids":"602594"}},{"type":"Feature","id":2093,"geometry":{"type":"Point","coordinates":[-0.171909,51.51391]},"properties":{"site":"Sussex Place","location":"Outside No 5 Gloucester Square (On Footway Island)","lamp_column":null,"operator":"TotalEnergies","speed_class":"fast","speeds":"22kW","bays":2,"bay_types":"EV Bay","dedicated":true,"status":"installed","ward":"Hyde Park","cp_ids":null}},{"type":"Feature","id":2094,"geometry":{"type":"Point","coordinates":[-0.172289,51.514027]},"properties":{"site":"Sussex Place","location":"Outside Sussex Lodge, Jct With Clifton Place","lamp_column":null,"operator":"TotalEnergies","speed_class":"fast","speeds":"22kW","bays":2,"bay_types":"EV Bay","dedicated":true,"status":"installed","ward":"Hyde Park","cp_ids":"9860001634"}},{"type":"Feature","id":2095,"geometry":{"type":"Point","coordinates":[-0.172653,51.51321]},"properties":{"site":"Sussex Square","location":"At Or Outside 2","lamp_column":"11","operator":"Shell Recharge","speed_class":"lccp","speeds":"5.5kW","bays":1,"bay_types":"LCCP","dedicated":false,"status":"installed","ward":"Hyde Park","cp_ids":"801723"}},{"type":"Feature","id":2096,"geometry":{"type":"Point","coordinates":[-0.173583,51.512747]},"properties":{"site":"Sussex Square","location":"At Or Outside 79","lamp_column":"7","operator":"Shell Recharge","speed_class":"lccp","speeds":"5.5kW","bays":1,"bay_types":"LCCP","dedicated":false,"status":"installed","ward":"Hyde Park","cp_ids":"805135"}},{"type":"Feature","id":2097,"geometry":{"type":"Point","coordinates":[-0.173774,51.513276]},"properties":{"site":"Sussex Square","location":"Outside 31 To 51 Sussex Square","lamp_column":null,"operator":"TotalEnergies","speed_class":"fast","speeds":"22kW","bays":2,"bay_types":"EV Bay","dedicated":true,"status":"installed","ward":"Hyde Park","cp_ids":null}},{"type":"Feature","id":2098,"geometry":{"type":"Point","coordinates":[-0.143562,51.489047]},"properties":{"site":"Sussex Street","location":"Opposite 12","lamp_column":"8","operator":"Shell Recharge","speed_class":"lccp","speeds":"5.5kW","bays":1,"bay_types":"LCCP","dedicated":false,"status":"installed","ward":"Pimlico North","cp_ids":"806676"}},{"type":"Feature","id":2099,"geometry":{"type":"Point","coordinates":[-0.181689,51.528193]},"properties":{"site":"Sutherland Ave","location":"Outside Everyman Cinema At J/W Maida Vale","lamp_column":null,"operator":"To be confirmed","speed_class":"rapid","speeds":"50-100kW","bays":1,"bay_types":"EV Bay","dedicated":true,"status":"planned","ward":"Little Venice","cp_ids":null}},{"type":"Feature","id":2100,"geometry":{"type":"Point","coordinates":[-0.189156,51.524801]},"properties":{"site":"Sutherland Avenue","location":"At Or Outside 107","lamp_column":"36","operator":"Shell Recharge","speed_class":"lccp","speeds":"5.5kW","bays":1,"bay_types":"LCCP - Dedicated","dedicated":true,"status":"installed","ward":"Little Venice","cp_ids":"602012"}},{"type":"Feature","id":2101,"geometry":{"type":"Point","coordinates":[-0.18825,51.525381]},"properties":{"site":"Sutherland Avenue","location":"At Or Outside 112","lamp_column":"32","operator":"Shell Recharge","speed_class":"lccp","speeds":"5.5kW","bays":1,"bay_types":"LCCP","dedicated":false,"status":"installed","ward":"Little Venice","cp_ids":"602017"}},{"type":"Feature","id":2102,"geometry":{"type":"Point","coordinates":[-0.187942,51.52526]},"properties":{"site":"Sutherland Avenue","location":"At Or Outside 117","lamp_column":"31","operator":"Shell Recharge","speed_class":"lccp","speeds":"5.5kW","bays":1,"bay_types":"LCCP","dedicated":false,"status":"installed","ward":"Little Venice","cp_ids":null}},{"type":"Feature","id":2103,"geometry":{"type":"Point","coordinates":[-0.187677,51.525586]},"properties":{"site":"Sutherland Avenue","location":"At Or Outside 122","lamp_column":"30","operator":"Shell Recharge","speed_class":"lccp","speeds":"5.5kW","bays":1,"bay_types":"LCCP","dedicated":false,"status":"installed","ward":"Little Venice","cp_ids":"602018"}},{"type":"Feature","id":2104,"geometry":{"type":"Point","coordinates":[-0.187444,51.52544]},"properties":{"site":"Sutherland Avenue","location":"At Or Outside 127","lamp_column":"29","operator":"Shell Recharge","speed_class":"lccp","speeds":"5.5kW","bays":1,"bay_types":"LCCP - Dedicated","dedicated":true,"status":"installed","ward":"Little Venice","cp_ids":"602472"}},{"type":"Feature","id":2105,"geometry":{"type":"Point","coordinates":[-0.186677,51.525946]},"properties":{"site":"Sutherland Avenue","location":"At Or Outside 136","lamp_column":"25","operator":"Shell Recharge","speed_class":"lccp","speeds":"5.5kW","bays":1,"bay_types":"LCCP","dedicated":false,"status":"installed","ward":"Little Venice","cp_ids":"602479"}},{"type":"Feature","id":2106,"geometry":{"type":"Point","coordinates":[-0.186263,51.526143]},"properties":{"site":"Sutherland Avenue","location":"At Or Outside 144","lamp_column":"23","operator":"Shell Recharge","speed_class":"lccp","speeds":"5.5kW","bays":1,"bay_types":"LCCP","dedicated":false,"status":"installed","ward":"Little Venice","cp_ids":"602480"}},{"type":"Feature","id":2107,"geometry":{"type":"Point","coordinates":[-0.186507,51.52579]},"properties":{"site":"Sutherland Avenue","location":"At Or Outside 145","lamp_column":"26","operator":"Shell Recharge","speed_class":"lccp","speeds":"5.5kW","bays":1,"bay_types":"LCCP","dedicated":false,"status":"installed","ward":"Little Venice","cp_ids":"602471"}},{"type":"Feature","id":2108,"geometry":{"type":"Point","coordinates":[-0.18615,51.52596]},"properties":{"site":"Sutherland Avenue","location":"At Or Outside 153","lamp_column":"24","operator":"Shell Recharge","speed_class":"lccp","speeds":"5.5kW","bays":1,"bay_types":"LCCP","dedicated":false,"status":"installed","ward":"Little Venice","cp_ids":"602470"}},{"type":"Feature","id":2109,"geometry":{"type":"Point","coordinates":[-0.185502,51.526267]},"properties":{"site":"Sutherland Avenue","location":"At Or Outside 165","lamp_column":"19","operator":"Shell Recharge","speed_class":"lccp","speeds":"5.5kW","bays":1,"bay_types":"LCCP","dedicated":false,"status":"installed","ward":"Little Venice","cp_ids":"602468"}},{"type":"Feature","id":2110,"geometry":{"type":"Point","coordinates":[-0.185318,51.5266]},"properties":{"site":"Sutherland Avenue","location":"At Or Outside 166","lamp_column":"17","operator":"Shell Recharge","speed_class":"lccp","speeds":"5.5kW","bays":1,"bay_types":"LCCP - Dedicated","dedicated":true,"status":"installed","ward":"Little Venice","cp_ids":"602482"}},{"type":"Feature","id":2111,"geometry":{"type":"Point","coordinates":[-0.185129,51.526445]},"properties":{"site":"Sutherland Avenue","location":"At Or Outside 173","lamp_column":"18","operator":"Shell Recharge","speed_class":"lccp","speeds":"5.5kW","bays":1,"bay_types":"LCCP","dedicated":false,"status":"installed","ward":"Little Venice","cp_ids":"602467"}},{"type":"Feature","id":2112,"geometry":{"type":"Point","coordinates":[-0.184562,51.52697]},"properties":{"site":"Sutherland Avenue","location":"At Or Outside 180","lamp_column":"13","operator":"Shell Recharge","speed_class":"lccp","speeds":"5.5kW","bays":1,"bay_types":"LCCP","dedicated":false,"status":"installed","ward":"Little Venice","cp_ids":"602484"}},{"type":"Feature","id":2113,"geometry":{"type":"Point","coordinates":[-0.184601,51.526696]},"properties":{"site":"Sutherland Avenue","location":"At Or Outside 187","lamp_column":"14","operator":"Shell Recharge","speed_class":"lccp","speeds":"5.5kW","bays":1,"bay_types":"LCCP","dedicated":false,"status":"installed","ward":"Little Venice","cp_ids":"602465"}},{"type":"Feature","id":2114,"geometry":{"type":"Point","coordinates":[-0.18198,51.528006]},"properties":{"site":"Sutherland Avenue","location":"At Or Outside 211","lamp_column":"3","operator":"Shell Recharge","speed_class":"lccp","speeds":"5.5kW","bays":1,"bay_types":"LCCP","dedicated":false,"status":"installed","ward":"Little Venice","cp_ids":"602464"}},{"type":"Feature","id":2115,"geometry":{"type":"Point","coordinates":[-0.19333,51.523359]},"properties":{"site":"Sutherland Avenue","location":"At Or Outside 23","lamp_column":"49","operator":"Shell Recharge","speed_class":"lccp","speeds":"5.5kW","bays":1,"bay_types":"LCCP","dedicated":false,"status":"installed","ward":"Westbourne","cp_ids":"602148"}},{"type":"Feature","id":2116,"geometry":{"type":"Point","coordinates":[-0.193083,51.523604]},"properties":{"site":"Sutherland Avenue","location":"At Or Outside 30","lamp_column":"48","operator":"Shell Recharge","speed_class":"lccp","speeds":"5.5kW","bays":1,"bay_types":"LCCP - Dedicated","dedicated":true,"status":"installed","ward":"Harrow Road","cp_ids":"602150"}},{"type":"Feature","id":2117,"geometry":{"type":"Point","coordinates":[-0.192766,51.523561]},"properties":{"site":"Sutherland Avenue","location":"At Or Outside 35","lamp_column":"47","operator":"Shell Recharge","speed_class":"lccp","speeds":"5.5kW","bays":1,"bay_types":"LCCP","dedicated":false,"status":"installed","ward":"Westbourne","cp_ids":"602149"}},{"type":"Feature","id":2118,"geometry":{"type":"Point","coordinates":[-0.192606,51.523778]},"properties":{"site":"Sutherland Avenue","location":"At Or Outside 44","lamp_column":"46","operator":"Shell Recharge","speed_class":"lccp","speeds":"5.5kW","bays":1,"bay_types":"LCCP","dedicated":false,"status":"installed","ward":"Harrow Road","cp_ids":"602477"}},{"type":"Feature","id":2119,"geometry":{"type":"Point","coordinates":[-0.191884,51.524036]},"properties":{"site":"Sutherland Avenue","location":"At Or Outside 56","lamp_column":"44","operator":"Shell Recharge","speed_class":"lccp","speeds":"5.5kW","bays":1,"bay_types":"LCCP - Dedicated","dedicated":true,"status":"installed","ward":"Harrow Road","cp_ids":"602476"}},{"type":"Feature","id":2120,"geometry":{"type":"Point","coordinates":[-0.190698,51.524459]},"properties":{"site":"Sutherland Avenue","location":"At Or Outside 82","lamp_column":"40","operator":"Shell Recharge","speed_class":"lccp","speeds":"5.5kW","bays":1,"bay_types":"LCCP - Dedicated","dedicated":true,"status":"installed","ward":"Harrow Road","cp_ids":"602475"}},{"type":"Feature","id":2121,"geometry":{"type":"Point","coordinates":[-0.190924,51.524221]},"properties":{"site":"Sutherland Avenue","location":"At Or Outside 83","lamp_column":"41","operator":"Shell Recharge","speed_class":"lccp","speeds":"5.5kW","bays":1,"bay_types":"LCCP","dedicated":false,"status":"installed","ward":"Westbourne","cp_ids":"602474"}},{"type":"Feature","id":2122,"geometry":{"type":"Point","coordinates":[-0.189199,51.52504]},"properties":{"site":"Sutherland Avenue","location":"At Or Outside 98","lamp_column":"35","operator":"Shell Recharge","speed_class":"lccp","speeds":"5.5kW","bays":1,"bay_types":"LCCP - Dedicated","dedicated":true,"status":"installed","ward":"Little Venice","cp_ids":"602478"}},{"type":"Feature","id":2123,"geometry":{"type":"Point","coordinates":[-0.184822,51.526829]},"properties":{"site":"Sutherland Avenue","location":"Central Reserve Opposite No.181","lamp_column":"15","operator":"Shell Recharge","speed_class":"lccp","speeds":"5.5kW","bays":1,"bay_types":"LCCP - Dedicated","dedicated":true,"status":"installed","ward":"Little Venice","cp_ids":"602483"}},{"type":"Feature","id":2124,"geometry":{"type":"Point","coordinates":[-0.193735,51.523349]},"properties":{"site":"Sutherland Avenue","location":"Opposite 192 - 194 Sutherland Avenue","lamp_column":null,"operator":"TotalEnergies","speed_class":"fast","speeds":"22kW","bays":2,"bay_types":"EV Bay","dedicated":true,"status":"installed","ward":"Harrow Road","cp_ids":null}},{"type":"Feature","id":2125,"geometry":{"type":"Point","coordinates":[-0.182692,51.527647]},"properties":{"site":"Sutherland Avenue","location":"Opposite 192 - 194 Sutherland Avenue","lamp_column":null,"operator":"TotalEnergies","speed_class":"fast","speeds":"22kW","bays":2,"bay_types":"EV Bay","dedicated":true,"status":"installed","ward":"Little Venice","cp_ids":null}},{"type":"Feature","id":2126,"geometry":{"type":"Point","coordinates":[-0.184872,51.52658]},"properties":{"site":"Sutherland Avenue","location":"Outside 179","lamp_column":"16","operator":"Shell Recharge","speed_class":"lccp","speeds":"5.5kW","bays":1,"bay_types":"LCCP","dedicated":false,"status":"installed","ward":"Little Venice","cp_ids":"602466"}},{"type":"Feature","id":2127,"geometry":{"type":"Point","coordinates":[-0.181684,51.528192]},"properties":{"site":"Sutherland Avenue","location":"Outside Everyman Cinema At J/W Maida Vale","lamp_column":null,"operator":"To be confirmed","speed_class":"rapid","speeds":"50kW","bays":1,"bay_types":"EV Bay","dedicated":true,"status":"planned","ward":"Little Venice","cp_ids":"TBC"}},{"type":"Feature","id":2128,"geometry":{"type":"Point","coordinates":[-0.197246,51.516693]},"properties":{"site":"Sutherland Place","location":"At Or Outside 22","lamp_column":"3","operator":"Shell Recharge","speed_class":"lccp","speeds":"5.5kW","bays":1,"bay_types":"LCCP","dedicated":false,"status":"installed","ward":"Bayswater","cp_ids":"808035"}},{"type":"Feature","id":2129,"geometry":{"type":"Point","coordinates":[-0.197131,51.516336]},"properties":{"site":"Sutherland Place","location":"At Or Outside 3","lamp_column":"5","operator":"Shell Recharge","speed_class":"lccp","speeds":"5.5kW","bays":1,"bay_types":"LCCP","dedicated":false,"status":"installed","ward":"Bayswater","cp_ids":"808039"}},{"type":"Feature","id":2130,"geometry":{"type":"Point","coordinates":[-0.196985,51.515864]},"properties":{"site":"Sutherland Place","location":"At Or Outside 39","lamp_column":"7","operator":"Shell Recharge","speed_class":"lccp","speeds":"5.5kW","bays":1,"bay_types":"LCCP - Dedicated","dedicated":true,"status":"installed","ward":"Bayswater","cp_ids":"606518"}},{"type":"Feature","id":2131,"geometry":{"type":"Point","coordinates":[-0.197183,51.516095]},"properties":{"site":"Sutherland Place","location":"At Or Outside 42","lamp_column":"6","operator":"Shell Recharge","speed_class":"lccp","speeds":"5.5kW","bays":1,"bay_types":"LCCP","dedicated":false,"status":"installed","ward":"Bayswater","cp_ids":"808038"}},{"type":"Feature","id":2132,"geometry":{"type":"Point","coordinates":[-0.197319,51.516523]},"properties":{"site":"Sutherland Place","location":"At Or Outside 50","lamp_column":"4","operator":"Shell Recharge","speed_class":"lccp","speeds":"5.5kW","bays":1,"bay_types":"LCCP","dedicated":false,"status":"installed","ward":"Bayswater","cp_ids":"808034"}},{"type":"Feature","id":2133,"geometry":{"type":"Point","coordinates":[-0.19744,51.516903]},"properties":{"site":"Sutherland Place","location":"At Or Outside 59","lamp_column":"2","operator":"Shell Recharge","speed_class":"lccp","speeds":"5.5kW","bays":1,"bay_types":"LCCP","dedicated":false,"status":"installed","ward":"Bayswater","cp_ids":"808032"}},{"type":"Feature","id":2134,"geometry":{"type":"Point","coordinates":[-0.197363,51.517087]},"properties":{"site":"Sutherland Place","location":"Opp 20","lamp_column":"1","operator":"Shell Recharge","speed_class":"lccp","speeds":"5.5kW","bays":1,"bay_types":"LCCP","dedicated":false,"status":"installed","ward":"Bayswater","cp_ids":"808033"}},{"type":"Feature","id":2135,"geometry":{"type":"Point","coordinates":[-0.146081,51.488926]},"properties":{"site":"Sutherland Street","location":"At Or Outside 23","lamp_column":"9","operator":"Shell Recharge","speed_class":"lccp","speeds":"5.5kW","bays":1,"bay_types":"LCCP","dedicated":false,"status":"installed","ward":"Pimlico South","cp_ids":"801721"}},{"type":"Feature","id":2136,"geometry":{"type":"Point","coordinates":[-0.145036,51.488283]},"properties":{"site":"Sutherland Street","location":"At Or Outside 28","lamp_column":"16","operator":"Shell Recharge","speed_class":"lccp","speeds":"5.5kW","bays":1,"bay_types":"LCCP","dedicated":false,"status":"installed","ward":"Pimlico South","cp_ids":"801835"}},{"type":"Feature","id":2137,"geometry":{"type":"Point","coordinates":[-0.144172,51.487876]},"properties":{"site":"Sutherland Street","location":"At Or Outside 38","lamp_column":"20","operator":"Shell Recharge","speed_class":"lccp","speeds":"5.5kW","bays":1,"bay_types":"LCCP","dedicated":false,"status":"installed","ward":"Pimlico South","cp_ids":"805043"}},{"type":"Feature","id":2138,"geometry":{"type":"Point","coordinates":[-0.144915,51.488377]},"properties":{"site":"Sutherland Street","location":"At Or Outside 53","lamp_column":"15","operator":"Shell Recharge","speed_class":"lccp","speeds":"5.5kW","bays":1,"bay_types":"LCCP","dedicated":false,"status":"installed","ward":"Pimlico South","cp_ids":"806680"}},{"type":"Feature","id":2139,"geometry":{"type":"Point","coordinates":[-0.143681,51.487647]},"properties":{"site":"Sutherland Street","location":"At Or Outside 56","lamp_column":"21","operator":"Shell Recharge","speed_class":"lccp","speeds":"5.5kW","bays":1,"bay_types":"LCCP","dedicated":false,"status":"installed","ward":"Pimlico South","cp_ids":"606676"}},{"type":"Feature","id":2140,"geometry":{"type":"Point","coordinates":[-0.145716,51.488754]},"properties":{"site":"Sutherland Street","location":"At Or Outside O/S 33","lamp_column":"12","operator":"Shell Recharge","speed_class":"lccp","speeds":"5.5kW","bays":1,"bay_types":"LCCP","dedicated":false,"status":"installed","ward":"Pimlico South","cp_ids":"801720"}},{"type":"Feature","id":2141,"geometry":{"type":"Point","coordinates":[-0.147668,51.489749]},"properties":{"site":"Sutherland Street","location":"Close To Junction With Ebury Bridge ,Opposite Lc 0","lamp_column":null,"operator":"To be confirmed","speed_class":"rapid","speeds":"50-100kW","bays":1,"bay_types":"EV Bay","dedicated":true,"status":"planned","ward":"Pimlico South","cp_ids":null}},{"type":"Feature","id":2142,"geometry":{"type":"Point","coordinates":[-0.144061,51.487977]},"properties":{"site":"Sutherland Street","location":"O/S 65/67","lamp_column":"19","operator":"Shell Recharge","speed_class":"lccp","speeds":"5.5kW","bays":1,"bay_types":"LCCP - Dedicated","dedicated":true,"status":"installed","ward":"Pimlico South","cp_ids":"606566"}},{"type":"Feature","id":2143,"geometry":{"type":"Point","coordinates":[-0.146961,51.489394]},"properties":{"site":"Sutherland Street","location":"Opposite Fonthill House","lamp_column":"5","operator":"Shell Recharge","speed_class":"lccp","speeds":"5.5kW","bays":1,"bay_types":"LCCP","dedicated":false,"status":"installed","ward":"Pimlico South","cp_ids":"801348"}},{"type":"Feature","id":2144,"geometry":{"type":"Point","coordinates":[-0.147092,51.489329]},"properties":{"site":"Sutherland Street","location":"Outside Fonthill House","lamp_column":"6","operator":"Shell Recharge","speed_class":"lccp","speeds":"5.5kW","bays":1,"bay_types":"LCCP","dedicated":false,"status":"installed","ward":"Pimlico South","cp_ids":"808346"}},{"type":"Feature","id":2145,"geometry":{"type":"Point","coordinates":[-0.136287,51.490044]},"properties":{"site":"Tachbrook Street","location":"At Or Outside 124","lamp_column":"18","operator":"Shell Recharge","speed_class":"lccp","speeds":"5.5kW","bays":1,"bay_types":"LCCP","dedicated":false,"status":"installed","ward":"Pimlico North","cp_ids":"801330"}},{"type":"Feature","id":2146,"geometry":{"type":"Point","coordinates":[-0.135872,51.489878]},"properties":{"site":"Tachbrook Street","location":"At Or Outside 138","lamp_column":"20","operator":"Shell Recharge","speed_class":"lccp","speeds":"5.5kW","bays":1,"bay_types":"LCCP","dedicated":false,"status":"installed","ward":"Pimlico North","cp_ids":"806660"}},{"type":"Feature","id":2147,"geometry":{"type":"Point","coordinates":[-0.135248,51.489584]},"properties":{"site":"Tachbrook Street","location":"At Or Outside 146/144","lamp_column":"22","operator":"Shell Recharge","speed_class":"lccp","speeds":"5.5kW","bays":1,"bay_types":"LCCP","dedicated":false,"status":"installed","ward":"Pimlico North","cp_ids":"805048"}},{"type":"Feature","id":2148,"geometry":{"type":"Point","coordinates":[-0.134381,51.489119]},"properties":{"site":"Tachbrook Street","location":"At Or Outside 174","lamp_column":"26","operator":"Shell Recharge","speed_class":"lccp","speeds":"5.5kW","bays":1,"bay_types":"LCCP","dedicated":false,"status":"installed","ward":"Pimlico North","cp_ids":"801729"}},{"type":"Feature","id":2149,"geometry":{"type":"Point","coordinates":[-0.144705,51.495495]},"properties":{"site":"Tachbrook Street","location":"At Or Outside 174","lamp_column":"29","operator":"Shell Recharge","speed_class":"lccp","speeds":"5.5kW","bays":1,"bay_types":"LCCP","dedicated":false,"status":"installed","ward":"Pimlico North","cp_ids":"806670"}},{"type":"Feature","id":2150,"geometry":{"type":"Point","coordinates":[-0.137759,51.491159]},"properties":{"site":"Tachbrook Street","location":"At Or Outside 78a","lamp_column":"10","operator":"Shell Recharge","speed_class":"lccp","speeds":"5.5kW","bays":1,"bay_types":"LCCP","dedicated":false,"status":"installed","ward":"Pimlico North","cp_ids":"801196"}},{"type":"Feature","id":2151,"geometry":{"type":"Point","coordinates":[-0.137055,51.490491]},"properties":{"site":"Tachbrook Street","location":"At Or Outside 96","lamp_column":"15","operator":"Shell Recharge","speed_class":"lccp","speeds":"5.5kW","bays":1,"bay_types":"LCCP","dedicated":false,"status":"installed","ward":"Pimlico North","cp_ids":"801914"}},{"type":"Feature","id":2152,"geometry":{"type":"Point","coordinates":[-0.134083,51.489169]},"properties":{"site":"Tachbrook Street","location":"At Or Outside Library","lamp_column":"27","operator":"Shell Recharge","speed_class":"lccp","speeds":"5.5kW","bays":1,"bay_types":"LCCP","dedicated":false,"status":"installed","ward":"Pimlico North","cp_ids":"801728"}},{"type":"Feature","id":2153,"geometry":{"type":"Point","coordinates":[-0.135412,51.489815]},"properties":{"site":"Tachbrook Street","location":"At Or Outside Public House","lamp_column":"21","operator":"Shell Recharge","speed_class":"lccp","speeds":"5.5kW","bays":1,"bay_types":"LCCP","dedicated":false,"status":"installed","ward":"Pimlico North","cp_ids":"801727"}},{"type":"Feature","id":2154,"geometry":{"type":"Point","coordinates":[-0.13597,51.490049]},"properties":{"site":"Tachbrook Street","location":"Opposite 132","lamp_column":"19","operator":"Shell Recharge","speed_class":"lccp","speeds":"5.5kW","bays":1,"bay_types":"LCCP","dedicated":false,"status":"installed","ward":"Pimlico North","cp_ids":"806661"}},{"type":"Feature","id":2155,"geometry":{"type":"Point","coordinates":[-0.137573,51.490956]},"properties":{"site":"Tachbrook Street","location":"Opposite Charlwood Street","lamp_column":"11","operator":"Shell Recharge","speed_class":"lccp","speeds":"5.5kW","bays":1,"bay_types":"LCCP","dedicated":false,"status":"installed","ward":"Pimlico North","cp_ids":"801197"}},{"type":"Feature","id":2156,"geometry":{"type":"Point","coordinates":[-0.198737,51.516963]},"properties":{"site":"Talbot Road","location":"At Or Outside  81","lamp_column":"5","operator":"Shell Recharge","speed_class":"lccp","speeds":"5.5kW","bays":1,"bay_types":"LCCP","dedicated":false,"status":"installed","ward":"Bayswater","cp_ids":"602206"}},{"type":"Feature","id":2157,"geometry":{"type":"Point","coordinates":[-0.193414,51.517897]},"properties":{"site":"Talbot Road","location":"At Or Outside 11","lamp_column":"18","operator":"Shell Recharge","speed_class":"lccp","speeds":"5.5kW","bays":1,"bay_types":"LCCP - Dedicated","dedicated":true,"status":"installed","ward":"Bayswater","cp_ids":"602207"}},{"type":"Feature","id":2158,"geometry":{"type":"Point","coordinates":[-0.196754,51.517352]},"properties":{"site":"Talbot Road","location":"At Or Outside 40","lamp_column":"10","operator":"Shell Recharge","speed_class":"lccp","speeds":"5.5kW","bays":1,"bay_types":"LCCP - Dedicated","dedicated":true,"status":"installed","ward":"Bayswater","cp_ids":"602432"}},{"type":"Feature","id":2159,"geometry":{"type":"Point","coordinates":[-0.196341,51.517327]},"properties":{"site":"Talbot Road","location":"At Or Outside 43","lamp_column":"11","operator":"Shell Recharge","speed_class":"lccp","speeds":"5.5kW","bays":1,"bay_types":"LCCP","dedicated":false,"status":"installed","ward":"Bayswater","cp_ids":"602205"}},{"type":"Feature","id":2160,"geometry":{"type":"Point","coordinates":[-0.1991,51.517014]},"properties":{"site":"Talbot Road","location":"Opposite Courtnell Street","lamp_column":"4","operator":"Shell Recharge","speed_class":"lccp","speeds":"5.5kW","bays":1,"bay_types":"LCCP","dedicated":false,"status":"installed","ward":"Westbourne","cp_ids":"807890"}},{"type":"Feature","id":2161,"geometry":{"type":"Point","coordinates":[-0.193995,51.517854]},"properties":{"site":"Talbot Road","location":"Opposite No. 17","lamp_column":null,"operator":"TotalEnergies","speed_class":"fast","speeds":"22kW","bays":2,"bay_types":"EV Bay","dedicated":true,"status":"installed","ward":"Bayswater","cp_ids":"TBC"}},{"type":"Feature","id":2162,"geometry":{"type":"Point","coordinates":[-0.17434,51.514897]},"properties":{"site":"Talbot Square","location":"At Or Outside 6","lamp_column":"9","operator":"Shell Recharge","speed_class":"lccp","speeds":"5.5kW","bays":1,"bay_types":"LCCP","dedicated":false,"status":"installed","ward":"Hyde Park","cp_ids":"802010"}},{"type":"Feature","id":2163,"geometry":{"type":"Point","coordinates":[-0.163108,51.525142]},"properties":{"site":"Taunton Place","location":"At Or Outside Balcmbe House","lamp_column":"2","operator":"Shell Recharge","speed_class":"lccp","speeds":"5.5kW","bays":1,"bay_types":"LCCP - Dedicated","dedicated":true,"status":"installed","ward":"Regent's Park","cp_ids":"809201"}},{"type":"Feature","id":2164,"geometry":{"type":"Point","coordinates":[-0.163434,51.525183]},"properties":{"site":"Taunton Place","location":"Opposite Boston Place","lamp_column":"1","operator":"Shell Recharge","speed_class":"lccp","speeds":"5.5kW","bays":1,"bay_types":"LCCP","dedicated":false,"status":"installed","ward":"Regent's Park","cp_ids":"606577"}},{"type":"Feature","id":2165,"geometry":{"type":"Point","coordinates":[-0.201455,51.520449]},"properties":{"site":"Tavistock Crescent","location":"At Or Outside Hammer Court","lamp_column":"4","operator":"Shell Recharge","speed_class":"lccp","speeds":"5.5kW","bays":1,"bay_types":"LCCP","dedicated":false,"status":"installed","ward":"Westbourne","cp_ids":"807897"}},{"type":"Feature","id":2166,"geometry":{"type":"Point","coordinates":[-0.202071,51.520455]},"properties":{"site":"Tavistock Crescent","location":"Opposite Harford House","lamp_column":"2","operator":"Shell Recharge","speed_class":"lccp","speeds":"5.5kW","bays":1,"bay_types":"LCCP","dedicated":false,"status":"installed","ward":"Westbourne","cp_ids":"807891"}},{"type":"Feature","id":2167,"geometry":{"type":"Point","coordinates":[-0.201922,51.520054]},"properties":{"site":"Tavistock Road","location":"Opposite 3","lamp_column":"4","operator":"Shell Recharge","speed_class":"lccp","speeds":"5.5kW","bays":1,"bay_types":"LCCP - Dedicated","dedicated":true,"status":"installed","ward":"Westbourne","cp_ids":"605235"}},{"type":"Feature","id":2168,"geometry":{"type":"Point","coordinates":[-0.201569,51.520173]},"properties":{"site":"Tavistock Road","location":"Opposite 7","lamp_column":"5","operator":"Shell Recharge","speed_class":"lccp","speeds":"5.5kW","bays":1,"bay_types":"LCCP","dedicated":false,"status":"installed","ward":"Westbourne","cp_ids":"807893"}},{"type":"Feature","id":2169,"geometry":{"type":"Point","coordinates":[-0.201327,51.520264]},"properties":{"site":"Tavistock Road","location":"Opposite Aldridge Rd","lamp_column":"6","operator":"Shell Recharge","speed_class":"lccp","speeds":"5.5kW","bays":1,"bay_types":"LCCP","dedicated":false,"status":"installed","ward":"Westbourne","cp_ids":"807896"}},{"type":"Feature","id":2170,"geometry":{"type":"Point","coordinates":[-0.141548,51.485826]},"properties":{"site":"Telford Terrace","location":"Opposite Anson House","lamp_column":"97","operator":"Shell Recharge","speed_class":"lccp","speeds":"5.5kW","bays":1,"bay_types":"LCCP","dedicated":false,"status":"installed","ward":"Pimlico South","cp_ids":"809505"}},{"type":"Feature","id":2171,"geometry":{"type":"Point","coordinates":[-0.142247,51.485926]},"properties":{"site":"Telford Terrace","location":"Opposite Ripley House","lamp_column":"91","operator":"Shell Recharge","speed_class":"lccp","speeds":"5.5kW","bays":1,"bay_types":"LCCP","dedicated":false,"status":"installed","ward":"Pimlico South","cp_ids":"809504"}},{"type":"Feature","id":2172,"geometry":{"type":"Point","coordinates":[-0.112471,51.511407]},"properties":{"site":"Temple Place","location":"Opposite 2","lamp_column":null,"operator":"TotalEnergies","speed_class":"fast","speeds":"7kW","bays":2,"bay_types":"EV Bay","dedicated":true,"status":"installed","ward":"St James's","cp_ids":"9860001254, 9860001238"}},{"type":"Feature","id":2173,"geometry":{"type":"Point","coordinates":[-0.20766,51.527941]},"properties":{"site":"Third Avenue","location":"At Or Outside 17/19","lamp_column":"18","operator":"Shell Recharge","speed_class":"lccp","speeds":"5.5kW","bays":1,"bay_types":"LCCP","dedicated":false,"status":"installed","ward":"Queen's Park","cp_ids":"606509"}},{"type":"Feature","id":2174,"geometry":{"type":"Point","coordinates":[-0.209614,51.531089]},"properties":{"site":"Third Avenue","location":"At Or Outside 178","lamp_column":"4","operator":"Shell Recharge","speed_class":"lccp","speeds":"5.5kW","bays":1,"bay_types":"LCCP","dedicated":false,"status":"installed","ward":"Queen's Park","cp_ids":"806257"}},{"type":"Feature","id":2175,"geometry":{"type":"Point","coordinates":[-0.209964,51.53126]},"properties":{"site":"Third Avenue","location":"At Or Outside 196","lamp_column":"3","operator":"Shell Recharge","speed_class":"lccp","speeds":"5.5kW","bays":1,"bay_types":"LCCP","dedicated":false,"status":"installed","ward":"Queen's Park","cp_ids":"806259"}},{"type":"Feature","id":2176,"geometry":{"type":"Point","coordinates":[-0.207359,51.528569]},"properties":{"site":"Third Avenue","location":"At Or Outside 60","lamp_column":"16","operator":"Shell Recharge","speed_class":"lccp","speeds":"5.5kW","bays":1,"bay_types":"LCCP","dedicated":false,"status":"installed","ward":"Queen's Park","cp_ids":"806261"}},{"type":"Feature","id":2177,"geometry":{"type":"Point","coordinates":[-0.207381,51.528913]},"properties":{"site":"Third Avenue","location":"At Or Outside 68 Barten House","lamp_column":"14","operator":"Shell Recharge","speed_class":"lccp","speeds":"5.5kW","bays":1,"bay_types":"LCCP - Dedicated","dedicated":true,"status":"installed","ward":"Queen's Park","cp_ids":"605098"}},{"type":"Feature","id":2178,"geometry":{"type":"Point","coordinates":[-0.209243,51.530806]},"properties":{"site":"Third Avenue","location":"Opposite 174l Beethoven Centre","lamp_column":"5","operator":"Shell Recharge","speed_class":"lccp","speeds":"5.5kW","bays":1,"bay_types":"LCCP","dedicated":false,"status":"installed","ward":"Queen's Park","cp_ids":"806252"}},{"type":"Feature","id":2179,"geometry":{"type":"Point","coordinates":[-0.207519,51.529449]},"properties":{"site":"Third Avenue","location":"Opposite 61","lamp_column":"12","operator":"Shell Recharge","speed_class":"lccp","speeds":"5.5kW","bays":1,"bay_types":"LCCP","dedicated":false,"status":"installed","ward":"Queen's Park","cp_ids":"806254"}},{"type":"Feature","id":2180,"geometry":{"type":"Point","coordinates":[-0.207653,51.529964]},"properties":{"site":"Third Avenue","location":"Opposite 79/81","lamp_column":"10","operator":"Shell Recharge","speed_class":"lccp","speeds":"5.5kW","bays":1,"bay_types":"LCCP","dedicated":false,"status":"installed","ward":"Queen's Park","cp_ids":"806256"}},{"type":"Feature","id":2181,"geometry":{"type":"Point","coordinates":[-0.138908,51.496377]},"properties":{"site":"Thirleby Road","location":"At Or Outside 15 To 28 Ashley Gardens","lamp_column":"5","operator":"Shell Recharge","speed_class":"lccp","speeds":"5.5kW","bays":1,"bay_types":"LCCP","dedicated":false,"status":"installed","ward":"Vincent Square","cp_ids":"801144"}},{"type":"Feature","id":2182,"geometry":{"type":"Point","coordinates":[-0.13863,51.496378]},"properties":{"site":"Thirleby Road","location":"At Or Outside 71 To 83 Ashley Gardens","lamp_column":"6","operator":"Shell Recharge","speed_class":"lccp","speeds":"5.5kW","bays":1,"bay_types":"LCCP","dedicated":false,"status":"installed","ward":"Vincent Square","cp_ids":"807149"}},{"type":"Feature","id":2183,"geometry":{"type":"Point","coordinates":[-0.137842,51.495545]},"properties":{"site":"Thirleby Road","location":"At Or Outside Block 11 Flat 148","lamp_column":"12","operator":"Shell Recharge","speed_class":"lccp","speeds":"5.5kW","bays":1,"bay_types":"LCCP","dedicated":false,"status":"installed","ward":"Vincent Square","cp_ids":"807143"}},{"type":"Feature","id":2184,"geometry":{"type":"Point","coordinates":[-0.13838,51.496086]},"properties":{"site":"Thirleby Road","location":"Opposite 100 To 115 Ashley Gardens","lamp_column":"8","operator":"Shell Recharge","speed_class":"lccp","speeds":"5.5kW","bays":1,"bay_types":"LCCP - Dedicated","dedicated":true,"status":"installed","ward":"Vincent Square","cp_ids":"606713"}},{"type":"Feature","id":2185,"geometry":{"type":"Point","coordinates":[-0.138115,51.495823]},"properties":{"site":"Thirleby Road","location":"Opposite 116 To 131 Ashley Gardens","lamp_column":"10","operator":"Shell Recharge","speed_class":"lccp","speeds":"5.5kW","bays":1,"bay_types":"LCCP","dedicated":false,"status":"installed","ward":"Vincent Square","cp_ids":"807145"}},{"type":"Feature","id":2186,"geometry":{"type":"Point","coordinates":[-0.192602,51.525303]},"properties":{"site":"Thorngate Road","location":"At Or Outside 3","lamp_column":"2","operator":"Shell Recharge","speed_class":"lccp","speeds":"5.5kW","bays":1,"bay_types":"LCCP","dedicated":false,"status":"installed","ward":"Harrow Road","cp_ids":"807177"}},{"type":"Feature","id":2187,"geometry":{"type":"Point","coordinates":[-0.192783,51.5254]},"properties":{"site":"Thorngate Road","location":"At Or Outside 7","lamp_column":"3","operator":"Shell Recharge","speed_class":"lccp","speeds":"5.5kW","bays":1,"bay_types":"LCCP","dedicated":false,"status":"installed","ward":"Harrow Road","cp_ids":"807173"}},{"type":"Feature","id":2188,"geometry":{"type":"Point","coordinates":[-0.193018,51.525435]},"properties":{"site":"Thorngate Road","location":"Opposite 11ab","lamp_column":"4","operator":"Shell Recharge","speed_class":"lccp","speeds":"5.5kW","bays":1,"bay_types":"LCCP","dedicated":false,"status":"installed","ward":"Harrow Road","cp_ids":"807174"}},{"type":"Feature","id":2189,"geometry":{"type":"Point","coordinates":[-0.192395,51.525166]},"properties":{"site":"Thorngate Road","location":"Side Of 56 Marylands Rd","lamp_column":"1","operator":"Shell Recharge","speed_class":"lccp","speeds":"5.5kW","bays":1,"bay_types":"LCCP","dedicated":false,"status":"installed","ward":"Harrow Road","cp_ids":"807175"}},{"type":"Feature","id":2190,"geometry":{"type":"Point","coordinates":[-0.162442,51.535803]},"properties":{"site":"Titchfield Road","location":"At Or Outside Titchfield House","lamp_column":"2","operator":"Shell Recharge","speed_class":"lccp","speeds":"5.5kW","bays":1,"bay_types":"LCCP","dedicated":false,"status":"installed","ward":"Regent's Park","cp_ids":"806362"}},{"type":"Feature","id":2191,"geometry":{"type":"Point","coordinates":[-0.162407,51.535606]},"properties":{"site":"Titchfield Road","location":"Near Jct Prince Albert Road","lamp_column":"1","operator":"Shell Recharge","speed_class":"lccp","speeds":"5.5kW","bays":1,"bay_types":"LCCP","dedicated":false,"status":"installed","ward":"Regent's Park","cp_ids":"606700"}},{"type":"Feature","id":2192,"geometry":{"type":"Point","coordinates":[-0.162929,51.536058]},"properties":{"site":"Titchfield Road","location":"Opposite St James Terrace Mews","lamp_column":"3","operator":"Shell Recharge","speed_class":"lccp","speeds":"5.5kW","bays":1,"bay_types":"LCCP","dedicated":false,"status":"installed","ward":"Regent's Park","cp_ids":"801194"}},{"type":"Feature","id":2193,"geometry":{"type":"Point","coordinates":[-0.191633,51.520398]},"properties":{"site":"Torquay Street","location":"At J/W Harrow Rd Opp Entrance To Shell Garage","lamp_column":null,"operator":"To be confirmed","speed_class":"rapid","speeds":"50-100kW","bays":1,"bay_types":"EV Bay","dedicated":true,"status":"planned","ward":"Westbourne","cp_ids":null}},{"type":"Feature","id":2194,"geometry":{"type":"Point","coordinates":[-0.132389,51.499757]},"properties":{"site":"Tothill Street","location":"Opposite 37/45","lamp_column":"2","operator":"Shell Recharge","speed_class":"lccp","speeds":"5.5kW","bays":1,"bay_types":"LCCP","dedicated":false,"status":"installed","ward":"St James's","cp_ids":"807565"}},{"type":"Feature","id":2195,"geometry":{"type":"Point","coordinates":[-0.130286,51.499741]},"properties":{"site":"Tothill Street","location":"Outside 1a","lamp_column":"9","operator":"Shell Recharge","speed_class":"lccp","speeds":"5.5kW","bays":1,"bay_types":"LCCP","dedicated":false,"status":"installed","ward":"St James's","cp_ids":"807561"}},{"type":"Feature","id":2196,"geometry":{"type":"Point","coordinates":[-0.131826,51.499766]},"properties":{"site":"Tothill Street","location":"Outside 31/35","lamp_column":"4","operator":"Shell Recharge","speed_class":"lccp","speeds":"5.5kW","bays":1,"bay_types":"LCCP","dedicated":false,"status":"installed","ward":"St James's","cp_ids":"809507"}},{"type":"Feature","id":2197,"geometry":{"type":"Point","coordinates":[-0.167331,51.536479]},"properties":{"site":"Townshend Road","location":"At Or Outside 46","lamp_column":"6","operator":"Shell Recharge","speed_class":"lccp","speeds":"5.5kW","bays":1,"bay_types":"LCCP - Dedicated","dedicated":true,"status":"installed","ward":"Regent's Park","cp_ids":"606954"}},{"type":"Feature","id":2198,"geometry":{"type":"Point","coordinates":[-0.168233,51.53694]},"properties":{"site":"Townshend Road","location":"At Or Outside 49a","lamp_column":"3","operator":"Shell Recharge","speed_class":"lccp","speeds":"5.5kW","bays":1,"bay_types":"LCCP","dedicated":false,"status":"installed","ward":"Regent's Park","cp_ids":"806708"}},{"type":"Feature","id":2199,"geometry":{"type":"Point","coordinates":[-0.168376,51.53719]},"properties":{"site":"Townshend Road","location":"At Or Outside 62","lamp_column":"2","operator":"Shell Recharge","speed_class":"lccp","speeds":"5.5kW","bays":1,"bay_types":"LCCP","dedicated":false,"status":"installed","ward":"Regent's Park","cp_ids":"606955"}},{"type":"Feature","id":2200,"geometry":{"type":"Point","coordinates":[-0.168674,51.537396]},"properties":{"site":"Townshend Road","location":"At Or Outside 66","lamp_column":"1","operator":"Shell Recharge","speed_class":"lccp","speeds":"5.5kW","bays":1,"bay_types":"LCCP","dedicated":false,"status":"installed","ward":"Regent's Park","cp_ids":"606851"}},{"type":"Feature","id":2201,"geometry":{"type":"Point","coordinates":[-0.167331,51.536324]},"properties":{"site":"Townshend Road","location":"Opposite 38","lamp_column":"7","operator":"Shell Recharge","speed_class":"lccp","speeds":"5.5kW","bays":1,"bay_types":"LCCP","dedicated":false,"status":"installed","ward":"Regent's Park","cp_ids":"602454"}},{"type":"Feature","id":2202,"geometry":{"type":"Point","coordinates":[-0.165169,51.535017]},"properties":{"site":"Townshend Road","location":"Outside 1-54 London House (Opposite Mackennal Street)","lamp_column":"14","operator":"Shell Recharge","speed_class":"lccp","speeds":"5.5kW","bays":1,"bay_types":"LCCP","dedicated":false,"status":"installed","ward":"Regent's Park","cp_ids":"602455"}},{"type":"Feature","id":2203,"geometry":{"type":"Point","coordinates":[-0.167179,51.519529]},"properties":{"site":"Transept Street","location":"Transept Street 3 (Sign Only)","lamp_column":"S3","operator":"Shell Recharge","speed_class":"lccp","speeds":"5.5kW","bays":1,"bay_types":"LCCP","dedicated":false,"status":"installed","ward":"Hyde Park","cp_ids":"805509"}},{"type":"Feature","id":2204,"geometry":{"type":"Point","coordinates":[-0.167076,51.526313]},"properties":{"site":"Tresham Crescent","location":"Opp 23","lamp_column":"5","operator":"Shell Recharge","speed_class":"lccp","speeds":"5.5kW","bays":1,"bay_types":"LCCP","dedicated":false,"status":"installed","ward":"Church Street","cp_ids":"805091"}},{"type":"Feature","id":2205,"geometry":{"type":"Point","coordinates":[-0.16618,51.52654]},"properties":{"site":"Tresham Crescent","location":"Outside Flats","lamp_column":"14","operator":"Shell Recharge","speed_class":"lccp","speeds":"5.5kW","bays":1,"bay_types":"LCCP - Dedicated","dedicated":true,"status":"installed","ward":"Church Street","cp_ids":"605308"}},{"type":"Feature","id":2206,"geometry":{"type":"Point","coordinates":[-0.165307,51.500215]},"properties":{"site":"Trevor Place","location":"At Or Outside 21","lamp_column":"8","operator":"Shell Recharge","speed_class":"lccp","speeds":"5.5kW","bays":1,"bay_types":"LCCP - Dedicated","dedicated":true,"status":"installed","ward":"Knightsbridge & Belgravia","cp_ids":"606825"}},{"type":"Feature","id":2207,"geometry":{"type":"Point","coordinates":[-0.128495,51.496426]},"properties":{"site":"Tufton Street","location":"Emmanuel Church, Tufton St, Sw1p 3qh  Opposite 41-51 Tufton Street Sw1p 3qh","lamp_column":null,"operator":"TotalEnergies","speed_class":"fast","speeds":"22kW","bays":2,"bay_types":"EV Bay","dedicated":true,"status":"installed","ward":"St James's","cp_ids":"TBC"}},{"type":"Feature","id":2208,"geometry":{"type":"Point","coordinates":[-0.136734,51.492634]},"properties":{"site":"Udall Street","location":"Opposite Flat 1","lamp_column":"2","operator":"Shell Recharge","speed_class":"lccp","speeds":"5.5kW","bays":1,"bay_types":"LCCP","dedicated":false,"status":"installed","ward":"Vincent Square","cp_ids":"806371"}},{"type":"Feature","id":2209,"geometry":{"type":"Point","coordinates":[-0.151509,51.498756]},"properties":{"site":"Upper Belgrave Street","location":"At Or Outside 36","lamp_column":"2","operator":"Shell Recharge","speed_class":"lccp","speeds":"5.5kW","bays":1,"bay_types":"LCCP - Dedicated","dedicated":true,"status":"installed","ward":"Knightsbridge & Belgravia","cp_ids":"606761"}},{"type":"Feature","id":2210,"geometry":{"type":"Point","coordinates":[-0.150992,51.498428]},"properties":{"site":"Upper Belgrave Street","location":"Opposite 4","lamp_column":"4","operator":"Shell Recharge","speed_class":"lccp","speeds":"5.5kW","bays":1,"bay_types":"LCCP","dedicated":false,"status":"installed","ward":"Knightsbridge & Belgravia","cp_ids":"805120"}},{"type":"Feature","id":2211,"geometry":{"type":"Point","coordinates":[-0.160726,51.515427]},"properties":{"site":"Upper Berkeley Street","location":"At Or Outside 21/23","lamp_column":"5","operator":"Shell Recharge","speed_class":"lccp","speeds":"5.5kW","bays":1,"bay_types":"LCCP - Dedicated","dedicated":true,"status":"installed","ward":"Marylebone","cp_ids":"809326"}},{"type":"Feature","id":2212,"geometry":{"type":"Point","coordinates":[-0.161679,51.515174]},"properties":{"site":"Upper Berkeley Street","location":"At Or Outside 48","lamp_column":"3","operator":"Shell Recharge","speed_class":"lccp","speeds":"5.5kW","bays":1,"bay_types":"LCCP","dedicated":false,"status":"installed","ward":"Marylebone","cp_ids":"807478"}},{"type":"Feature","id":2213,"geometry":{"type":"Point","coordinates":[-0.159159,51.515582]},"properties":{"site":"Upper Berkeley Street","location":"At Or Outside 63","lamp_column":"8","operator":"Shell Recharge","speed_class":"lccp","speeds":"5.5kW","bays":1,"bay_types":"LCCP","dedicated":false,"status":"installed","ward":"Marylebone","cp_ids":"809327"}},{"type":"Feature","id":2214,"geometry":{"type":"Point","coordinates":[-0.158197,51.51574]},"properties":{"site":"Upper Berkeley Street","location":"At Or Outside 71","lamp_column":"10","operator":"Shell Recharge","speed_class":"lccp","speeds":"5.5kW","bays":1,"bay_types":"LCCP","dedicated":false,"status":"installed","ward":"Marylebone","cp_ids":"809328"}},{"type":"Feature","id":2215,"geometry":{"type":"Point","coordinates":[-0.154588,51.510267]},"properties":{"site":"Upper Grosvenor Street","location":"At Or Outside 12mtrs From Park Street","lamp_column":"7","operator":"Shell Recharge","speed_class":"lccp","speeds":"5.5kW","bays":1,"bay_types":"LCCP","dedicated":false,"status":"installed","ward":"West End","cp_ids":"801641"}},{"type":"Feature","id":2216,"geometry":{"type":"Point","coordinates":[-0.155273,51.510105]},"properties":{"site":"Upper Grosvenor Street","location":"Opposite 20 Upper Grosvenor Street","lamp_column":null,"operator":"TotalEnergies","speed_class":"fast","speeds":"22kW","bays":2,"bay_types":"EV Bay","dedicated":true,"status":"installed","ward":"West End","cp_ids":null}},{"type":"Feature","id":2217,"geometry":{"type":"Point","coordinates":[-0.16044,51.520125]},"properties":{"site":"Upper Montagu Street","location":"At Or Outside 38","lamp_column":"8","operator":"Shell Recharge","speed_class":"lccp","speeds":"5.5kW","bays":1,"bay_types":"LCCP","dedicated":false,"status":"installed","ward":"Marylebone","cp_ids":"801109"}},{"type":"Feature","id":2218,"geometry":{"type":"Point","coordinates":[-0.160798,51.520565]},"properties":{"site":"Upper Montagu Street","location":"At Or Outside 39 S/O York House","lamp_column":"4","operator":"Shell Recharge","speed_class":"lccp","speeds":"5.5kW","bays":1,"bay_types":"LCCP","dedicated":false,"status":"installed","ward":"Marylebone","cp_ids":"801991"}},{"type":"Feature","id":2219,"geometry":{"type":"Point","coordinates":[-0.160678,51.520623]},"properties":{"site":"Upper Montagu Street","location":"At Or Outside 48","lamp_column":"FP1","operator":"Shell Recharge","speed_class":"lccp","speeds":"5.5kW","bays":1,"bay_types":"LCCP","dedicated":false,"status":"installed","ward":"Marylebone","cp_ids":"603301"}},{"type":"Feature","id":2220,"geometry":{"type":"Point","coordinates":[-0.159953,51.519064]},"properties":{"site":"Upper Montagu Street","location":"At Or Outside 6","lamp_column":"12","operator":"Shell Recharge","speed_class":"lccp","speeds":"5.5kW","bays":1,"bay_types":"LCCP - Dedicated","dedicated":true,"status":"installed","ward":"Marylebone","cp_ids":"603303"}},{"type":"Feature","id":2221,"geometry":{"type":"Point","coordinates":[-0.127021,51.512578]},"properties":{"site":"Upper St Martin's Lane","location":"Opposite West Street","lamp_column":"2","operator":"Shell Recharge","speed_class":"lccp","speeds":"5.5kW","bays":1,"bay_types":"LCCP - Dedicated","dedicated":true,"status":"installed","ward":"St James's","cp_ids":"602512"}},{"type":"Feature","id":2222,"geometry":{"type":"Point","coordinates":[-0.139227,51.492961]},"properties":{"site":"Upper Tachbrook Street","location":"Opposite 24","lamp_column":"4","operator":"Shell Recharge","speed_class":"lccp","speeds":"5.5kW","bays":1,"bay_types":"LCCP","dedicated":false,"status":"installed","ward":"Pimlico North","cp_ids":"808379"}},{"type":"Feature","id":2223,"geometry":{"type":"Point","coordinates":[-0.14924,51.520488]},"properties":{"site":"Upper Wimpole Street","location":"At Or Outside 1","lamp_column":"6","operator":"Shell Recharge","speed_class":"lccp","speeds":"5.5kW","bays":1,"bay_types":"LCCP","dedicated":false,"status":"installed","ward":"Marylebone","cp_ids":"805327"}},{"type":"Feature","id":2224,"geometry":{"type":"Point","coordinates":[-0.149566,51.521319]},"properties":{"site":"Upper Wimpole Street","location":"At Or Outside 13","lamp_column":"2","operator":"Shell Recharge","speed_class":"lccp","speeds":"5.5kW","bays":1,"bay_types":"LCCP - Dedicated","dedicated":true,"status":"installed","ward":"Marylebone","cp_ids":"602021"}},{"type":"Feature","id":2225,"geometry":{"type":"Point","coordinates":[-0.149589,51.520877]},"properties":{"site":"Upper Wimpole Street","location":"At Or Outside 19","lamp_column":"3","operator":"Shell Recharge","speed_class":"lccp","speeds":"5.5kW","bays":1,"bay_types":"LCCP - Dedicated","dedicated":true,"status":"installed","ward":"Marylebone","cp_ids":"602019"}},{"type":"Feature","id":2226,"geometry":{"type":"Point","coordinates":[-0.149411,51.520472]},"properties":{"site":"Upper Wimpole Street","location":"At Or Outside 25","lamp_column":"5","operator":"Shell Recharge","speed_class":"lccp","speeds":"5.5kW","bays":1,"bay_types":"LCCP","dedicated":false,"status":"installed","ward":"Marylebone","cp_ids":"801751"}},{"type":"Feature","id":2227,"geometry":{"type":"Point","coordinates":[-0.149422,51.520893]},"properties":{"site":"Upper Wimpole Street","location":"Opposite 19","lamp_column":"4","operator":"Shell Recharge","speed_class":"lccp","speeds":"5.5kW","bays":1,"bay_types":"LCCP - Dedicated","dedicated":true,"status":"installed","ward":"Marylebone","cp_ids":"602020"}},{"type":"Feature","id":2228,"geometry":{"type":"Point","coordinates":[-0.13359,51.49319]},"properties":{"site":"Vincent Square","location":"At Or Outside No.10/11","lamp_column":"13","operator":"Shell Recharge","speed_class":"lccp","speeds":"5.5kW","bays":1,"bay_types":"LCCP","dedicated":false,"status":"installed","ward":"Vincent Square","cp_ids":"807136"}},{"type":"Feature","id":2229,"geometry":{"type":"Point","coordinates":[-0.133852,51.492831]},"properties":{"site":"Vincent Square","location":"At Or Outside No.16/17","lamp_column":"15","operator":"Shell Recharge","speed_class":"lccp","speeds":"5.5kW","bays":1,"bay_types":"LCCP","dedicated":false,"status":"installed","ward":"Vincent Square","cp_ids":"807130"}},{"type":"Feature","id":2230,"geometry":{"type":"Point","coordinates":[-0.134151,51.492399]},"properties":{"site":"Vincent Square","location":"At Or Outside No.1a-25a","lamp_column":"17","operator":"Shell Recharge","speed_class":"lccp","speeds":"5.5kW","bays":1,"bay_types":"LCCP","dedicated":false,"status":"installed","ward":"Vincent Square","cp_ids":"801363"}},{"type":"Feature","id":2231,"geometry":{"type":"Point","coordinates":[-0.133973,51.492656]},"properties":{"site":"Vincent Square","location":"At Or Outside No.21","lamp_column":"16","operator":"Shell Recharge","speed_class":"lccp","speeds":"5.5kW","bays":1,"bay_types":"LCCP","dedicated":false,"status":"installed","ward":"Vincent Square","cp_ids":"806385"}},{"type":"Feature","id":2232,"geometry":{"type":"Point","coordinates":[-0.134295,51.492199]},"properties":{"site":"Vincent Square","location":"At Or Outside No.22","lamp_column":"18","operator":"Shell Recharge","speed_class":"lccp","speeds":"5.5kW","bays":1,"bay_types":"LCCP","dedicated":false,"status":"installed","ward":"Vincent Square","cp_ids":"801364"}},{"type":"Feature","id":2233,"geometry":{"type":"Point","coordinates":[-0.133425,51.493426]},"properties":{"site":"Vincent Square","location":"At Or Outside No.5","lamp_column":"12","operator":"Shell Recharge","speed_class":"lccp","speeds":"5.5kW","bays":1,"bay_types":"LCCP","dedicated":false,"status":"installed","ward":"Vincent Square","cp_ids":"807138"}},{"type":"Feature","id":2234,"geometry":{"type":"Point","coordinates":[-0.136695,51.493576]},"properties":{"site":"Vincent Square","location":"At Or Outside Police Court","lamp_column":"32","operator":"Shell Recharge","speed_class":"lccp","speeds":"5.5kW","bays":1,"bay_types":"LCCP","dedicated":false,"status":"installed","ward":"Vincent Square","cp_ids":"806374"}},{"type":"Feature","id":2235,"geometry":{"type":"Point","coordinates":[-0.136361,51.493819]},"properties":{"site":"Vincent Square","location":"Near No.68 Near Junction Of Vane Street","lamp_column":"33","operator":"Shell Recharge","speed_class":"lccp","speeds":"5.5kW","bays":1,"bay_types":"LCCP","dedicated":false,"status":"installed","ward":"Vincent Square","cp_ids":"801367"}},{"type":"Feature","id":2236,"geometry":{"type":"Point","coordinates":[-0.134862,51.492052]},"properties":{"site":"Vincent Square","location":"Opposite No.30","lamp_column":"21","operator":"Shell Recharge","speed_class":"lccp","speeds":"5.5kW","bays":1,"bay_types":"LCCP - Dedicated","dedicated":true,"status":"installed","ward":"Vincent Square","cp_ids":"606707"}},{"type":"Feature","id":2237,"geometry":{"type":"Point","coordinates":[-0.135455,51.492356]},"properties":{"site":"Vincent Square","location":"Opposite No.43","lamp_column":"23","operator":"Shell Recharge","speed_class":"lccp","speeds":"5.5kW","bays":1,"bay_types":"LCCP","dedicated":false,"status":"installed","ward":"Vincent Square","cp_ids":"801366"}},{"type":"Feature","id":2238,"geometry":{"type":"Point","coordinates":[-0.134034,51.493948]},"properties":{"site":"Vincent Square","location":"Opposite No.85 At Junction Maunsel Street","lamp_column":"8","operator":"Shell Recharge","speed_class":"lccp","speeds":"5.5kW","bays":1,"bay_types":"LCCP","dedicated":false,"status":"installed","ward":"Vincent Square","cp_ids":"801321"}},{"type":"Feature","id":2239,"geometry":{"type":"Point","coordinates":[-0.133763,51.493836]},"properties":{"site":"Vincent Square","location":"Opposite No.86","lamp_column":"9","operator":"Shell Recharge","speed_class":"lccp","speeds":"5.5kW","bays":1,"bay_types":"LCCP","dedicated":false,"status":"installed","ward":"Vincent Square","cp_ids":"807132"}},{"type":"Feature","id":2240,"geometry":{"type":"Point","coordinates":[-0.135032,51.492137]},"properties":{"site":"Vincent Square","location":"Opposite Standford Street","lamp_column":"22","operator":"Shell Recharge","speed_class":"lccp","speeds":"5.5kW","bays":1,"bay_types":"LCCP","dedicated":false,"status":"installed","ward":"Vincent Square","cp_ids":"801365"}},{"type":"Feature","id":2241,"geometry":{"type":"Point","coordinates":[-0.136448,51.492856]},"properties":{"site":"Vincent Square","location":"Opposite Udall Street","lamp_column":"28","operator":"Shell Recharge","speed_class":"lccp","speeds":"5.5kW","bays":1,"bay_types":"LCCP","dedicated":false,"status":"installed","ward":"Vincent Square","cp_ids":"806380"}},{"type":"Feature","id":2242,"geometry":{"type":"Point","coordinates":[-0.133839,51.493016]},"properties":{"site":"Vincent Square","location":"Opposite Vincent Street","lamp_column":"14","operator":"Shell Recharge","speed_class":"lccp","speeds":"5.5kW","bays":1,"bay_types":"LCCP - Dedicated","dedicated":true,"status":"installed","ward":"Vincent Square","cp_ids":"606706"}},{"type":"Feature","id":2243,"geometry":{"type":"Point","coordinates":[-0.136046,51.494728]},"properties":{"site":"Vincent Square","location":"Side Of No.72 Vincent Square","lamp_column":"1","operator":"Shell Recharge","speed_class":"lccp","speeds":"5.5kW","bays":1,"bay_types":"LCCP","dedicated":false,"status":"installed","ward":"Vincent Square","cp_ids":"801368"}},{"type":"Feature","id":2244,"geometry":{"type":"Point","coordinates":[-0.133714,51.492972]},"properties":{"site":"Vincent Street","location":"At Or Outside 14 Vincent Square","lamp_column":"1","operator":"Shell Recharge","speed_class":"lccp","speeds":"5.5kW","bays":1,"bay_types":"LCCP","dedicated":false,"status":"installed","ward":"Vincent Square","cp_ids":"806387"}},{"type":"Feature","id":2245,"geometry":{"type":"Point","coordinates":[-0.129843,51.492984]},"properties":{"site":"Vincent Street","location":"At Or Outside Dukes House","lamp_column":"13","operator":"Shell Recharge","speed_class":"lccp","speeds":"5.5kW","bays":1,"bay_types":"LCCP","dedicated":false,"status":"installed","ward":"Vincent Square","cp_ids":"806384"}},{"type":"Feature","id":2246,"geometry":{"type":"Point","coordinates":[-0.131474,51.492993]},"properties":{"site":"Vincent Street","location":"At Or Outside Jessel House","lamp_column":"8","operator":"Shell Recharge","speed_class":"lccp","speeds":"5.5kW","bays":1,"bay_types":"LCCP","dedicated":false,"status":"installed","ward":"Vincent Square","cp_ids":"806381"}},{"type":"Feature","id":2247,"geometry":{"type":"Point","coordinates":[-0.130635,51.492952]},"properties":{"site":"Vincent Street","location":"At Or Outside Princess Mary House","lamp_column":"11","operator":"Shell Recharge","speed_class":"lccp","speeds":"5.5kW","bays":1,"bay_types":"LCCP","dedicated":false,"status":"installed","ward":"Vincent Square","cp_ids":"806389"}},{"type":"Feature","id":2248,"geometry":{"type":"Point","coordinates":[-0.131192,51.493005]},"properties":{"site":"Vincent Street","location":"At Or Outside Schomberg House","lamp_column":"9","operator":"Shell Recharge","speed_class":"lccp","speeds":"5.5kW","bays":1,"bay_types":"LCCP","dedicated":false,"status":"installed","ward":"Vincent Square","cp_ids":"806386"}},{"type":"Feature","id":2249,"geometry":{"type":"Point","coordinates":[-0.133376,51.492893]},"properties":{"site":"Vincent Street","location":"Side Of Stephen Parish","lamp_column":"2","operator":"Shell Recharge","speed_class":"lccp","speeds":"5.5kW","bays":1,"bay_types":"LCCP","dedicated":false,"status":"installed","ward":"Vincent Square","cp_ids":"806383"}},{"type":"Feature","id":2250,"geometry":{"type":"Point","coordinates":[-0.181645,51.532899]},"properties":{"site":"Violet Hill","location":"At Or Outside 9","lamp_column":"3","operator":"Shell Recharge","speed_class":"lccp","speeds":"5.5kW","bays":1,"bay_types":"LCCP","dedicated":false,"status":"installed","ward":"Abbey Road","cp_ids":"801361"}},{"type":"Feature","id":2251,"geometry":{"type":"Point","coordinates":[-0.181272,51.532414]},"properties":{"site":"Violet Hill","location":"Opposite 11 Abercorn Place","lamp_column":"1","operator":"Shell Recharge","speed_class":"lccp","speeds":"5.5kW","bays":1,"bay_types":"LCCP","dedicated":false,"status":"installed","ward":"Abbey Road","cp_ids":"806732"}},{"type":"Feature","id":2252,"geometry":{"type":"Point","coordinates":[-0.181486,51.532626]},"properties":{"site":"Violet Hill","location":"Opposite 4","lamp_column":"2","operator":"Shell Recharge","speed_class":"lccp","speeds":"5.5kW","bays":1,"bay_types":"LCCP","dedicated":false,"status":"installed","ward":"Abbey Road","cp_ids":"801360"}},{"type":"Feature","id":2253,"geometry":{"type":"Point","coordinates":[-0.200545,51.525145]},"properties":{"site":"Walterton Road","location":"At Or Outside 13c","lamp_column":"12","operator":"Shell Recharge","speed_class":"lccp","speeds":"5.5kW","bays":1,"bay_types":"LCCP","dedicated":false,"status":"installed","ward":"Harrow Road","cp_ids":"602084"}},{"type":"Feature","id":2254,"geometry":{"type":"Point","coordinates":[-0.200428,51.525401]},"properties":{"site":"Walterton Road","location":"At Or Outside 24bc","lamp_column":"11","operator":"Shell Recharge","speed_class":"lccp","speeds":"5.5kW","bays":1,"bay_types":"LCCP","dedicated":false,"status":"installed","ward":"Harrow Road","cp_ids":null}},{"type":"Feature","id":2255,"geometry":{"type":"Point","coordinates":[-0.200045,51.525573]},"properties":{"site":"Walterton Road","location":"At Or Outside 33/35","lamp_column":"10","operator":"Shell Recharge","speed_class":"lccp","speeds":"5.5kW","bays":1,"bay_types":"LCCP - Dedicated","dedicated":true,"status":"installed","ward":"Harrow Road","cp_ids":"606881"}},{"type":"Feature","id":2256,"geometry":{"type":"Point","coordinates":[-0.199885,51.525856]},"properties":{"site":"Walterton Road","location":"At Or Outside 40b","lamp_column":"9","operator":"Shell Recharge","speed_class":"lccp","speeds":"5.5kW","bays":1,"bay_types":"LCCP","dedicated":false,"status":"installed","ward":"Harrow Road","cp_ids":"602083"}},{"type":"Feature","id":2257,"geometry":{"type":"Point","coordinates":[-0.199427,51.526252]},"properties":{"site":"Walterton Road","location":"At Or Outside 52","lamp_column":"7","operator":"Shell Recharge","speed_class":"lccp","speeds":"5.5kW","bays":1,"bay_types":"LCCP","dedicated":false,"status":"installed","ward":"Harrow Road","cp_ids":"602082"}},{"type":"Feature","id":2258,"geometry":{"type":"Point","coordinates":[-0.198932,51.526675]},"properties":{"site":"Walterton Road","location":"At Or Outside 64/66","lamp_column":"5","operator":"Shell Recharge","speed_class":"lccp","speeds":"5.5kW","bays":1,"bay_types":"LCCP","dedicated":false,"status":"installed","ward":"Harrow Road","cp_ids":"806960"}},{"type":"Feature","id":2259,"geometry":{"type":"Point","coordinates":[-0.200961,51.524942]},"properties":{"site":"Walterton Road","location":"Opposite 5 Bcd","lamp_column":"13","operator":"Shell Recharge","speed_class":"lccp","speeds":"5.5kW","bays":1,"bay_types":"LCCP","dedicated":false,"status":"installed","ward":"Harrow Road","cp_ids":"806957"}},{"type":"Feature","id":2260,"geometry":{"type":"Point","coordinates":[-0.19853,51.526861]},"properties":{"site":"Walterton Road","location":"Opposite 76","lamp_column":"4","operator":"Shell Recharge","speed_class":"lccp","speeds":"5.5kW","bays":1,"bay_types":"LCCP","dedicated":false,"status":"installed","ward":"Harrow Road","cp_ids":"805163"}},{"type":"Feature","id":2261,"geometry":{"type":"Point","coordinates":[-0.134812,51.51442]},"properties":{"site":"Wardour Street","location":"At Or Ouside No.155","lamp_column":"23","operator":"Shell Recharge","speed_class":"lccp","speeds":"5.5kW","bays":1,"bay_types":"LCCP","dedicated":false,"status":"installed","ward":"West End","cp_ids":"805280"}},{"type":"Feature","id":2262,"geometry":{"type":"Point","coordinates":[-0.199503,51.526677]},"properties":{"site":"Warlock Road","location":"At Or Outside 21","lamp_column":"6","operator":"Shell Recharge","speed_class":"lccp","speeds":"5.5kW","bays":1,"bay_types":"LCCP","dedicated":false,"status":"installed","ward":"Harrow Road","cp_ids":"806952"}},{"type":"Feature","id":2263,"geometry":{"type":"Point","coordinates":[-0.199768,51.52673]},"properties":{"site":"Warlock Road","location":"At Or Outside 27b","lamp_column":"5","operator":"Shell Recharge","speed_class":"lccp","speeds":"5.5kW","bays":1,"bay_types":"LCCP - Dedicated","dedicated":true,"status":"installed","ward":"Harrow Road","cp_ids":"602231"}},{"type":"Feature","id":2264,"geometry":{"type":"Point","coordinates":[-0.198086,51.526013]},"properties":{"site":"Warlock Road","location":"At Or Outside 8","lamp_column":"11","operator":"Shell Recharge","speed_class":"lccp","speeds":"5.5kW","bays":1,"bay_types":"LCCP","dedicated":false,"status":"installed","ward":"Harrow Road","cp_ids":"806962"}},{"type":"Feature","id":2265,"geometry":{"type":"Point","coordinates":[-0.197691,51.525947]},"properties":{"site":"Warlock Road","location":"Opposite 2","lamp_column":"12","operator":"Shell Recharge","speed_class":"lccp","speeds":"5.5kW","bays":1,"bay_types":"LCCP","dedicated":false,"status":"installed","ward":"Harrow Road","cp_ids":"603350"}},{"type":"Feature","id":2266,"geometry":{"type":"Point","coordinates":[-0.201151,51.527013]},"properties":{"site":"Warlock Road","location":"Side Of 33a Fernhead Rd","lamp_column":"1","operator":"Shell Recharge","speed_class":"lccp","speeds":"5.5kW","bays":1,"bay_types":"LCCP","dedicated":false,"status":"installed","ward":"Harrow Road","cp_ids":"806967"}},{"type":"Feature","id":2267,"geometry":{"type":"Point","coordinates":[-0.184174,51.524598]},"properties":{"site":"Warrington Crescent","location":"At Or Outside 17","lamp_column":"6","operator":"Shell Recharge","speed_class":"lccp","speeds":"5.5kW","bays":1,"bay_types":"LCCP","dedicated":false,"status":"installed","ward":"Little Venice","cp_ids":"801942"}},{"type":"Feature","id":2268,"geometry":{"type":"Point","coordinates":[-0.184319,51.525324]},"properties":{"site":"Warrington Crescent","location":"At Or Outside 24","lamp_column":"9","operator":"Shell Recharge","speed_class":"lccp","speeds":"5.5kW","bays":1,"bay_types":"LCCP","dedicated":false,"status":"installed","ward":"Little Venice","cp_ids":"602098"}},{"type":"Feature","id":2269,"geometry":{"type":"Point","coordinates":[-0.184156,51.524152]},"properties":{"site":"Warrington Crescent","location":"At Or Outside 3","lamp_column":"4","operator":"Shell Recharge","speed_class":"lccp","speeds":"5.5kW","bays":1,"bay_types":"LCCP - Dedicated","dedicated":true,"status":"installed","ward":"Little Venice","cp_ids":"602859"}},{"type":"Feature","id":2270,"geometry":{"type":"Point","coordinates":[-0.184136,51.525055]},"properties":{"site":"Warrington Crescent","location":"At Or Outside 31","lamp_column":"8","operator":"Shell Recharge","speed_class":"lccp","speeds":"5.5kW","bays":1,"bay_types":"LCCP - Dedicated","dedicated":true,"status":"installed","ward":"Little Venice","cp_ids":"602099"}},{"type":"Feature","id":2271,"geometry":{"type":"Point","coordinates":[-0.18423,51.525701]},"properties":{"site":"Warrington Crescent","location":"At Or Outside 38","lamp_column":"11","operator":"Shell Recharge","speed_class":"lccp","speeds":"5.5kW","bays":1,"bay_types":"LCCP","dedicated":false,"status":"installed","ward":"Little Venice","cp_ids":"806279"}},{"type":"Feature","id":2272,"geometry":{"type":"Point","coordinates":[-0.184059,51.525487]},"properties":{"site":"Warrington Crescent","location":"At Or Outside 43","lamp_column":"10","operator":"Shell Recharge","speed_class":"lccp","speeds":"5.5kW","bays":1,"bay_types":"LCCP","dedicated":false,"status":"installed","ward":"Little Venice","cp_ids":"602100"}},{"type":"Feature","id":2273,"geometry":{"type":"Point","coordinates":[-0.184032,51.526285]},"properties":{"site":"Warrington Crescent","location":"At Or Outside 52","lamp_column":"14","operator":"Shell Recharge","speed_class":"lccp","speeds":"5.5kW","bays":1,"bay_types":"LCCP","dedicated":false,"status":"installed","ward":"Little Venice","cp_ids":"806278"}},{"type":"Feature","id":2274,"geometry":{"type":"Point","coordinates":[-0.183969,51.525816]},"properties":{"site":"Warrington Crescent","location":"At Or Outside 53","lamp_column":"12","operator":"Shell Recharge","speed_class":"lccp","speeds":"5.5kW","bays":1,"bay_types":"LCCP - Dedicated","dedicated":true,"status":"installed","ward":"Little Venice","cp_ids":"606840"}},{"type":"Feature","id":2275,"geometry":{"type":"Point","coordinates":[-0.183877,51.526669]},"properties":{"site":"Warrington Crescent","location":"At Or Outside 62","lamp_column":"16","operator":"Shell Recharge","speed_class":"lccp","speeds":"5.5kW","bays":1,"bay_types":"LCCP - Dedicated","dedicated":true,"status":"installed","ward":"Little Venice","cp_ids":"606853"}},{"type":"Feature","id":2276,"geometry":{"type":"Point","coordinates":[-0.183708,51.526487]},"properties":{"site":"Warrington Crescent","location":"At Or Outside 69","lamp_column":"15","operator":"Shell Recharge","speed_class":"lccp","speeds":"5.5kW","bays":1,"bay_types":"LCCP","dedicated":false,"status":"installed","ward":"Little Venice","cp_ids":"606855"}},{"type":"Feature","id":2277,"geometry":{"type":"Point","coordinates":[-0.184378,51.524859]},"properties":{"site":"Warrington Crescent","location":"At Or Outside 8","lamp_column":"7","operator":"Shell Recharge","speed_class":"lccp","speeds":"5.5kW","bays":1,"bay_types":"LCCP","dedicated":false,"status":"installed","ward":"Little Venice","cp_ids":"806277"}},{"type":"Feature","id":2278,"geometry":{"type":"Point","coordinates":[-0.183427,51.527006]},"properties":{"site":"Warrington Crescent","location":"At Or Outside 87","lamp_column":"18","operator":"Shell Recharge","speed_class":"lccp","speeds":"5.5kW","bays":1,"bay_types":"LCCP","dedicated":false,"status":"installed","ward":"Little Venice","cp_ids":"806272"}},{"type":"Feature","id":2279,"geometry":{"type":"Point","coordinates":[-0.183724,51.526969]},"properties":{"site":"Warrington Crescent","location":"Opposite 83","lamp_column":"17","operator":"Shell Recharge","speed_class":"lccp","speeds":"5.5kW","bays":1,"bay_types":"LCCP","dedicated":false,"status":"installed","ward":"Little Venice","cp_ids":"806274"}},{"type":"Feature","id":2280,"geometry":{"type":"Point","coordinates":[-0.184874,51.523918]},"properties":{"site":"Warrington Gardens","location":"At Or Outside 1","lamp_column":"3","operator":"Shell Recharge","speed_class":"lccp","speeds":"5.5kW","bays":1,"bay_types":"LCCP - Dedicated","dedicated":true,"status":"installed","ward":"Little Venice","cp_ids":"602860"}},{"type":"Feature","id":2281,"geometry":{"type":"Point","coordinates":[-0.183465,51.52319]},"properties":{"site":"Warwick Ave","location":"Opp Existing Taxi Rapid","lamp_column":null,"operator":"To be confirmed","speed_class":"rapid","speeds":"50-100kW","bays":1,"bay_types":"EV Bay","dedicated":true,"status":"planned","ward":"Little Venice","cp_ids":null}},{"type":"Feature","id":2282,"geometry":{"type":"Point","coordinates":[-0.184664,51.523448]},"properties":{"site":"Warwick Ave","location":"Opp No 37","lamp_column":null,"operator":"To be confirmed","speed_class":"rapid","speeds":"50-100kW","bays":1,"bay_types":"EV Bay","dedicated":true,"status":"planned","ward":"Little Venice","cp_ids":null}},{"type":"Feature","id":2283,"geometry":{"type":"Point","coordinates":[-0.183562,51.523033]},"properties":{"site":"Warwick Avenue","location":"25 Warwick Ave","lamp_column":null,"operator":"ESB","speed_class":"rapid","speeds":"50kW","bays":1,"bay_types":"EV Taxi","dedicated":true,"status":"installed","ward":"Little Venice","cp_ids":"UT04VH"}},{"type":"Feature","id":2284,"geometry":{"type":"Point","coordinates":[-0.183138,51.522801]},"properties":{"site":"Warwick Avenue","location":"C/C Opp 34 Warwick Avenue","lamp_column":"23","operator":"Shell Recharge","speed_class":"lccp","speeds":"5.5kW","bays":1,"bay_types":"LCCP","dedicated":false,"status":"installed","ward":"Little Venice","cp_ids":"806402"}},{"type":"Feature","id":2285,"geometry":{"type":"Point","coordinates":[-0.184667,51.523499]},"properties":{"site":"Warwick Avenue","location":"O/P 37 Warwick Avenue","lamp_column":"16","operator":"Shell Recharge","speed_class":"lccp","speeds":"5.5kW","bays":1,"bay_types":"LCCP","dedicated":false,"status":"installed","ward":"Little Venice","cp_ids":"805219"}},{"type":"Feature","id":2286,"geometry":{"type":"Point","coordinates":[-0.185433,51.523817]},"properties":{"site":"Warwick Avenue","location":"O/P 55 Warwick Avenue","lamp_column":"13","operator":"Shell Recharge","speed_class":"lccp","speeds":"5.5kW","bays":1,"bay_types":"LCCP","dedicated":false,"status":"installed","ward":"Little Venice","cp_ids":"806404"}},{"type":"Feature","id":2287,"geometry":{"type":"Point","coordinates":[-0.181086,51.521493]},"properties":{"site":"Warwick Avenue","location":"O/S 10 & 8 Warwick Avenue","lamp_column":"45","operator":"Shell Recharge","speed_class":"lccp","speeds":"5.5kW","bays":1,"bay_types":"LCCP","dedicated":false,"status":"installed","ward":"Little Venice","cp_ids":"807987"}},{"type":"Feature","id":2288,"geometry":{"type":"Point","coordinates":[-0.182652,51.522353]},"properties":{"site":"Warwick Avenue","location":"O/S 11 Warwick Avenue","lamp_column":"31","operator":"Shell Recharge","speed_class":"lccp","speeds":"5.5kW","bays":1,"bay_types":"LCCP","dedicated":false,"status":"installed","ward":"Little Venice","cp_ids":"602410"}},{"type":"Feature","id":2289,"geometry":{"type":"Point","coordinates":[-0.181268,51.521621]},"properties":{"site":"Warwick Avenue","location":"O/S 14 Warwick Avenue","lamp_column":"44","operator":"Shell Recharge","speed_class":"lccp","speeds":"5.5kW","bays":1,"bay_types":"LCCP","dedicated":false,"status":"installed","ward":"Little Venice","cp_ids":"805095"}},{"type":"Feature","id":2290,"geometry":{"type":"Point","coordinates":[-0.182191,51.522346]},"properties":{"site":"Warwick Avenue","location":"O/S 18 Warwick Avenue","lamp_column":"34","operator":"Shell Recharge","speed_class":"lccp","speeds":"5.5kW","bays":1,"bay_types":"LCCP","dedicated":false,"status":"installed","ward":"Little Venice","cp_ids":"602409"}},{"type":"Feature","id":2291,"geometry":{"type":"Point","coordinates":[-0.183329,51.522714]},"properties":{"site":"Warwick Avenue","location":"O/S 21 Warwick Avenue","lamp_column":"22","operator":"Shell Recharge","speed_class":"lccp","speeds":"5.5kW","bays":1,"bay_types":"LCCP","dedicated":false,"status":"installed","ward":"Little Venice","cp_ids":"602408"}},{"type":"Feature","id":2292,"geometry":{"type":"Point","coordinates":[-0.182892,51.522842]},"properties":{"site":"Warwick Avenue","location":"O/S 28 Warwick Avenue","lamp_column":"25","operator":"Shell Recharge","speed_class":"lccp","speeds":"5.5kW","bays":1,"bay_types":"LCCP","dedicated":false,"status":"installed","ward":"Little Venice","cp_ids":"806271"}},{"type":"Feature","id":2293,"geometry":{"type":"Point","coordinates":[-0.186554,51.524275]},"properties":{"site":"Warwick Avenue","location":"O/S 54","lamp_column":"8","operator":"Shell Recharge","speed_class":"lccp","speeds":"5.5kW","bays":1,"bay_types":"LCCP","dedicated":false,"status":"installed","ward":"Little Venice","cp_ids":"805222"}},{"type":"Feature","id":2294,"geometry":{"type":"Point","coordinates":[-0.180875,51.521345]},"properties":{"site":"Warwick Avenue","location":"O/S 6&4 Warwick Avenue","lamp_column":"46","operator":"Shell Recharge","speed_class":"lccp","speeds":"5.5kW","bays":1,"bay_types":"LCCP","dedicated":false,"status":"installed","ward":"Little Venice","cp_ids":"807994"}},{"type":"Feature","id":2295,"geometry":{"type":"Point","coordinates":[-0.186978,51.52447]},"properties":{"site":"Warwick Avenue","location":"O/S 66 Warwick Avenue","lamp_column":"6","operator":"Shell Recharge","speed_class":"lccp","speeds":"5.5kW","bays":1,"bay_types":"LCCP","dedicated":false,"status":"installed","ward":"Little Venice","cp_ids":"805223"}},{"type":"Feature","id":2296,"geometry":{"type":"Point","coordinates":[-0.186899,51.524289]},"properties":{"site":"Warwick Avenue","location":"O/S 81 Warwick Avenue","lamp_column":"7","operator":"Shell Recharge","speed_class":"lccp","speeds":"5.5kW","bays":1,"bay_types":"LCCP","dedicated":false,"status":"installed","ward":"Little Venice","cp_ids":"805094"}},{"type":"Feature","id":2297,"geometry":{"type":"Point","coordinates":[-0.187943,51.524938]},"properties":{"site":"Warwick Avenue","location":"Opp 117 Warwick Avenue","lamp_column":"2","operator":"Shell Recharge","speed_class":"lccp","speeds":"5.5kW","bays":1,"bay_types":"LCCP","dedicated":false,"status":"installed","ward":"Little Venice","cp_ids":"606729"}},{"type":"Feature","id":2298,"geometry":{"type":"Point","coordinates":[-0.181411,51.521614]},"properties":{"site":"Warwick Avenue","location":"Opp 16 Warwick Avenue","lamp_column":"39","operator":"Shell Recharge","speed_class":"lccp","speeds":"5.5kW","bays":1,"bay_types":"LCCP","dedicated":false,"status":"installed","ward":"Little Venice","cp_ids":"806276"}},{"type":"Feature","id":2299,"geometry":{"type":"Point","coordinates":[-0.185632,51.523892]},"properties":{"site":"Warwick Avenue","location":"Opp 59 Warwick Avenue","lamp_column":"12","operator":"Shell Recharge","speed_class":"lccp","speeds":"5.5kW","bays":1,"bay_types":"LCCP","dedicated":false,"status":"installed","ward":"Little Venice","cp_ids":"805225"}},{"type":"Feature","id":2300,"geometry":{"type":"Point","coordinates":[-0.183469,51.523193]},"properties":{"site":"Warwick Avenue","location":"Opp Existing Taxi Rapid","lamp_column":null,"operator":"To be confirmed","speed_class":"rapid","speeds":"50kW","bays":1,"bay_types":"EV Bay","dedicated":true,"status":"planned","ward":"Little Venice","cp_ids":"TBC"}},{"type":"Feature","id":2301,"geometry":{"type":"Point","coordinates":[-0.181734,51.521849]},"properties":{"site":"Warwick Avenue","location":"Opp J/W Maida Avenue","lamp_column":"38","operator":"Shell Recharge","speed_class":"lccp","speeds":"5.5kW","bays":1,"bay_types":"LCCP","dedicated":false,"status":"installed","ward":"Little Venice","cp_ids":"801201"}},{"type":"Feature","id":2302,"geometry":{"type":"Point","coordinates":[-0.184669,51.523445]},"properties":{"site":"Warwick Avenue","location":"Opp No 37","lamp_column":null,"operator":"To be confirmed","speed_class":"rapid","speeds":"50kW","bays":1,"bay_types":"EV Bay","dedicated":true,"status":"planned","ward":"Little Venice","cp_ids":"TBC"}},{"type":"Feature","id":2303,"geometry":{"type":"Point","coordinates":[-0.182577,51.52084]},"properties":{"site":"Warwick Crescent","location":"At Or Outside 10","lamp_column":"5","operator":"Shell Recharge","speed_class":"lccp","speeds":"5.5kW","bays":1,"bay_types":"LCCP","dedicated":false,"status":"installed","ward":"Westbourne","cp_ids":"606885"}},{"type":"Feature","id":2304,"geometry":{"type":"Point","coordinates":[-0.182816,51.520842]},"properties":{"site":"Warwick Crescent","location":"At Or Outside 13","lamp_column":"6","operator":"Shell Recharge","speed_class":"lccp","speeds":"5.5kW","bays":1,"bay_types":"LCCP","dedicated":false,"status":"installed","ward":"Westbourne","cp_ids":"606886"}},{"type":"Feature","id":2305,"geometry":{"type":"Point","coordinates":[-0.183653,51.52091]},"properties":{"site":"Warwick Crescent","location":"At Or Outside 23","lamp_column":"9","operator":"Shell Recharge","speed_class":"lccp","speeds":"5.5kW","bays":1,"bay_types":"LCCP","dedicated":false,"status":"installed","ward":"Westbourne","cp_ids":"606888"}},{"type":"Feature","id":2306,"geometry":{"type":"Point","coordinates":[-0.182279,51.520848]},"properties":{"site":"Warwick Crescent","location":"At Or Outside 6","lamp_column":"4","operator":"Shell Recharge","speed_class":"lccp","speeds":"5.5kW","bays":1,"bay_types":"LCCP","dedicated":false,"status":"installed","ward":"Westbourne","cp_ids":"606884"}},{"type":"Feature","id":2307,"geometry":{"type":"Point","coordinates":[-0.181757,51.520756]},"properties":{"site":"Warwick Crescent","location":"Opposite 2","lamp_column":"2","operator":"Shell Recharge","speed_class":"lccp","speeds":"5.5kW","bays":1,"bay_types":"LCCP","dedicated":false,"status":"installed","ward":"Westbourne","cp_ids":"806945"}},{"type":"Feature","id":2308,"geometry":{"type":"Point","coordinates":[-0.141105,51.491373]},"properties":{"site":"Warwick Square","location":"At Or Outside 3","lamp_column":"8","operator":"Shell Recharge","speed_class":"lccp","speeds":"5.5kW","bays":1,"bay_types":"LCCP","dedicated":false,"status":"installed","ward":"Pimlico North","cp_ids":null}},{"type":"Feature","id":2309,"geometry":{"type":"Point","coordinates":[-0.141281,51.490199]},"properties":{"site":"Warwick Square","location":"At Or Outside 50","lamp_column":"3","operator":"Shell Recharge","speed_class":"lccp","speeds":"5.5kW","bays":1,"bay_types":"LCCP - Dedicated","dedicated":true,"status":"installed","ward":"Pimlico North","cp_ids":"602437"}},{"type":"Feature","id":2310,"geometry":{"type":"Point","coordinates":[-0.14091,51.49051]},"properties":{"site":"Warwick Square","location":"At Or Outside 56","lamp_column":"2","operator":"Shell Recharge","speed_class":"lccp","speeds":"5.5kW","bays":1,"bay_types":"LCCP - Dedicated","dedicated":true,"status":"installed","ward":"Pimlico North","cp_ids":"602438"}},{"type":"Feature","id":2311,"geometry":{"type":"Point","coordinates":[-0.141616,51.490957]},"properties":{"site":"Warwick Square","location":"At Or Outside Bt 12/11","lamp_column":"7","operator":"Shell Recharge","speed_class":"lccp","speeds":"5.5kW","bays":1,"bay_types":"LCCP - Dedicated","dedicated":true,"status":"installed","ward":"Pimlico North","cp_ids":"602485"}},{"type":"Feature","id":2312,"geometry":{"type":"Point","coordinates":[-0.147145,51.490112]},"properties":{"site":"Warwick Way","location":"At Or Outside Furness House","lamp_column":"5","operator":"Shell Recharge","speed_class":"lccp","speeds":"5.5kW","bays":1,"bay_types":"LCCP","dedicated":false,"status":"installed","ward":"Pimlico South","cp_ids":"806681"}},{"type":"Feature","id":2313,"geometry":{"type":"Point","coordinates":[-0.147184,51.490216]},"properties":{"site":"Warwick Way","location":"At Or Outside Glastonbury House","lamp_column":"4","operator":"Shell Recharge","speed_class":"lccp","speeds":"5.5kW","bays":1,"bay_types":"LCCP","dedicated":false,"status":"installed","ward":"Pimlico North","cp_ids":"805305"}},{"type":"Feature","id":2314,"geometry":{"type":"Point","coordinates":[-0.142004,51.491586]},"properties":{"site":"Warwick Way","location":"At Or Outside No.72","lamp_column":"27","operator":"Shell Recharge","speed_class":"lccp","speeds":"5.5kW","bays":1,"bay_types":"LCCP - Dedicated","dedicated":true,"status":"installed","ward":"Pimlico North","cp_ids":"606677"}},{"type":"Feature","id":2315,"geometry":{"type":"Point","coordinates":[-0.142317,51.491494]},"properties":{"site":"Warwick Way","location":"At Or Outside No.82","lamp_column":"25","operator":"Shell Recharge","speed_class":"lccp","speeds":"5.5kW","bays":1,"bay_types":"LCCP - Dedicated","dedicated":true,"status":"installed","ward":"Pimlico North","cp_ids":"606569"}},{"type":"Feature","id":2316,"geometry":{"type":"Point","coordinates":[-0.143385,51.491251]},"properties":{"site":"Warwick Way","location":"At Or Outside No.93/95","lamp_column":"20","operator":"Shell Recharge","speed_class":"lccp","speeds":"5.5kW","bays":1,"bay_types":"LCCP","dedicated":false,"status":"installed","ward":"Pimlico North","cp_ids":"806673"}},{"type":"Feature","id":2317,"geometry":{"type":"Point","coordinates":[-0.146108,51.490379]},"properties":{"site":"Warwick Way","location":"At Or Outside Windemere Hotel","lamp_column":"9","operator":"Shell Recharge","speed_class":"lccp","speeds":"5.5kW","bays":1,"bay_types":"LCCP","dedicated":false,"status":"installed","ward":"Pimlico North","cp_ids":"806675"}},{"type":"Feature","id":2318,"geometry":{"type":"Point","coordinates":[-0.133002,51.507386]},"properties":{"site":"Waterloo Place","location":"At Or Outside 16","lamp_column":"6a","operator":"Shell Recharge","speed_class":"lccp","speeds":"5.5kW","bays":1,"bay_types":"LCCP","dedicated":false,"status":"installed","ward":"St James's","cp_ids":"809535"}},{"type":"Feature","id":2319,"geometry":{"type":"Point","coordinates":[-0.132406,51.506735]},"properties":{"site":"Waterloo Place","location":"Outside Waterloo Gardens","lamp_column":"12a","operator":"Shell Recharge","speed_class":"lccp","speeds":"5.5kW","bays":1,"bay_types":"LCCP","dedicated":false,"status":"installed","ward":"St James's","cp_ids":"807550"}},{"type":"Feature","id":2320,"geometry":{"type":"Point","coordinates":[-0.132269,51.506562]},"properties":{"site":"Waterloo Place","location":"Outside Waterloo Gardens","lamp_column":"14a","operator":"Shell Recharge","speed_class":"lccp","speeds":"5.5kW","bays":1,"bay_types":"LCCP","dedicated":false,"status":"installed","ward":"St James's","cp_ids":"807553"}},{"type":"Feature","id":2321,"geometry":{"type":"Point","coordinates":[-0.175291,51.534125]},"properties":{"site":"Waverley Place","location":"At Or Outside 1","lamp_column":"6","operator":"Shell Recharge","speed_class":"lccp","speeds":"5.5kW","bays":1,"bay_types":"LCCP - Dedicated","dedicated":true,"status":"installed","ward":"Abbey Road","cp_ids":"606971"}},{"type":"Feature","id":2322,"geometry":{"type":"Point","coordinates":[-0.176064,51.534903]},"properties":{"site":"Waverley Place","location":"Opposite School","lamp_column":"2","operator":"Shell Recharge","speed_class":"lccp","speeds":"5.5kW","bays":1,"bay_types":"LCCP","dedicated":false,"status":"installed","ward":"Abbey Road","cp_ids":"602799"}},{"type":"Feature","id":2323,"geometry":{"type":"Point","coordinates":[-0.148721,51.515974]},"properties":{"site":"Welbeck Street","location":"At Or Outside 69","lamp_column":"11","operator":"Shell Recharge","speed_class":"lccp","speeds":"5.5kW","bays":1,"bay_types":"LCCP","dedicated":false,"status":"installed","ward":"West End","cp_ids":"805323"}},{"type":"Feature","id":2324,"geometry":{"type":"Point","coordinates":[-0.170067,51.531716]},"properties":{"site":"Wellington Place","location":"4 Wellington Place","lamp_column":null,"operator":"ESB","speed_class":"rapid","speeds":"50kW","bays":2,"bay_types":"EV Bay","dedicated":true,"status":"installed","ward":"Regent's Park","cp_ids":"UT04DK, UT05VP"}},{"type":"Feature","id":2325,"geometry":{"type":"Point","coordinates":[-0.169877,51.531837]},"properties":{"site":"Wellington Place","location":"At Or Outside Richards House","lamp_column":"8","operator":"Shell Recharge","speed_class":"lccp","speeds":"5.5kW","bays":1,"bay_types":"LCCP","dedicated":false,"status":"installed","ward":"Regent's Park","cp_ids":"807464"}},{"type":"Feature","id":2326,"geometry":{"type":"Point","coordinates":[-0.17035,51.531599]},"properties":{"site":"Wellington Place","location":"Opposite 4a","lamp_column":"6","operator":"Shell Recharge","speed_class":"lccp","speeds":"5.5kW","bays":1,"bay_types":"LCCP","dedicated":false,"status":"installed","ward":"Regent's Park","cp_ids":"801937"}},{"type":"Feature","id":2327,"geometry":{"type":"Point","coordinates":[-0.119673,51.511787]},"properties":{"site":"Wellington Street","location":"Opposite The Lyceum Theatre 17-21 Wellington Street","lamp_column":null,"operator":"TotalEnergies","speed_class":"fast","speeds":"22kW","bays":1,"bay_types":"EV Bay","dedicated":true,"status":"planned","ward":"St James's","cp_ids":"TBC"}},{"type":"Feature","id":2328,"geometry":{"type":"Point","coordinates":[-0.120264,51.51199]},"properties":{"site":"Wellington Street","location":"Outside 25 To 31","lamp_column":null,"operator":"To be confirmed","speed_class":"rapid","speeds":"50-100kW","bays":1,"bay_types":"EV Bay","dedicated":true,"status":"planned","ward":"St James's","cp_ids":null}},{"type":"Feature","id":2329,"geometry":{"type":"Point","coordinates":[-0.137957,51.517638]},"properties":{"site":"Wells Mews","location":"Outside No. 20","lamp_column":"2","operator":"Shell Recharge","speed_class":"lccp","speeds":"5.5kW","bays":1,"bay_types":"LCCP","dedicated":false,"status":"installed","ward":"West End","cp_ids":"801644"}},{"type":"Feature","id":2330,"geometry":{"type":"Point","coordinates":[-0.160888,51.536077]},"properties":{"site":"Wells Rise","location":"Near Jct Prince Albert Road","lamp_column":"1","operator":"Shell Recharge","speed_class":"lccp","speeds":"5.5kW","bays":1,"bay_types":"LCCP","dedicated":false,"status":"installed","ward":"Regent's Park","cp_ids":"808104"}},{"type":"Feature","id":2331,"geometry":{"type":"Point","coordinates":[-0.161521,51.536806]},"properties":{"site":"Wells Rise","location":"Near Jct St Edmunds Terrace","lamp_column":"S1","operator":"Shell Recharge","speed_class":"lccp","speeds":"5.5kW","bays":1,"bay_types":"LCCP","dedicated":false,"status":"installed","ward":"Regent's Park","cp_ids":"806306"}},{"type":"Feature","id":2332,"geometry":{"type":"Point","coordinates":[-0.161,51.536373]},"properties":{"site":"Wells Rise","location":"Opposite St James Close","lamp_column":"2","operator":"Shell Recharge","speed_class":"lccp","speeds":"5.5kW","bays":1,"bay_types":"LCCP - Dedicated","dedicated":true,"status":"installed","ward":"Regent's Park","cp_ids":"602604"}},{"type":"Feature","id":2333,"geometry":{"type":"Point","coordinates":[-0.139841,51.518454]},"properties":{"site":"Wells Street","location":"At Or Outside 47","lamp_column":"2","operator":"Shell Recharge","speed_class":"lccp","speeds":"5.5kW","bays":1,"bay_types":"LCCP - Dedicated","dedicated":true,"status":"installed","ward":"West End","cp_ids":"602375"}},{"type":"Feature","id":2334,"geometry":{"type":"Point","coordinates":[-0.140109,51.518603]},"properties":{"site":"Wells Street","location":"At Or Outside 48","lamp_column":"1","operator":"Shell Recharge","speed_class":"lccp","speeds":"5.5kW","bays":1,"bay_types":"LCCP - Dedicated","dedicated":true,"status":"installed","ward":"West End","cp_ids":"606597"}},{"type":"Feature","id":2335,"geometry":{"type":"Point","coordinates":[-0.139635,51.518236]},"properties":{"site":"Wells Street","location":"Opposite 12-23","lamp_column":"3","operator":"Shell Recharge","speed_class":"lccp","speeds":"5.5kW","bays":1,"bay_types":"LCCP - Dedicated","dedicated":true,"status":"installed","ward":"West End","cp_ids":"602376"}},{"type":"Feature","id":2336,"geometry":{"type":"Point","coordinates":[-0.177119,51.513424]},"properties":{"site":"Westbourne Crescent","location":"At Or Outside 5","lamp_column":"3","operator":"Shell Recharge","speed_class":"lccp","speeds":"5.5kW","bays":1,"bay_types":"LCCP - Dedicated","dedicated":true,"status":"installed","ward":"Lancaster Gate","cp_ids":"603330"}},{"type":"Feature","id":2337,"geometry":{"type":"Point","coordinates":[-0.19016,51.51747]},"properties":{"site":"Westbourne Gardens","location":"At Or Outside 18","lamp_column":"7","operator":"Shell Recharge","speed_class":"lccp","speeds":"5.5kW","bays":1,"bay_types":"LCCP","dedicated":false,"status":"installed","ward":"Bayswater","cp_ids":"805143"}},{"type":"Feature","id":2338,"geometry":{"type":"Point","coordinates":[-0.190575,51.517458]},"properties":{"site":"Westbourne Gardens","location":"At Or Outside 26","lamp_column":"6","operator":"Shell Recharge","speed_class":"lccp","speeds":"5.5kW","bays":1,"bay_types":"LCCP","dedicated":false,"status":"installed","ward":"Bayswater","cp_ids":"808168"}},{"type":"Feature","id":2339,"geometry":{"type":"Point","coordinates":[-0.19086,51.51745]},"properties":{"site":"Westbourne Gardens","location":"At Or Outside 32","lamp_column":"5","operator":"Shell Recharge","speed_class":"lccp","speeds":"5.5kW","bays":1,"bay_types":"LCCP","dedicated":false,"status":"installed","ward":"Bayswater","cp_ids":"808164"}},{"type":"Feature","id":2340,"geometry":{"type":"Point","coordinates":[-0.191025,51.517301]},"properties":{"site":"Westbourne Gardens","location":"At Or Outside 40","lamp_column":"3","operator":"Shell Recharge","speed_class":"lccp","speeds":"5.5kW","bays":1,"bay_types":"LCCP","dedicated":false,"status":"installed","ward":"Bayswater","cp_ids":"808162"}},{"type":"Feature","id":2341,"geometry":{"type":"Point","coordinates":[-0.190733,51.516909]},"properties":{"site":"Westbourne Gardens","location":"At Or Outside 41","lamp_column":"8","operator":"Shell Recharge","speed_class":"lccp","speeds":"5.5kW","bays":1,"bay_types":"LCCP","dedicated":false,"status":"installed","ward":"Bayswater","cp_ids":"808165"}},{"type":"Feature","id":2342,"geometry":{"type":"Point","coordinates":[-0.190893,51.517036]},"properties":{"site":"Westbourne Gardens","location":"At Or Outside 48-50","lamp_column":"4","operator":"Shell Recharge","speed_class":"lccp","speeds":"5.5kW","bays":1,"bay_types":"LCCP","dedicated":false,"status":"installed","ward":"Bayswater","cp_ids":"805140"}},{"type":"Feature","id":2343,"geometry":{"type":"Point","coordinates":[-0.189495,51.517538]},"properties":{"site":"Westbourne Gardens","location":"At Or Outside 9","lamp_column":"12","operator":"Shell Recharge","speed_class":"lccp","speeds":"5.5kW","bays":1,"bay_types":"LCCP","dedicated":false,"status":"installed","ward":"Bayswater","cp_ids":"808166"}},{"type":"Feature","id":2344,"geometry":{"type":"Point","coordinates":[-0.189896,51.517477]},"properties":{"site":"Westbourne Gardens","location":"Opp 15 (Sign - Facing Inwards)","lamp_column":"S7","operator":"Shell Recharge","speed_class":"lccp","speeds":"5.5kW","bays":1,"bay_types":"LCCP","dedicated":false,"status":"installed","ward":"Bayswater","cp_ids":"806567"}},{"type":"Feature","id":2345,"geometry":{"type":"Point","coordinates":[-0.189363,51.517716]},"properties":{"site":"Westbourne Gardens","location":"Opposite 8","lamp_column":"13","operator":"Shell Recharge","speed_class":"lccp","speeds":"5.5kW","bays":1,"bay_types":"LCCP","dedicated":false,"status":"installed","ward":"Bayswater","cp_ids":"807408"}},{"type":"Feature","id":2346,"geometry":{"type":"Point","coordinates":[-0.19832,51.514694]},"properties":{"site":"Westbourne Grove","location":"At Or Outside 170a","lamp_column":"3","operator":"Shell Recharge","speed_class":"lccp","speeds":"5.5kW","bays":1,"bay_types":"LCCP - Dedicated","dedicated":true,"status":"installed","ward":"Bayswater","cp_ids":"605321"}},{"type":"Feature","id":2347,"geometry":{"type":"Point","coordinates":[-0.196688,51.514912]},"properties":{"site":"Westbourne Grove","location":"Outside 144","lamp_column":"7","operator":"Shell Recharge","speed_class":"lccp","speeds":"5.5kW","bays":1,"bay_types":"LCCP","dedicated":false,"status":"installed","ward":"Bayswater","cp_ids":"605322"}},{"type":"Feature","id":2348,"geometry":{"type":"Point","coordinates":[-0.190136,51.515915]},"properties":{"site":"Westbourne Grove Terrace","location":"At Or Outside 2","lamp_column":"4","operator":"Shell Recharge","speed_class":"lccp","speeds":"5.5kW","bays":1,"bay_types":"LCCP - Dedicated","dedicated":true,"status":"installed","ward":"Bayswater","cp_ids":"606641"}},{"type":"Feature","id":2349,"geometry":{"type":"Point","coordinates":[-0.190397,51.516185]},"properties":{"site":"Westbourne Grove Terrace","location":"At Or Outside 8-9","lamp_column":"2","operator":"Shell Recharge","speed_class":"lccp","speeds":"5.5kW","bays":1,"bay_types":"LCCP","dedicated":false,"status":"installed","ward":"Bayswater","cp_ids":"808173"}},{"type":"Feature","id":2350,"geometry":{"type":"Point","coordinates":[-0.199812,51.518286]},"properties":{"site":"Westbourne Park Road","location":"At Or Outside 162","lamp_column":"5","operator":"Shell Recharge","speed_class":"lccp","speeds":"5.5kW","bays":1,"bay_types":"LCCP - Dedicated","dedicated":true,"status":"installed","ward":"Westbourne","cp_ids":"605507"}},{"type":"Feature","id":2351,"geometry":{"type":"Point","coordinates":[-0.192072,51.518195]},"properties":{"site":"Westbourne Park Road","location":"At Or Outside 50","lamp_column":"31","operator":"Shell Recharge","speed_class":"lccp","speeds":"5.5kW","bays":1,"bay_types":"LCCP - Dedicated","dedicated":true,"status":"installed","ward":"Bayswater","cp_ids":"601659"}},{"type":"Feature","id":2352,"geometry":{"type":"Point","coordinates":[-0.192543,51.518223]},"properties":{"site":"Westbourne Park Road","location":"At Or Outside 56","lamp_column":"30","operator":"Shell Recharge","speed_class":"lccp","speeds":"5.5kW","bays":1,"bay_types":"LCCP","dedicated":false,"status":"installed","ward":"Bayswater","cp_ids":"606642"}},{"type":"Feature","id":2353,"geometry":{"type":"Point","coordinates":[-0.194419,51.518702]},"properties":{"site":"Westbourne Park Road","location":"At Or Outside 94","lamp_column":"24","operator":"Shell Recharge","speed_class":"lccp","speeds":"5.5kW","bays":1,"bay_types":"LCCP","dedicated":false,"status":"installed","ward":"Bayswater","cp_ids":"808153"}},{"type":"Feature","id":2354,"geometry":{"type":"Point","coordinates":[-0.193501,51.518137]},"properties":{"site":"Westbourne Park Road","location":"Opposite 76","lamp_column":"27","operator":"Shell Recharge","speed_class":"lccp","speeds":"5.5kW","bays":1,"bay_types":"LCCP","dedicated":false,"status":"installed","ward":"Bayswater","cp_ids":"808155"}},{"type":"Feature","id":2355,"geometry":{"type":"Point","coordinates":[-0.199044,51.518487]},"properties":{"site":"Westbourne Park Road","location":"Opposite Dartmouth Close - 1 To 79 Sandbourne","lamp_column":"7","operator":"Shell Recharge","speed_class":"lccp","speeds":"5.5kW","bays":1,"bay_types":"LCCP","dedicated":false,"status":"installed","ward":"Westbourne","cp_ids":"807413"}},{"type":"Feature","id":2356,"geometry":{"type":"Point","coordinates":[-0.197084,51.518888]},"properties":{"site":"Westbourne Park Road","location":"Opposite No 121 Westbourne Park Road","lamp_column":null,"operator":"ESB","speed_class":"rapid","speeds":"50kW","bays":1,"bay_types":"EV Bay","dedicated":true,"status":"installed","ward":"Bayswater","cp_ids":"UT04HT"}},{"type":"Feature","id":2357,"geometry":{"type":"Point","coordinates":[-0.19723,51.518955]},"properties":{"site":"Westbourne Park Road","location":"Outside 117","lamp_column":"16","operator":"Shell Recharge","speed_class":"lccp","speeds":"5.5kW","bays":1,"bay_types":"LCCP - Dedicated","dedicated":true,"status":"installed","ward":"Westbourne","cp_ids":"605506"}},{"type":"Feature","id":2358,"geometry":{"type":"Point","coordinates":[-0.193049,51.518204]},"properties":{"site":"Westbourne Park Road","location":"Outside 24/26","lamp_column":"29","operator":"Shell Recharge","speed_class":"lccp","speeds":"5.5kW","bays":1,"bay_types":"LCCP","dedicated":false,"status":"installed","ward":"Bayswater","cp_ids":"606643"}},{"type":"Feature","id":2359,"geometry":{"type":"Point","coordinates":[-0.191797,51.518045]},"properties":{"site":"Westbourne Park Road","location":"Outside 41","lamp_column":"32","operator":"Shell Recharge","speed_class":"lccp","speeds":"5.5kW","bays":1,"bay_types":"LCCP","dedicated":false,"status":"installed","ward":"Bayswater","cp_ids":"808159"}},{"type":"Feature","id":2360,"geometry":{"type":"Point","coordinates":[-0.191945,51.518184]},"properties":{"site":"Westbourne Park Road","location":"Outside 42 Westbourne Park Road W2 5ph","lamp_column":null,"operator":"TotalEnergies","speed_class":"fast","speeds":"22kW","bays":2,"bay_types":"EV Bay","dedicated":true,"status":"installed","ward":"Bayswater","cp_ids":null}},{"type":"Feature","id":2361,"geometry":{"type":"Point","coordinates":[-0.189705,51.518047]},"properties":{"site":"Westbourne Park Road","location":"Outside 8","lamp_column":"37","operator":"Shell Recharge","speed_class":"lccp","speeds":"5.5kW","bays":1,"bay_types":"LCCP","dedicated":false,"status":"installed","ward":"Bayswater","cp_ids":"808150"}},{"type":"Feature","id":2362,"geometry":{"type":"Point","coordinates":[-0.191297,51.518071]},"properties":{"site":"Westbourne Park Road","location":"Outside No. 34 (Pposite Junction With Westbourne Gardens)","lamp_column":"33","operator":"Shell Recharge","speed_class":"lccp","speeds":"5.5kW","bays":1,"bay_types":"LCCP","dedicated":false,"status":"installed","ward":"Bayswater","cp_ids":"808158"}},{"type":"Feature","id":2363,"geometry":{"type":"Point","coordinates":[-0.190643,51.51881]},"properties":{"site":"Westbourne Park Villas","location":"At Or Outside 18-20","lamp_column":"11","operator":"Shell Recharge","speed_class":"lccp","speeds":"5.5kW","bays":1,"bay_types":"LCCP","dedicated":false,"status":"installed","ward":"Bayswater","cp_ids":"808152"}},{"type":"Feature","id":2364,"geometry":{"type":"Point","coordinates":[-0.192872,51.519029]},"properties":{"site":"Westbourne Park Villas","location":"At Or Outside 58","lamp_column":"6","operator":"Shell Recharge","speed_class":"lccp","speeds":"5.5kW","bays":1,"bay_types":"LCCP","dedicated":false,"status":"installed","ward":"Bayswater","cp_ids":"606644"}},{"type":"Feature","id":2365,"geometry":{"type":"Point","coordinates":[-0.193305,51.519073]},"properties":{"site":"Westbourne Park Villas","location":"At Or Outside 68","lamp_column":"5","operator":"Shell Recharge","speed_class":"lccp","speeds":"5.5kW","bays":1,"bay_types":"LCCP - Dedicated","dedicated":true,"status":"installed","ward":"Bayswater","cp_ids":"602377"}},{"type":"Feature","id":2366,"geometry":{"type":"Point","coordinates":[-0.194448,51.519256]},"properties":{"site":"Westbourne Park Villas","location":"At Or Outside 91","lamp_column":"1","operator":"Shell Recharge","speed_class":"lccp","speeds":"5.5kW","bays":1,"bay_types":"LCCP","dedicated":false,"status":"installed","ward":"Bayswater","cp_ids":"807412"}},{"type":"Feature","id":2367,"geometry":{"type":"Point","coordinates":[-0.191935,51.518937]},"properties":{"site":"Westbourne Park Villas","location":"At Or Outside Entrance To Clifford Court","lamp_column":"8","operator":"Shell Recharge","speed_class":"lccp","speeds":"5.5kW","bays":1,"bay_types":"LCCP - Dedicated","dedicated":true,"status":"installed","ward":"Bayswater","cp_ids":"602378"}},{"type":"Feature","id":2368,"geometry":{"type":"Point","coordinates":[-0.18437,51.520594]},"properties":{"site":"Westbourne Terrace Road","location":"At Or Outside 8","lamp_column":"3","operator":"Shell Recharge","speed_class":"lccp","speeds":"5.5kW","bays":1,"bay_types":"LCCP","dedicated":false,"status":"installed","ward":"Westbourne","cp_ids":"805039"}},{"type":"Feature","id":2369,"geometry":{"type":"Point","coordinates":[-0.184609,51.520201]},"properties":{"site":"Westbourne Terrace Road","location":"Opposite 24","lamp_column":"5","operator":"Shell Recharge","speed_class":"lccp","speeds":"5.5kW","bays":1,"bay_types":"LCCP","dedicated":false,"status":"installed","ward":"Westbourne","cp_ids":"801203"}},{"type":"Feature","id":2370,"geometry":{"type":"Point","coordinates":[-0.14462,51.487535]},"properties":{"site":"Westmoreland Place","location":"Opposite 6","lamp_column":"3","operator":"Shell Recharge","speed_class":"lccp","speeds":"5.5kW","bays":1,"bay_types":"LCCP","dedicated":false,"status":"installed","ward":"Pimlico South","cp_ids":null}},{"type":"Feature","id":2371,"geometry":{"type":"Point","coordinates":[-0.146185,51.488331]},"properties":{"site":"Westmoreland Terrace","location":"At Or Outside 23","lamp_column":"2","operator":"Shell Recharge","speed_class":"lccp","speeds":"5.5kW","bays":1,"bay_types":"LCCP","dedicated":false,"status":"installed","ward":"Pimlico South","cp_ids":"801342"}},{"type":"Feature","id":2372,"geometry":{"type":"Point","coordinates":[-0.14462,51.521047]},"properties":{"site":"Weymouth Street","location":"At Or Outside 11","lamp_column":"15","operator":"Shell Recharge","speed_class":"lccp","speeds":"5.5kW","bays":1,"bay_types":"LCCP","dedicated":false,"status":"installed","ward":"West End","cp_ids":"801215"}},{"type":"Feature","id":2373,"geometry":{"type":"Point","coordinates":[-0.146554,51.520826]},"properties":{"site":"Weymouth Street","location":"At Or Outside 26","lamp_column":"11","operator":"Shell Recharge","speed_class":"lccp","speeds":"5.5kW","bays":1,"bay_types":"LCCP","dedicated":false,"status":"installed","ward":"Marylebone","cp_ids":"602112"}},{"type":"Feature","id":2374,"geometry":{"type":"Point","coordinates":[-0.15042,51.520059]},"properties":{"site":"Weymouth Street","location":"At Or Outside 51","lamp_column":"3","operator":"Shell Recharge","speed_class":"lccp","speeds":"5.5kW","bays":1,"bay_types":"LCCP","dedicated":false,"status":"installed","ward":"Marylebone","cp_ids":"809190"}},{"type":"Feature","id":2375,"geometry":{"type":"Point","coordinates":[-0.149899,51.520258]},"properties":{"site":"Weymouth Street","location":"O/S 38 Weymouth Street.","lamp_column":"4","operator":"Shell Recharge","speed_class":"lccp","speeds":"5.5kW","bays":1,"bay_types":"LCCP","dedicated":false,"status":"installed","ward":"Marylebone","cp_ids":"809193"}},{"type":"Feature","id":2376,"geometry":{"type":"Point","coordinates":[-0.150935,51.519976]},"properties":{"site":"Weymouth Street","location":"Opposite Beaumont Mews","lamp_column":"2","operator":"Shell Recharge","speed_class":"lccp","speeds":"5.5kW","bays":1,"bay_types":"LCCP - Dedicated","dedicated":true,"status":"installed","ward":"Marylebone","cp_ids":"809191"}},{"type":"Feature","id":2377,"geometry":{"type":"Point","coordinates":[-0.143659,51.521203]},"properties":{"site":"Weymouth Street","location":"Outside 1","lamp_column":"18","operator":"Shell Recharge","speed_class":"lccp","speeds":"5.5kW","bays":1,"bay_types":"LCCP","dedicated":false,"status":"installed","ward":"West End","cp_ids":"807559"}},{"type":"Feature","id":2378,"geometry":{"type":"Point","coordinates":[-0.150122,51.519621]},"properties":{"site":"Wheatley Street","location":"Side Of Kings Head Pub","lamp_column":"S5","operator":"Shell Recharge","speed_class":"lccp","speeds":"5.5kW","bays":1,"bay_types":"LCCP","dedicated":false,"status":"installed","ward":"Marylebone","cp_ids":"806563"}},{"type":"Feature","id":2379,"geometry":{"type":"Point","coordinates":[-0.123924,51.506459]},"properties":{"site":"Whitehall Place","location":"Outside The Corinthia Hotel (10 Whitehall Place)","lamp_column":null,"operator":"TotalEnergies","speed_class":"fast","speeds":"22kW","bays":2,"bay_types":"EV Bay","dedicated":true,"status":"installed","ward":"St James's","cp_ids":null}},{"type":"Feature","id":2380,"geometry":{"type":"Point","coordinates":[-0.193298,51.527391]},"properties":{"site":"Widley Road","location":"At Or Outside 21-30 Southwold Mansions","lamp_column":"4","operator":"Shell Recharge","speed_class":"lccp","speeds":"5.5kW","bays":1,"bay_types":"LCCP","dedicated":false,"status":"installed","ward":"Maida Vale","cp_ids":"605163"}},{"type":"Feature","id":2381,"geometry":{"type":"Point","coordinates":[-0.193824,51.527456]},"properties":{"site":"Widley Road","location":"At Or Outside 41-50 Cleveland Mansions","lamp_column":"3","operator":"Shell Recharge","speed_class":"lccp","speeds":"5.5kW","bays":1,"bay_types":"LCCP","dedicated":false,"status":"installed","ward":"Maida Vale","cp_ids":"605162"}},{"type":"Feature","id":2382,"geometry":{"type":"Point","coordinates":[-0.153335,51.515529]},"properties":{"site":"Wigmore Street","location":"At Or Outside 103","lamp_column":"6","operator":"Shell Recharge","speed_class":"lccp","speeds":"5.5kW","bays":1,"bay_types":"LCCP","dedicated":false,"status":"installed","ward":"West End","cp_ids":"807212"}},{"type":"Feature","id":2383,"geometry":{"type":"Point","coordinates":[-0.146996,51.516626]},"properties":{"site":"Wigmore Street","location":"At Or Outside 15","lamp_column":"26","operator":"Shell Recharge","speed_class":"lccp","speeds":"5.5kW","bays":1,"bay_types":"LCCP","dedicated":false,"status":"installed","ward":"West End","cp_ids":"807219"}},{"type":"Feature","id":2384,"geometry":{"type":"Point","coordinates":[-0.152957,51.515588]},"properties":{"site":"Wigmore Street","location":"Opposite 114","lamp_column":"7","operator":"Shell Recharge","speed_class":"lccp","speeds":"5.5kW","bays":1,"bay_types":"LCCP","dedicated":false,"status":"installed","ward":"West End","cp_ids":"801900"}},{"type":"Feature","id":2385,"geometry":{"type":"Point","coordinates":[-0.15373,51.515461]},"properties":{"site":"Wigmore Street","location":"Opposite 134","lamp_column":"3","operator":"Shell Recharge","speed_class":"lccp","speeds":"5.5kW","bays":1,"bay_types":"LCCP","dedicated":false,"status":"installed","ward":"West End","cp_ids":"807475"}},{"type":"Feature","id":2386,"geometry":{"type":"Point","coordinates":[-0.153375,51.51566]},"properties":{"site":"Wigmore Street","location":"Outside 126","lamp_column":"5","operator":"Shell Recharge","speed_class":"lccp","speeds":"5.5kW","bays":1,"bay_types":"LCCP","dedicated":false,"status":"installed","ward":"Marylebone","cp_ids":"807210"}},{"type":"Feature","id":2387,"geometry":{"type":"Point","coordinates":[-0.124678,51.509527]},"properties":{"site":"William Iv Street","location":"Opposite 430","lamp_column":"5","operator":"Shell Recharge","speed_class":"lccp","speeds":"5.5kW","bays":1,"bay_types":"LCCP","dedicated":false,"status":"installed","ward":"St James's","cp_ids":"809534"}},{"type":"Feature","id":2388,"geometry":{"type":"Point","coordinates":[-0.138503,51.493602]},"properties":{"site":"Willow Place","location":"At Or Outside 31 Willow Court","lamp_column":"5","operator":"Shell Recharge","speed_class":"lccp","speeds":"5.5kW","bays":1,"bay_types":"LCCP","dedicated":false,"status":"installed","ward":"Vincent Square","cp_ids":"801141"}},{"type":"Feature","id":2389,"geometry":{"type":"Point","coordinates":[-0.138557,51.493829]},"properties":{"site":"Willow Place","location":"Opposite Peabody Flats","lamp_column":"4","operator":"Shell Recharge","speed_class":"lccp","speeds":"5.5kW","bays":1,"bay_types":"LCCP","dedicated":false,"status":"installed","ward":"Vincent Square","cp_ids":"801142"}},{"type":"Feature","id":2390,"geometry":{"type":"Point","coordinates":[-0.156234,51.500406]},"properties":{"site":"Wilton Crescent","location":"At Or Outside 12","lamp_column":"5","operator":"Shell Recharge","speed_class":"lccp","speeds":"5.5kW","bays":1,"bay_types":"LCCP - Dedicated","dedicated":true,"status":"installed","ward":"Knightsbridge & Belgravia","cp_ids":"606838"}},{"type":"Feature","id":2391,"geometry":{"type":"Point","coordinates":[-0.154985,51.500943]},"properties":{"site":"Wilton Crescent","location":"At Or Outside 24","lamp_column":"11","operator":"Shell Recharge","speed_class":"lccp","speeds":"5.5kW","bays":1,"bay_types":"LCCP","dedicated":false,"status":"installed","ward":"Knightsbridge & Belgravia","cp_ids":null}},{"type":"Feature","id":2392,"geometry":{"type":"Point","coordinates":[-0.15448,51.500816]},"properties":{"site":"Wilton Crescent","location":"At Or Outside 30","lamp_column":"13","operator":"Shell Recharge","speed_class":"lccp","speeds":"5.5kW","bays":1,"bay_types":"LCCP - Dedicated","dedicated":true,"status":"installed","ward":"Knightsbridge & Belgravia","cp_ids":"606819"}},{"type":"Feature","id":2393,"geometry":{"type":"Point","coordinates":[-0.154472,51.500682]},"properties":{"site":"Wilton Crescent","location":"Opposite 31","lamp_column":"14","operator":"Shell Recharge","speed_class":"lccp","speeds":"5.5kW","bays":1,"bay_types":"LCCP","dedicated":false,"status":"installed","ward":"Knightsbridge & Belgravia","cp_ids":"806781"}},{"type":"Feature","id":2394,"geometry":{"type":"Point","coordinates":[-0.156307,51.501194]},"properties":{"site":"Wilton Place","location":"At Or Outside 19","lamp_column":"5","operator":"Shell Recharge","speed_class":"lccp","speeds":"5.5kW","bays":1,"bay_types":"LCCP","dedicated":false,"status":"installed","ward":"Knightsbridge & Belgravia","cp_ids":null}},{"type":"Feature","id":2395,"geometry":{"type":"Point","coordinates":[-0.15626,51.501474]},"properties":{"site":"Wilton Place","location":"Opposite 14","lamp_column":"4","operator":"Shell Recharge","speed_class":"lccp","speeds":"5.5kW","bays":1,"bay_types":"LCCP","dedicated":false,"status":"installed","ward":"Knightsbridge & Belgravia","cp_ids":null}},{"type":"Feature","id":2396,"geometry":{"type":"Point","coordinates":[-0.156353,51.501707]},"properties":{"site":"Wilton Place","location":"Opposite 8/9","lamp_column":"3","operator":"Shell Recharge","speed_class":"lccp","speeds":"5.5kW","bays":1,"bay_types":"LCCP","dedicated":false,"status":"installed","ward":"Knightsbridge & Belgravia","cp_ids":null}},{"type":"Feature","id":2397,"geometry":{"type":"Point","coordinates":[-0.141368,51.493341]},"properties":{"site":"Wilton Road","location":"Outside 107/108 Wilton Rd, Sw1v 1de  (Opposite 56 Wilton Road)","lamp_column":null,"operator":"TotalEnergies","speed_class":"fast","speeds":"22kW","bays":2,"bay_types":"EV Bay","dedicated":true,"status":"installed","ward":"Pimlico North","cp_ids":null}},{"type":"Feature","id":2398,"geometry":{"type":"Point","coordinates":[-0.148517,51.498945]},"properties":{"site":"Wilton Street","location":"Side Of 33 Grosvenor Place","lamp_column":null,"operator":"TotalEnergies","speed_class":"fast","speeds":"22kW","bays":2,"bay_types":"EV Bay","dedicated":true,"status":"installed","ward":"Knightsbridge & Belgravia","cp_ids":null}},{"type":"Feature","id":2399,"geometry":{"type":"Point","coordinates":[-0.148267,51.518015]},"properties":{"site":"Wimpole Street","location":"At Or Outside 17","lamp_column":"8","operator":"Shell Recharge","speed_class":"lccp","speeds":"5.5kW","bays":1,"bay_types":"LCCP","dedicated":false,"status":"installed","ward":"Marylebone","cp_ids":"807541"}},{"type":"Feature","id":2400,"geometry":{"type":"Point","coordinates":[-0.148547,51.518947]},"properties":{"site":"Wimpole Street","location":"At Or Outside 29","lamp_column":"5","operator":"Shell Recharge","speed_class":"lccp","speeds":"5.5kW","bays":1,"bay_types":"LCCP","dedicated":false,"status":"installed","ward":"Marylebone","cp_ids":"807546"}},{"type":"Feature","id":2401,"geometry":{"type":"Point","coordinates":[-0.148817,51.519222]},"properties":{"site":"Wimpole Street","location":"At Or Outside 57a","lamp_column":"4","operator":"Shell Recharge","speed_class":"lccp","speeds":"5.5kW","bays":1,"bay_types":"LCCP","dedicated":false,"status":"installed","ward":"Marylebone","cp_ids":"801768"}},{"type":"Feature","id":2402,"geometry":{"type":"Point","coordinates":[-0.147704,51.517084]},"properties":{"site":"Wimpole Street","location":"At Or Outside 7-8","lamp_column":"11","operator":"Shell Recharge","speed_class":"lccp","speeds":"5.5kW","bays":1,"bay_types":"LCCP","dedicated":false,"status":"installed","ward":"Marylebone","cp_ids":"807524"}},{"type":"Feature","id":2403,"geometry":{"type":"Point","coordinates":[-0.147978,51.517388]},"properties":{"site":"Wimpole Street","location":"Opposite 11-12","lamp_column":"10","operator":"Shell Recharge","speed_class":"lccp","speeds":"5.5kW","bays":1,"bay_types":"LCCP","dedicated":false,"status":"installed","ward":"Marylebone","cp_ids":"807540"}},{"type":"Feature","id":2404,"geometry":{"type":"Point","coordinates":[-0.149107,51.519863]},"properties":{"site":"Wimpole Street","location":"Opposite 39","lamp_column":"2","operator":"Shell Recharge","speed_class":"lccp","speeds":"5.5kW","bays":1,"bay_types":"LCCP","dedicated":false,"status":"installed","ward":"Marylebone","cp_ids":"805207"}},{"type":"Feature","id":2405,"geometry":{"type":"Point","coordinates":[-0.148283,51.518334]},"properties":{"site":"Wimpole Street","location":"Opposite 66-67","lamp_column":"7","operator":"Shell Recharge","speed_class":"lccp","speeds":"5.5kW","bays":1,"bay_types":"LCCP","dedicated":false,"status":"installed","ward":"Marylebone","cp_ids":"807543"}},{"type":"Feature","id":2406,"geometry":{"type":"Point","coordinates":[-0.144195,51.489086]},"properties":{"site":"Winchester Street","location":"At Or Outside 38","lamp_column":"8","operator":"Shell Recharge","speed_class":"lccp","speeds":"5.5kW","bays":1,"bay_types":"LCCP - Dedicated","dedicated":true,"status":"installed","ward":"Pimlico South","cp_ids":"602167"}},{"type":"Feature","id":2407,"geometry":{"type":"Point","coordinates":[-0.1448,51.489487]},"properties":{"site":"Winchester Street","location":"At Or Outside 67","lamp_column":"6","operator":"Shell Recharge","speed_class":"lccp","speeds":"5.5kW","bays":1,"bay_types":"LCCP - Dedicated","dedicated":true,"status":"installed","ward":"Pimlico North","cp_ids":"602166"}},{"type":"Feature","id":2408,"geometry":{"type":"Point","coordinates":[-0.143501,51.488758]},"properties":{"site":"Winchester Street","location":"Opposite 43","lamp_column":"9","operator":"Shell Recharge","speed_class":"lccp","speeds":"5.5kW","bays":1,"bay_types":"LCCP - Dedicated","dedicated":true,"status":"installed","ward":"Pimlico South","cp_ids":"602168"}},{"type":"Feature","id":2409,"geometry":{"type":"Point","coordinates":[-0.145273,51.489591]},"properties":{"site":"Winchester Street","location":"Outside 68","lamp_column":"5","operator":"Shell Recharge","speed_class":"lccp","speeds":"5.5kW","bays":1,"bay_types":"LCCP","dedicated":false,"status":"installed","ward":"Pimlico South","cp_ids":"801343"}},{"type":"Feature","id":2410,"geometry":{"type":"Point","coordinates":[-0.190332,51.521747]},"properties":{"site":"Woodchester Square","location":"At Or Outside 9 Dartington House","lamp_column":"9","operator":"Shell Recharge","speed_class":"lccp","speeds":"5.5kW","bays":1,"bay_types":"LCCP","dedicated":false,"status":"installed","ward":"Westbourne","cp_ids":"806944"}},{"type":"Feature","id":2411,"geometry":{"type":"Point","coordinates":[-0.191041,51.522208]},"properties":{"site":"Woodchester Square","location":"At Or Outside Prince Thorpe House","lamp_column":"6","operator":"Shell Recharge","speed_class":"lccp","speeds":"5.5kW","bays":1,"bay_types":"LCCP","dedicated":false,"status":"installed","ward":"Westbourne","cp_ids":"805101"}},{"type":"Feature","id":2412,"geometry":{"type":"Point","coordinates":[-0.19179,51.521631]},"properties":{"site":"Woodchester Square","location":"Opposite Forester Court","lamp_column":"1","operator":"Shell Recharge","speed_class":"lccp","speeds":"5.5kW","bays":1,"bay_types":"LCCP","dedicated":false,"status":"installed","ward":"Westbourne","cp_ids":"806943"}},{"type":"Feature","id":2413,"geometry":{"type":"Point","coordinates":[-0.191643,51.522038]},"properties":{"site":"Woodchester Square","location":"Rear Of Forester Court","lamp_column":"4","operator":"Shell Recharge","speed_class":"lccp","speeds":"5.5kW","bays":1,"bay_types":"LCCP - Dedicated","dedicated":true,"status":"installed","ward":"Westbourne","cp_ids":"605444"}},{"type":"Feature","id":2414,"geometry":{"type":"Point","coordinates":[-0.200927,51.523306]},"properties":{"site":"Woodfield Place","location":"Opposite 30","lamp_column":"2","operator":"Shell Recharge","speed_class":"lccp","speeds":"5.5kW","bays":1,"bay_types":"LCCP","dedicated":false,"status":"installed","ward":"Westbourne","cp_ids":"806942"}},{"type":"Feature","id":2415,"geometry":{"type":"Point","coordinates":[-0.199221,51.522905]},"properties":{"site":"Woodfield Road","location":"At Or Outside 10","lamp_column":"6","operator":"Shell Recharge","speed_class":"lccp","speeds":"5.5kW","bays":1,"bay_types":"LCCP","dedicated":false,"status":"installed","ward":"Westbourne","cp_ids":"805092"}},{"type":"Feature","id":2416,"geometry":{"type":"Point","coordinates":[-0.200243,51.522957]},"properties":{"site":"Woodfield Road","location":"Opposite 19","lamp_column":"9","operator":"Shell Recharge","speed_class":"lccp","speeds":"5.5kW","bays":1,"bay_types":"LCCP - Dedicated","dedicated":true,"status":"installed","ward":"Westbourne","cp_ids":"606639"}},{"type":"Feature","id":2417,"geometry":{"type":"Point","coordinates":[-0.198928,51.523108]},"properties":{"site":"Woodfield Road","location":"Opposite 3","lamp_column":"3","operator":"Shell Recharge","speed_class":"lccp","speeds":"5.5kW","bays":1,"bay_types":"LCCP","dedicated":false,"status":"installed","ward":"Westbourne","cp_ids":"806949"}},{"type":"Feature","id":2418,"geometry":{"type":"Point","coordinates":[-0.168739,51.536537]},"properties":{"site":"Woronzow Road","location":"At Or Outside 20","lamp_column":"11","operator":"Shell Recharge","speed_class":"lccp","speeds":"5.5kW","bays":1,"bay_types":"LCCP","dedicated":false,"status":"installed","ward":"Regent's Park","cp_ids":"805208"}},{"type":"Feature","id":2419,"geometry":{"type":"Point","coordinates":[-0.168968,51.536694]},"properties":{"site":"Woronzow Road","location":"At Or Outside 30","lamp_column":"10","operator":"Shell Recharge","speed_class":"lccp","speeds":"5.5kW","bays":1,"bay_types":"LCCP","dedicated":false,"status":"installed","ward":"Regent's Park","cp_ids":"805264"}},{"type":"Feature","id":2420,"geometry":{"type":"Point","coordinates":[-0.171778,51.538367]},"properties":{"site":"Woronzow Road","location":"At Or Outside 34 Queens Grove","lamp_column":"1","operator":"Shell Recharge","speed_class":"lccp","speeds":"5.5kW","bays":1,"bay_types":"LCCP","dedicated":false,"status":"installed","ward":"Regent's Park","cp_ids":"805265"}},{"type":"Feature","id":2421,"geometry":{"type":"Point","coordinates":[-0.171458,51.538061]},"properties":{"site":"Woronzow Road","location":"At Or Outside 4a","lamp_column":"2","operator":"Shell Recharge","speed_class":"lccp","speeds":"5.5kW","bays":1,"bay_types":"LCCP","dedicated":false,"status":"installed","ward":"Regent's Park","cp_ids":"805257"}},{"type":"Feature","id":2422,"geometry":{"type":"Point","coordinates":[-0.167996,51.53582]},"properties":{"site":"Woronzow Road","location":"At Or Outside Alm Houses Estate","lamp_column":"14","operator":"Shell Recharge","speed_class":"lccp","speeds":"5.5kW","bays":1,"bay_types":"LCCP","dedicated":false,"status":"installed","ward":"Regent's Park","cp_ids":"805255"}},{"type":"Feature","id":2423,"geometry":{"type":"Point","coordinates":[-0.170016,51.537307]},"properties":{"site":"Woronzow Road","location":"Opposite 17","lamp_column":"6","operator":"Shell Recharge","speed_class":"lccp","speeds":"5.5kW","bays":1,"bay_types":"LCCP","dedicated":false,"status":"installed","ward":"Regent's Park","cp_ids":"805254"}},{"type":"Feature","id":2424,"geometry":{"type":"Point","coordinates":[-0.169358,51.536924]},"properties":{"site":"Woronzow Road","location":"Opposite 25 Acacia Rd","lamp_column":"8","operator":"Shell Recharge","speed_class":"lccp","speeds":"5.5kW","bays":1,"bay_types":"LCCP","dedicated":false,"status":"installed","ward":"Regent's Park","cp_ids":"808086"}},{"type":"Feature","id":2425,"geometry":{"type":"Point","coordinates":[-0.171106,51.537853]},"properties":{"site":"Woronzow Road","location":"Opposite 3 Norfolk Rd","lamp_column":"3","operator":"Shell Recharge","speed_class":"lccp","speeds":"5.5kW","bays":1,"bay_types":"LCCP","dedicated":false,"status":"installed","ward":"Regent's Park","cp_ids":"808084"}},{"type":"Feature","id":2426,"geometry":{"type":"Point","coordinates":[-0.170709,51.537716]},"properties":{"site":"Woronzow Road","location":"Side Of Norfolk Rd","lamp_column":"4","operator":"Shell Recharge","speed_class":"lccp","speeds":"5.5kW","bays":1,"bay_types":"LCCP","dedicated":false,"status":"installed","ward":"Regent's Park","cp_ids":"808088"}},{"type":"Feature","id":2427,"geometry":{"type":"Point","coordinates":[-0.19278,51.52784]},"properties":{"site":"Wymering Road","location":"At Or Outside 131-140 Wymering Mansions","lamp_column":"6","operator":"Shell Recharge","speed_class":"lccp","speeds":"5.5kW","bays":1,"bay_types":"LCCP","dedicated":false,"status":"installed","ward":"Maida Vale","cp_ids":"602878"}},{"type":"Feature","id":2428,"geometry":{"type":"Point","coordinates":[-0.192935,51.527954]},"properties":{"site":"Wymering Road","location":"At Or Outside 141-150 Wymering Mansions","lamp_column":"5","operator":"Shell Recharge","speed_class":"lccp","speeds":"5.5kW","bays":1,"bay_types":"LCCP - Dedicated","dedicated":true,"status":"installed","ward":"Maida Vale","cp_ids":"602879"}},{"type":"Feature","id":2429,"geometry":{"type":"Point","coordinates":[-0.193416,51.528296]},"properties":{"site":"Wymering Road","location":"At Or Outside 181-190 Wymering Mansions","lamp_column":"3","operator":"Shell Recharge","speed_class":"lccp","speeds":"5.5kW","bays":1,"bay_types":"LCCP","dedicated":false,"status":"installed","ward":"Maida Vale","cp_ids":"602881"}},{"type":"Feature","id":2430,"geometry":{"type":"Point","coordinates":[-0.193946,51.528543]},"properties":{"site":"Wymering Road","location":"Opposite 209","lamp_column":"1","operator":"Shell Recharge","speed_class":"lccp","speeds":"5.5kW","bays":1,"bay_types":"LCCP - Dedicated","dedicated":true,"status":"installed","ward":"Maida Vale","cp_ids":"602882"}},{"type":"Feature","id":2431,"geometry":{"type":"Point","coordinates":[-0.16148,51.519047]},"properties":{"site":"Wyndham Place","location":"At Or Outside 2","lamp_column":"2","operator":"Shell Recharge","speed_class":"lccp","speeds":"5.5kW","bays":1,"bay_types":"LCCP","dedicated":false,"status":"installed","ward":"Marylebone","cp_ids":"801711"}},{"type":"Feature","id":2432,"geometry":{"type":"Point","coordinates":[-0.16189,51.520303]},"properties":{"site":"Wyndham Street","location":"Opposite Bryanston Mansions","lamp_column":"4","operator":"Shell Recharge","speed_class":"lccp","speeds":"5.5kW","bays":1,"bay_types":"LCCP","dedicated":false,"status":"installed","ward":"Marylebone","cp_ids":"801713"}},{"type":"Feature","id":2433,"geometry":{"type":"Point","coordinates":[-0.158548,51.520582]},"properties":{"site":"York Street","location":"At Or Outside 25","lamp_column":"17","operator":"Shell Recharge","speed_class":"lccp","speeds":"5.5kW","bays":1,"bay_types":"LCCP","dedicated":false,"status":"installed","ward":"Marylebone","cp_ids":"602394"}},{"type":"Feature","id":2434,"geometry":{"type":"Point","coordinates":[-0.159736,51.520454]},"properties":{"site":"York Street","location":"At Or Outside 36","lamp_column":"14","operator":"Shell Recharge","speed_class":"lccp","speeds":"5.5kW","bays":1,"bay_types":"LCCP","dedicated":false,"status":"installed","ward":"Marylebone","cp_ids":"807476"}},{"type":"Feature","id":2435,"geometry":{"type":"Point","coordinates":[-0.160001,51.52032]},"properties":{"site":"York Street","location":"At Or Outside 41","lamp_column":"13","operator":"Shell Recharge","speed_class":"lccp","speeds":"5.5kW","bays":1,"bay_types":"LCCP - Dedicated","dedicated":true,"status":"installed","ward":"Marylebone","cp_ids":"603325"}},{"type":"Feature","id":2436,"geometry":{"type":"Point","coordinates":[-0.160742,51.520184]},"properties":{"site":"York Street","location":"At Or Outside 49","lamp_column":"11","operator":"Shell Recharge","speed_class":"lccp","speeds":"5.5kW","bays":1,"bay_types":"LCCP","dedicated":false,"status":"installed","ward":"Marylebone","cp_ids":"807378"}},{"type":"Feature","id":2437,"geometry":{"type":"Point","coordinates":[-0.161599,51.52012]},"properties":{"site":"York Street","location":"At Or Outside Bryanston Mansions","lamp_column":"9","operator":"Shell Recharge","speed_class":"lccp","speeds":"5.5kW","bays":1,"bay_types":"LCCP - Dedicated","dedicated":true,"status":"installed","ward":"Marylebone","cp_ids":"603323"}},{"type":"Feature","id":2438,"geometry":{"type":"Point","coordinates":[-0.157843,51.520707]},"properties":{"site":"York Street","location":"Opposite 12","lamp_column":"20","operator":"Shell Recharge","speed_class":"lccp","speeds":"5.5kW","bays":1,"bay_types":"LCCP","dedicated":false,"status":"installed","ward":"Marylebone","cp_ids":"801895"}},{"type":"Feature","id":2439,"geometry":{"type":"Point","coordinates":[-0.158246,51.520637]},"properties":{"site":"York Street","location":"Opposite 20","lamp_column":"18","operator":"Shell Recharge","speed_class":"lccp","speeds":"5.5kW","bays":1,"bay_types":"LCCP - Dedicated","dedicated":true,"status":"installed","ward":"Marylebone","cp_ids":"602393"}},{"type":"Feature","id":2440,"geometry":{"type":"Point","coordinates":[-0.161161,51.520106]},"properties":{"site":"York Street","location":"Opposite J/W Knox Street","lamp_column":"10","operator":"Shell Recharge","speed_class":"lccp","speeds":"5.5kW","bays":1,"bay_types":"LCCP","dedicated":false,"status":"installed","ward":"Marylebone","cp_ids":"801893"}},{"type":"Feature","id":2441,"geometry":{"type":"Point","coordinates":[-0.157403,51.520884]},"properties":{"site":"York Street","location":"Outside 4","lamp_column":"21","operator":"Shell Recharge","speed_class":"lccp","speeds":"5.5kW","bays":1,"bay_types":"LCCP - Dedicated","dedicated":true,"status":"installed","ward":"Marylebone","cp_ids":"602395"}},{"type":"Feature","id":2442,"geometry":{"type":"Point","coordinates":[-0.163951,51.519596]},"properties":{"site":"York Street","location":"Outside 95","lamp_column":"1","operator":"Shell Recharge","speed_class":"lccp","speeds":"5.5kW","bays":1,"bay_types":"LCCP","dedicated":false,"status":"installed","ward":"Marylebone","cp_ids":"809520"}},{"type":"Feature","id":2443,"geometry":{"type":"Point","coordinates":[-0.161809,51.519985]},"properties":{"site":"York Street","location":"Outside St Mary's Church Near J/W Wyndham Place","lamp_column":"8","operator":"Shell Recharge","speed_class":"lccp","speeds":"5.5kW","bays":1,"bay_types":"LCCP - Dedicated","dedicated":true,"status":"installed","ward":"Marylebone","cp_ids":"603321"}}]}
